order_item_id,order_id,product_id,quantity,unit_price
ITEM0000101,ORD00001,PROD010,2,479.0
ITEM0000201,ORD00002,PROD008,5,469.0
ITEM0000202,ORD00002,PROD013,2,999.0
ITEM0000203,ORD00002,PROD002,5,549.0
ITEM0000301,ORD00003,PROD004,2,599.0
ITEM0000302,ORD00003,PROD002,4,549.0
ITEM0000303,ORD00003,PROD001,5,499.0
ITEM0000401,ORD00004,PROD012,5,499.0
ITEM0000402,ORD00004,PROD008,3,469.0
ITEM0000403,ORD00004,PROD004,4,599.0
ITEM0000501,ORD00005,PROD008,2,469.0
ITEM0000601,ORD00006,PROD011,1,299.0
ITEM0000602,ORD00006,PROD006,5,449.0
ITEM0000603,ORD00006,PROD012,5,499.0
ITEM0000701,ORD00007,PROD013,5,999.0
ITEM0000702,ORD00007,PROD006,2,449.0
ITEM0000801,ORD00008,PROD013,1,999.0
ITEM0000802,ORD00008,PROD008,3,469.0
ITEM0000901,ORD00009,PROD010,1,479.0
ITEM0000902,ORD00009,PROD002,3,549.0
ITEM0001001,ORD00010,PROD014,3,699.0
ITEM0001002,ORD00010,PROD010,1,479.0
ITEM0001003,ORD00010,PROD002,4,549.0
ITEM0001004,ORD00010,PROD003,4,529.0
ITEM0001101,ORD00011,PROD013,4,999.0
ITEM0001102,ORD00011,PROD003,5,529.0
ITEM0001201,ORD00012,PROD005,2,649.0
ITEM0001202,ORD00012,PROD003,3,529.0
ITEM0001301,ORD00013,PROD014,2,699.0
ITEM0001302,ORD00013,PROD002,5,549.0
ITEM0001303,ORD00013,PROD005,3,649.0
ITEM0001401,ORD00014,PROD009,2,489.0
ITEM0001501,ORD00015,PROD014,1,699.0
ITEM0001502,ORD00015,PROD010,1,479.0
ITEM0001503,ORD00015,PROD001,1,499.0
ITEM0001601,ORD00016,PROD013,4,999.0
ITEM0001602,ORD00016,PROD010,5,479.0
ITEM0001701,ORD00017,PROD011,2,299.0
ITEM0001702,ORD00017,PROD005,4,649.0
ITEM0001703,ORD00017,PROD008,3,469.0
ITEM0001801,ORD00018,PROD008,4,469.0
ITEM0001802,ORD00018,PROD007,4,449.0
ITEM0001901,ORD00019,PROD014,3,699.0
ITEM0001902,ORD00019,PROD012,4,499.0
ITEM0001903,ORD00019,PROD006,2,449.0
ITEM0002001,ORD00020,PROD006,2,449.0
ITEM0002101,ORD00021,PROD003,1,529.0
ITEM0002102,ORD00021,PROD002,3,549.0
ITEM0002201,ORD00022,PROD004,5,599.0
ITEM0002202,ORD00022,PROD014,3,699.0
ITEM0002203,ORD00022,PROD003,2,529.0
ITEM0002204,ORD00022,PROD006,2,449.0
ITEM0002301,ORD00023,PROD008,4,469.0
ITEM0002302,ORD00023,PROD001,5,499.0
ITEM0002303,ORD00023,PROD002,4,549.0
ITEM0002401,ORD00024,PROD001,4,499.0
ITEM0002402,ORD00024,PROD015,5,1499.0
ITEM0002403,ORD00024,PROD005,4,649.0
ITEM0002501,ORD00025,PROD007,2,449.0
ITEM0002601,ORD00026,PROD006,5,449.0
ITEM0002602,ORD00026,PROD001,5,499.0
ITEM0002603,ORD00026,PROD007,2,449.0
ITEM0002604,ORD00026,PROD014,3,699.0
ITEM0002701,ORD00027,PROD013,5,999.0
ITEM0002702,ORD00027,PROD009,1,489.0
ITEM0002703,ORD00027,PROD005,2,649.0
ITEM0002704,ORD00027,PROD010,1,479.0
ITEM0002801,ORD00028,PROD009,2,489.0
ITEM0002802,ORD00028,PROD006,2,449.0
ITEM0002803,ORD00028,PROD013,5,999.0
ITEM0002901,ORD00029,PROD001,2,499.0
ITEM0003001,ORD00030,PROD003,3,529.0
ITEM0003002,ORD00030,PROD010,5,479.0
ITEM0003003,ORD00030,PROD009,3,489.0
ITEM0003004,ORD00030,PROD015,2,1499.0
ITEM0003101,ORD00031,PROD010,5,479.0
ITEM0003102,ORD00031,PROD006,5,449.0
ITEM0003103,ORD00031,PROD009,4,489.0
ITEM0003201,ORD00032,PROD006,3,449.0
ITEM0003301,ORD00033,PROD013,1,999.0
ITEM0003302,ORD00033,PROD012,5,499.0
ITEM0003303,ORD00033,PROD014,4,699.0
ITEM0003401,ORD00034,PROD010,4,479.0
ITEM0003501,ORD00035,PROD003,1,529.0
ITEM0003502,ORD00035,PROD014,5,699.0
ITEM0003503,ORD00035,PROD011,1,299.0
ITEM0003504,ORD00035,PROD004,2,599.0
ITEM0003601,ORD00036,PROD007,2,449.0
ITEM0003602,ORD00036,PROD012,4,499.0
ITEM0003701,ORD00037,PROD012,2,499.0
ITEM0003801,ORD00038,PROD009,4,489.0
ITEM0003802,ORD00038,PROD007,5,449.0
ITEM0003803,ORD00038,PROD006,3,449.0
ITEM0003804,ORD00038,PROD003,5,529.0
ITEM0003901,ORD00039,PROD004,5,599.0
ITEM0003902,ORD00039,PROD005,3,649.0
ITEM0004001,ORD00040,PROD012,4,499.0
ITEM0004002,ORD00040,PROD015,3,1499.0
ITEM0004101,ORD00041,PROD005,5,649.0
ITEM0004102,ORD00041,PROD002,4,549.0
ITEM0004103,ORD00041,PROD010,4,479.0
ITEM0004201,ORD00042,PROD005,3,649.0
ITEM0004202,ORD00042,PROD001,1,499.0
ITEM0004301,ORD00043,PROD004,5,599.0
ITEM0004302,ORD00043,PROD015,3,1499.0
ITEM0004303,ORD00043,PROD009,2,489.0
ITEM0004304,ORD00043,PROD005,1,649.0
ITEM0004401,ORD00044,PROD011,5,299.0
ITEM0004501,ORD00045,PROD006,2,449.0
ITEM0004502,ORD00045,PROD012,1,499.0
ITEM0004503,ORD00045,PROD008,5,469.0
ITEM0004504,ORD00045,PROD002,2,549.0
ITEM0004601,ORD00046,PROD013,3,999.0
ITEM0004602,ORD00046,PROD005,3,649.0
ITEM0004701,ORD00047,PROD011,5,299.0
ITEM0004801,ORD00048,PROD015,2,1499.0
ITEM0004901,ORD00049,PROD014,4,699.0
ITEM0005001,ORD00050,PROD015,3,1499.0
ITEM0005002,ORD00050,PROD001,5,499.0
ITEM0005003,ORD00050,PROD014,5,699.0
ITEM0005101,ORD00051,PROD015,3,1499.0
ITEM0005102,ORD00051,PROD003,2,529.0
ITEM0005103,ORD00051,PROD009,1,489.0
ITEM0005104,ORD00051,PROD008,3,469.0
ITEM0005201,ORD00052,PROD001,3,499.0
ITEM0005202,ORD00052,PROD012,3,499.0
ITEM0005301,ORD00053,PROD014,1,699.0
ITEM0005302,ORD00053,PROD007,4,449.0
ITEM0005303,ORD00053,PROD009,1,489.0
ITEM0005304,ORD00053,PROD006,2,449.0
ITEM0005401,ORD00054,PROD001,4,499.0
ITEM0005402,ORD00054,PROD005,2,649.0
ITEM0005501,ORD00055,PROD010,1,479.0
ITEM0005502,ORD00055,PROD012,3,499.0
ITEM0005503,ORD00055,PROD015,3,1499.0
ITEM0005601,ORD00056,PROD008,3,469.0
ITEM0005701,ORD00057,PROD012,3,499.0
ITEM0005702,ORD00057,PROD002,3,549.0
ITEM0005703,ORD00057,PROD011,5,299.0
ITEM0005801,ORD00058,PROD003,3,529.0
ITEM0005802,ORD00058,PROD008,4,469.0
ITEM0005803,ORD00058,PROD012,5,499.0
ITEM0005804,ORD00058,PROD010,4,479.0
ITEM0005901,ORD00059,PROD013,5,999.0
ITEM0005902,ORD00059,PROD004,1,599.0
ITEM0006001,ORD00060,PROD002,1,549.0
ITEM0006002,ORD00060,PROD010,5,479.0
ITEM0006003,ORD00060,PROD015,5,1499.0
ITEM0006101,ORD00061,PROD006,5,449.0
ITEM0006102,ORD00061,PROD014,4,699.0
ITEM0006201,ORD00062,PROD002,4,549.0
ITEM0006202,ORD00062,PROD009,2,489.0
ITEM0006203,ORD00062,PROD008,5,469.0
ITEM0006204,ORD00062,PROD001,4,499.0
ITEM0006301,ORD00063,PROD011,1,299.0
ITEM0006302,ORD00063,PROD013,4,999.0
ITEM0006303,ORD00063,PROD005,3,649.0
ITEM0006304,ORD00063,PROD012,1,499.0
ITEM0006401,ORD00064,PROD007,3,449.0
ITEM0006501,ORD00065,PROD015,1,1499.0
ITEM0006601,ORD00066,PROD003,4,529.0
ITEM0006602,ORD00066,PROD013,3,999.0
ITEM0006603,ORD00066,PROD015,4,1499.0
ITEM0006604,ORD00066,PROD011,4,299.0
ITEM0006701,ORD00067,PROD011,3,299.0
ITEM0006702,ORD00067,PROD014,1,699.0
ITEM0006801,ORD00068,PROD012,1,499.0
ITEM0006802,ORD00068,PROD004,1,599.0
ITEM0006901,ORD00069,PROD009,4,489.0
ITEM0006902,ORD00069,PROD007,3,449.0
ITEM0006903,ORD00069,PROD004,2,599.0
ITEM0006904,ORD00069,PROD013,3,999.0
ITEM0007001,ORD00070,PROD010,2,479.0
ITEM0007002,ORD00070,PROD013,1,999.0
ITEM0007003,ORD00070,PROD001,1,499.0
ITEM0007004,ORD00070,PROD004,5,599.0
ITEM0007101,ORD00071,PROD004,1,599.0
ITEM0007201,ORD00072,PROD013,1,999.0
ITEM0007202,ORD00072,PROD014,2,699.0
ITEM0007301,ORD00073,PROD010,3,479.0
ITEM0007302,ORD00073,PROD015,2,1499.0
ITEM0007303,ORD00073,PROD013,3,999.0
ITEM0007401,ORD00074,PROD007,3,449.0
ITEM0007402,ORD00074,PROD005,1,649.0
ITEM0007501,ORD00075,PROD011,4,299.0
ITEM0007502,ORD00075,PROD015,5,1499.0
ITEM0007601,ORD00076,PROD013,4,999.0
ITEM0007602,ORD00076,PROD009,4,489.0
ITEM0007603,ORD00076,PROD006,2,449.0
ITEM0007604,ORD00076,PROD012,3,499.0
ITEM0007701,ORD00077,PROD004,2,599.0
ITEM0007702,ORD00077,PROD014,4,699.0
ITEM0007703,ORD00077,PROD015,1,1499.0
ITEM0007704,ORD00077,PROD005,5,649.0
ITEM0007801,ORD00078,PROD007,3,449.0
ITEM0007802,ORD00078,PROD004,2,599.0
ITEM0007901,ORD00079,PROD002,2,549.0
ITEM0007902,ORD00079,PROD009,1,489.0
ITEM0007903,ORD00079,PROD012,3,499.0
ITEM0008001,ORD00080,PROD004,5,599.0
ITEM0008101,ORD00081,PROD014,3,699.0
ITEM0008102,ORD00081,PROD006,1,449.0
ITEM0008201,ORD00082,PROD012,4,499.0
ITEM0008301,ORD00083,PROD007,5,449.0
ITEM0008302,ORD00083,PROD004,3,599.0
ITEM0008401,ORD00084,PROD005,5,649.0
ITEM0008402,ORD00084,PROD015,4,1499.0
ITEM0008403,ORD00084,PROD006,4,449.0
ITEM0008501,ORD00085,PROD015,3,1499.0
ITEM0008502,ORD00085,PROD004,4,599.0
ITEM0008503,ORD00085,PROD006,1,449.0
ITEM0008601,ORD00086,PROD005,5,649.0
ITEM0008701,ORD00087,PROD005,2,649.0
ITEM0008702,ORD00087,PROD003,4,529.0
ITEM0008703,ORD00087,PROD004,5,599.0
ITEM0008704,ORD00087,PROD006,2,449.0
ITEM0008801,ORD00088,PROD005,4,649.0
ITEM0008802,ORD00088,PROD013,4,999.0
ITEM0008803,ORD00088,PROD008,2,469.0
ITEM0008901,ORD00089,PROD003,5,529.0
ITEM0008902,ORD00089,PROD009,1,489.0
ITEM0008903,ORD00089,PROD011,1,299.0
ITEM0008904,ORD00089,PROD001,1,499.0
ITEM0009001,ORD00090,PROD002,2,549.0
ITEM0009002,ORD00090,PROD012,1,499.0
ITEM0009101,ORD00091,PROD010,5,479.0
ITEM0009201,ORD00092,PROD001,5,499.0
ITEM0009301,ORD00093,PROD009,5,489.0
ITEM0009302,ORD00093,PROD005,4,649.0
ITEM0009303,ORD00093,PROD001,2,499.0
ITEM0009401,ORD00094,PROD004,5,599.0
ITEM0009402,ORD00094,PROD010,3,479.0
ITEM0009501,ORD00095,PROD002,5,549.0
ITEM0009502,ORD00095,PROD006,2,449.0
ITEM0009503,ORD00095,PROD007,2,449.0
ITEM0009504,ORD00095,PROD008,3,469.0
ITEM0009601,ORD00096,PROD002,4,549.0
ITEM0009701,ORD00097,PROD011,1,299.0
ITEM0009801,ORD00098,PROD011,1,299.0
ITEM0009802,ORD00098,PROD013,5,999.0
ITEM0009803,ORD00098,PROD006,1,449.0
ITEM0009804,ORD00098,PROD010,2,479.0
ITEM0009901,ORD00099,PROD015,1,1499.0
ITEM0010001,ORD00100,PROD003,3,529.0
ITEM0010101,ORD00101,PROD015,5,1499.0
ITEM0010102,ORD00101,PROD002,2,549.0
ITEM0010103,ORD00101,PROD005,5,649.0
ITEM0010104,ORD00101,PROD003,4,529.0
ITEM0010201,ORD00102,PROD013,1,999.0
ITEM0010202,ORD00102,PROD012,5,499.0
ITEM0010301,ORD00103,PROD004,5,599.0
ITEM0010302,ORD00103,PROD014,5,699.0
ITEM0010303,ORD00103,PROD002,5,549.0
ITEM0010304,ORD00103,PROD006,4,449.0
ITEM0010401,ORD00104,PROD013,2,999.0
ITEM0010402,ORD00104,PROD008,3,469.0
ITEM0010403,ORD00104,PROD014,5,699.0
ITEM0010501,ORD00105,PROD002,2,549.0
ITEM0010502,ORD00105,PROD013,1,999.0
ITEM0010503,ORD00105,PROD010,1,479.0
ITEM0010504,ORD00105,PROD005,3,649.0
ITEM0010601,ORD00106,PROD012,3,499.0
ITEM0010602,ORD00106,PROD007,3,449.0
ITEM0010701,ORD00107,PROD008,3,469.0
ITEM0010702,ORD00107,PROD006,1,449.0
ITEM0010703,ORD00107,PROD013,2,999.0
ITEM0010801,ORD00108,PROD002,5,549.0
ITEM0010802,ORD00108,PROD001,1,499.0
ITEM0010803,ORD00108,PROD015,5,1499.0
ITEM0010804,ORD00108,PROD006,5,449.0
ITEM0010901,ORD00109,PROD005,4,649.0
ITEM0011001,ORD00110,PROD010,2,479.0
ITEM0011002,ORD00110,PROD009,4,489.0
ITEM0011101,ORD00111,PROD008,2,469.0
ITEM0011102,ORD00111,PROD003,4,529.0
ITEM0011103,ORD00111,PROD002,3,549.0
ITEM0011201,ORD00112,PROD006,3,449.0
ITEM0011301,ORD00113,PROD010,1,479.0
ITEM0011302,ORD00113,PROD015,2,1499.0
ITEM0011303,ORD00113,PROD004,3,599.0
ITEM0011304,ORD00113,PROD008,1,469.0
ITEM0011401,ORD00114,PROD013,3,999.0
ITEM0011402,ORD00114,PROD014,4,699.0
ITEM0011403,ORD00114,PROD006,5,449.0
ITEM0011404,ORD00114,PROD008,2,469.0
ITEM0011501,ORD00115,PROD008,2,469.0
ITEM0011502,ORD00115,PROD006,4,449.0
ITEM0011601,ORD00116,PROD010,4,479.0
ITEM0011602,ORD00116,PROD013,3,999.0
ITEM0011603,ORD00116,PROD004,4,599.0
ITEM0011604,ORD00116,PROD006,3,449.0
ITEM0011701,ORD00117,PROD011,5,299.0
ITEM0011702,ORD00117,PROD013,1,999.0
ITEM0011801,ORD00118,PROD008,3,469.0
ITEM0011802,ORD00118,PROD013,1,999.0
ITEM0011901,ORD00119,PROD011,2,299.0
ITEM0011902,ORD00119,PROD005,3,649.0
ITEM0012001,ORD00120,PROD002,5,549.0
ITEM0012002,ORD00120,PROD008,4,469.0
ITEM0012003,ORD00120,PROD010,5,479.0
ITEM0012004,ORD00120,PROD014,5,699.0
ITEM0012101,ORD00121,PROD012,5,499.0
ITEM0012102,ORD00121,PROD013,1,999.0
ITEM0012103,ORD00121,PROD009,1,489.0
ITEM0012201,ORD00122,PROD003,1,529.0
ITEM0012202,ORD00122,PROD011,5,299.0
ITEM0012203,ORD00122,PROD010,4,479.0
ITEM0012301,ORD00123,PROD002,2,549.0
ITEM0012302,ORD00123,PROD001,5,499.0
ITEM0012303,ORD00123,PROD015,5,1499.0
ITEM0012304,ORD00123,PROD005,5,649.0
ITEM0012401,ORD00124,PROD007,5,449.0
ITEM0012402,ORD00124,PROD008,5,469.0
ITEM0012403,ORD00124,PROD013,2,999.0
ITEM0012501,ORD00125,PROD007,2,449.0
ITEM0012502,ORD00125,PROD002,3,549.0
ITEM0012503,ORD00125,PROD014,3,699.0
ITEM0012601,ORD00126,PROD006,4,449.0
ITEM0012602,ORD00126,PROD008,3,469.0
ITEM0012603,ORD00126,PROD002,1,549.0
ITEM0012604,ORD00126,PROD014,3,699.0
ITEM0012701,ORD00127,PROD011,2,299.0
ITEM0012702,ORD00127,PROD002,2,549.0
ITEM0012703,ORD00127,PROD015,5,1499.0
ITEM0012801,ORD00128,PROD008,2,469.0
ITEM0012802,ORD00128,PROD004,2,599.0
ITEM0012803,ORD00128,PROD013,4,999.0
ITEM0012804,ORD00128,PROD007,4,449.0
ITEM0012901,ORD00129,PROD010,2,479.0
ITEM0012902,ORD00129,PROD007,2,449.0
ITEM0012903,ORD00129,PROD014,3,699.0
ITEM0012904,ORD00129,PROD001,1,499.0
ITEM0013001,ORD00130,PROD006,2,449.0
ITEM0013002,ORD00130,PROD015,4,1499.0
ITEM0013101,ORD00131,PROD009,4,489.0
ITEM0013102,ORD00131,PROD011,5,299.0
ITEM0013103,ORD00131,PROD006,4,449.0
ITEM0013104,ORD00131,PROD010,5,479.0
ITEM0013201,ORD00132,PROD010,3,479.0
ITEM0013202,ORD00132,PROD003,5,529.0
ITEM0013203,ORD00132,PROD011,5,299.0
ITEM0013204,ORD00132,PROD012,1,499.0
ITEM0013301,ORD00133,PROD005,2,649.0
ITEM0013302,ORD00133,PROD002,3,549.0
ITEM0013401,ORD00134,PROD010,4,479.0
ITEM0013402,ORD00134,PROD003,2,529.0
ITEM0013403,ORD00134,PROD015,4,1499.0
ITEM0013404,ORD00134,PROD007,5,449.0
ITEM0013501,ORD00135,PROD005,4,649.0
ITEM0013502,ORD00135,PROD003,5,529.0
ITEM0013503,ORD00135,PROD014,1,699.0
ITEM0013504,ORD00135,PROD006,3,449.0
ITEM0013601,ORD00136,PROD014,5,699.0
ITEM0013602,ORD00136,PROD007,5,449.0
ITEM0013701,ORD00137,PROD007,2,449.0
ITEM0013702,ORD00137,PROD012,1,499.0
ITEM0013703,ORD00137,PROD008,5,469.0
ITEM0013704,ORD00137,PROD013,1,999.0
ITEM0013801,ORD00138,PROD004,2,599.0
ITEM0013802,ORD00138,PROD009,4,489.0
ITEM0013803,ORD00138,PROD005,5,649.0
ITEM0013901,ORD00139,PROD010,1,479.0
ITEM0014001,ORD00140,PROD009,1,489.0
ITEM0014002,ORD00140,PROD014,4,699.0
ITEM0014003,ORD00140,PROD013,5,999.0
ITEM0014101,ORD00141,PROD005,1,649.0
ITEM0014102,ORD00141,PROD014,4,699.0
ITEM0014201,ORD00142,PROD008,1,469.0
ITEM0014301,ORD00143,PROD014,4,699.0
ITEM0014302,ORD00143,PROD012,2,499.0
ITEM0014303,ORD00143,PROD010,5,479.0
ITEM0014401,ORD00144,PROD010,3,479.0
ITEM0014501,ORD00145,PROD006,3,449.0
ITEM0014502,ORD00145,PROD012,3,499.0
ITEM0014601,ORD00146,PROD003,4,529.0
ITEM0014701,ORD00147,PROD012,2,499.0
ITEM0014702,ORD00147,PROD014,2,699.0
ITEM0014801,ORD00148,PROD008,3,469.0
ITEM0014802,ORD00148,PROD003,4,529.0
ITEM0014803,ORD00148,PROD010,4,479.0
ITEM0014804,ORD00148,PROD011,4,299.0
ITEM0014901,ORD00149,PROD012,4,499.0
ITEM0014902,ORD00149,PROD006,3,449.0
ITEM0014903,ORD00149,PROD008,5,469.0
ITEM0015001,ORD00150,PROD011,1,299.0
ITEM0015002,ORD00150,PROD015,5,1499.0
ITEM0015003,ORD00150,PROD012,4,499.0
ITEM0015004,ORD00150,PROD006,2,449.0
ITEM0015101,ORD00151,PROD005,5,649.0
ITEM0015102,ORD00151,PROD006,5,449.0
ITEM0015103,ORD00151,PROD015,2,1499.0
ITEM0015104,ORD00151,PROD014,5,699.0
ITEM0015201,ORD00152,PROD001,1,499.0
ITEM0015301,ORD00153,PROD008,1,469.0
ITEM0015302,ORD00153,PROD015,4,1499.0
ITEM0015401,ORD00154,PROD003,1,529.0
ITEM0015402,ORD00154,PROD014,3,699.0
ITEM0015403,ORD00154,PROD005,3,649.0
ITEM0015501,ORD00155,PROD001,3,499.0
ITEM0015502,ORD00155,PROD007,2,449.0
ITEM0015601,ORD00156,PROD004,4,599.0
ITEM0015701,ORD00157,PROD001,1,499.0
ITEM0015702,ORD00157,PROD015,4,1499.0
ITEM0015703,ORD00157,PROD012,2,499.0
ITEM0015704,ORD00157,PROD006,4,449.0
ITEM0015801,ORD00158,PROD002,3,549.0
ITEM0015901,ORD00159,PROD011,2,299.0
ITEM0015902,ORD00159,PROD015,1,1499.0
ITEM0016001,ORD00160,PROD008,2,469.0
ITEM0016002,ORD00160,PROD006,2,449.0
ITEM0016101,ORD00161,PROD014,2,699.0
ITEM0016102,ORD00161,PROD004,1,599.0
ITEM0016103,ORD00161,PROD002,5,549.0
ITEM0016104,ORD00161,PROD013,4,999.0
ITEM0016201,ORD00162,PROD004,1,599.0
ITEM0016202,ORD00162,PROD005,2,649.0
ITEM0016301,ORD00163,PROD013,3,999.0
ITEM0016302,ORD00163,PROD012,2,499.0
ITEM0016303,ORD00163,PROD001,5,499.0
ITEM0016401,ORD00164,PROD005,4,649.0
ITEM0016402,ORD00164,PROD011,4,299.0
ITEM0016403,ORD00164,PROD001,1,499.0
ITEM0016404,ORD00164,PROD004,2,599.0
ITEM0016501,ORD00165,PROD006,3,449.0
ITEM0016601,ORD00166,PROD006,4,449.0
ITEM0016602,ORD00166,PROD009,1,489.0
ITEM0016603,ORD00166,PROD011,1,299.0
ITEM0016604,ORD00166,PROD003,5,529.0
ITEM0016701,ORD00167,PROD015,1,1499.0
ITEM0016801,ORD00168,PROD007,5,449.0
ITEM0016802,ORD00168,PROD012,5,499.0
ITEM0016803,ORD00168,PROD015,5,1499.0
ITEM0016804,ORD00168,PROD002,2,549.0
ITEM0016901,ORD00169,PROD013,5,999.0
ITEM0016902,ORD00169,PROD003,3,529.0
ITEM0017001,ORD00170,PROD005,4,649.0
ITEM0017101,ORD00171,PROD015,4,1499.0
ITEM0017201,ORD00172,PROD005,2,649.0
ITEM0017301,ORD00173,PROD003,4,529.0
ITEM0017401,ORD00174,PROD003,3,529.0
ITEM0017402,ORD00174,PROD006,1,449.0
ITEM0017403,ORD00174,PROD015,1,1499.0
ITEM0017501,ORD00175,PROD005,5,649.0
ITEM0017601,ORD00176,PROD001,2,499.0
ITEM0017602,ORD00176,PROD008,3,469.0
ITEM0017603,ORD00176,PROD010,2,479.0
ITEM0017701,ORD00177,PROD004,5,599.0
ITEM0017801,ORD00178,PROD004,1,599.0
ITEM0017901,ORD00179,PROD003,1,529.0
ITEM0017902,ORD00179,PROD014,5,699.0
ITEM0018001,ORD00180,PROD007,3,449.0
ITEM0018002,ORD00180,PROD012,3,499.0
ITEM0018101,ORD00181,PROD009,1,489.0
ITEM0018201,ORD00182,PROD007,1,449.0
ITEM0018301,ORD00183,PROD006,4,449.0
ITEM0018302,ORD00183,PROD002,1,549.0
ITEM0018303,ORD00183,PROD009,3,489.0
ITEM0018401,ORD00184,PROD012,4,499.0
ITEM0018402,ORD00184,PROD010,3,479.0
ITEM0018403,ORD00184,PROD004,5,599.0
ITEM0018501,ORD00185,PROD012,2,499.0
ITEM0018502,ORD00185,PROD009,2,489.0
ITEM0018601,ORD00186,PROD011,1,299.0
ITEM0018602,ORD00186,PROD014,3,699.0
ITEM0018603,ORD00186,PROD012,1,499.0
ITEM0018701,ORD00187,PROD002,2,549.0
ITEM0018702,ORD00187,PROD004,4,599.0
ITEM0018703,ORD00187,PROD009,4,489.0
ITEM0018801,ORD00188,PROD012,1,499.0
ITEM0018802,ORD00188,PROD005,1,649.0
ITEM0018901,ORD00189,PROD012,1,499.0
ITEM0018902,ORD00189,PROD006,5,449.0
ITEM0018903,ORD00189,PROD008,1,469.0
ITEM0018904,ORD00189,PROD015,5,1499.0
ITEM0019001,ORD00190,PROD007,2,449.0
ITEM0019101,ORD00191,PROD015,3,1499.0
ITEM0019102,ORD00191,PROD013,3,999.0
ITEM0019103,ORD00191,PROD007,4,449.0
ITEM0019201,ORD00192,PROD003,5,529.0
ITEM0019202,ORD00192,PROD013,1,999.0
ITEM0019301,ORD00193,PROD006,3,449.0
ITEM0019302,ORD00193,PROD007,2,449.0
ITEM0019303,ORD00193,PROD002,4,549.0
ITEM0019304,ORD00193,PROD009,3,489.0
ITEM0019401,ORD00194,PROD003,3,529.0
ITEM0019501,ORD00195,PROD003,2,529.0
ITEM0019502,ORD00195,PROD002,3,549.0
ITEM0019503,ORD00195,PROD012,4,499.0
ITEM0019601,ORD00196,PROD014,4,699.0
ITEM0019602,ORD00196,PROD003,4,529.0
ITEM0019603,ORD00196,PROD001,5,499.0
ITEM0019701,ORD00197,PROD002,1,549.0
ITEM0019702,ORD00197,PROD013,1,999.0
ITEM0019703,ORD00197,PROD014,1,699.0
ITEM0019704,ORD00197,PROD003,2,529.0
ITEM0019801,ORD00198,PROD011,1,299.0
ITEM0019802,ORD00198,PROD015,5,1499.0
ITEM0019803,ORD00198,PROD014,5,699.0
ITEM0019901,ORD00199,PROD004,4,599.0
ITEM0020001,ORD00200,PROD002,1,549.0
ITEM0020002,ORD00200,PROD001,2,499.0
ITEM0020003,ORD00200,PROD008,5,469.0
ITEM0020101,ORD00201,PROD011,2,299.0
ITEM0020102,ORD00201,PROD007,2,449.0
ITEM0020103,ORD00201,PROD003,3,529.0
ITEM0020104,ORD00201,PROD006,3,449.0
ITEM0020201,ORD00202,PROD011,4,299.0
ITEM0020202,ORD00202,PROD005,4,649.0
ITEM0020301,ORD00203,PROD005,4,649.0
ITEM0020401,ORD00204,PROD011,5,299.0
ITEM0020402,ORD00204,PROD013,1,999.0
ITEM0020501,ORD00205,PROD006,4,449.0
ITEM0020502,ORD00205,PROD010,3,479.0
ITEM0020503,ORD00205,PROD009,2,489.0
ITEM0020504,ORD00205,PROD015,1,1499.0
ITEM0020601,ORD00206,PROD001,5,499.0
ITEM0020602,ORD00206,PROD013,3,999.0
ITEM0020603,ORD00206,PROD008,5,469.0
ITEM0020701,ORD00207,PROD005,1,649.0
ITEM0020702,ORD00207,PROD009,2,489.0
ITEM0020801,ORD00208,PROD003,5,529.0
ITEM0020802,ORD00208,PROD004,3,599.0
ITEM0020901,ORD00209,PROD012,3,499.0
ITEM0021001,ORD00210,PROD014,4,699.0
ITEM0021002,ORD00210,PROD013,5,999.0
ITEM0021101,ORD00211,PROD001,2,499.0
ITEM0021201,ORD00212,PROD001,2,499.0
ITEM0021202,ORD00212,PROD006,3,449.0
ITEM0021203,ORD00212,PROD010,2,479.0
ITEM0021204,ORD00212,PROD004,3,599.0
ITEM0021301,ORD00213,PROD013,5,999.0
ITEM0021302,ORD00213,PROD002,3,549.0
ITEM0021401,ORD00214,PROD010,3,479.0
ITEM0021402,ORD00214,PROD002,2,549.0
ITEM0021403,ORD00214,PROD006,2,449.0
ITEM0021404,ORD00214,PROD005,4,649.0
ITEM0021501,ORD00215,PROD012,5,499.0
ITEM0021502,ORD00215,PROD009,3,489.0
ITEM0021601,ORD00216,PROD005,2,649.0
ITEM0021602,ORD00216,PROD012,2,499.0
ITEM0021603,ORD00216,PROD014,1,699.0
ITEM0021604,ORD00216,PROD015,5,1499.0
ITEM0021701,ORD00217,PROD015,2,1499.0
ITEM0021702,ORD00217,PROD013,5,999.0
ITEM0021703,ORD00217,PROD010,1,479.0
ITEM0021801,ORD00218,PROD004,3,599.0
ITEM0021901,ORD00219,PROD014,3,699.0
ITEM0022001,ORD00220,PROD012,3,499.0
ITEM0022002,ORD00220,PROD002,3,549.0
ITEM0022101,ORD00221,PROD007,4,449.0
ITEM0022201,ORD00222,PROD008,4,469.0
ITEM0022202,ORD00222,PROD007,1,449.0
ITEM0022203,ORD00222,PROD006,4,449.0
ITEM0022204,ORD00222,PROD009,5,489.0
ITEM0022301,ORD00223,PROD013,1,999.0
ITEM0022401,ORD00224,PROD002,3,549.0
ITEM0022501,ORD00225,PROD009,1,489.0
ITEM0022601,ORD00226,PROD012,2,499.0
ITEM0022602,ORD00226,PROD001,5,499.0
ITEM0022603,ORD00226,PROD007,4,449.0
ITEM0022604,ORD00226,PROD011,2,299.0
ITEM0022701,ORD00227,PROD007,5,449.0
ITEM0022702,ORD00227,PROD012,5,499.0
ITEM0022801,ORD00228,PROD001,4,499.0
ITEM0022901,ORD00229,PROD001,1,499.0
ITEM0022902,ORD00229,PROD006,4,449.0
ITEM0023001,ORD00230,PROD004,2,599.0
ITEM0023002,ORD00230,PROD002,3,549.0
ITEM0023003,ORD00230,PROD001,1,499.0
ITEM0023004,ORD00230,PROD015,4,1499.0
ITEM0023101,ORD00231,PROD008,1,469.0
ITEM0023102,ORD00231,PROD015,5,1499.0
ITEM0023103,ORD00231,PROD011,4,299.0
ITEM0023104,ORD00231,PROD005,2,649.0
ITEM0023201,ORD00232,PROD001,3,499.0
ITEM0023202,ORD00232,PROD005,2,649.0
ITEM0023203,ORD00232,PROD008,3,469.0
ITEM0023204,ORD00232,PROD013,5,999.0
ITEM0023301,ORD00233,PROD002,3,549.0
ITEM0023401,ORD00234,PROD009,4,489.0
ITEM0023402,ORD00234,PROD001,5,499.0
ITEM0023501,ORD00235,PROD010,1,479.0
ITEM0023502,ORD00235,PROD004,4,599.0
ITEM0023503,ORD00235,PROD008,1,469.0
ITEM0023504,ORD00235,PROD005,5,649.0
ITEM0023601,ORD00236,PROD002,4,549.0
ITEM0023602,ORD00236,PROD013,2,999.0
ITEM0023701,ORD00237,PROD003,4,529.0
ITEM0023702,ORD00237,PROD001,1,499.0
ITEM0023801,ORD00238,PROD014,3,699.0
ITEM0023802,ORD00238,PROD010,3,479.0
ITEM0023901,ORD00239,PROD009,4,489.0
ITEM0023902,ORD00239,PROD006,1,449.0
ITEM0023903,ORD00239,PROD005,5,649.0
ITEM0023904,ORD00239,PROD015,5,1499.0
ITEM0024001,ORD00240,PROD003,5,529.0
ITEM0024002,ORD00240,PROD010,5,479.0
ITEM0024101,ORD00241,PROD013,3,999.0
ITEM0024201,ORD00242,PROD005,5,649.0
ITEM0024202,ORD00242,PROD007,5,449.0
ITEM0024203,ORD00242,PROD011,4,299.0
ITEM0024204,ORD00242,PROD008,1,469.0
ITEM0024301,ORD00243,PROD001,2,499.0
ITEM0024302,ORD00243,PROD007,1,449.0
ITEM0024303,ORD00243,PROD006,4,449.0
ITEM0024304,ORD00243,PROD012,3,499.0
ITEM0024401,ORD00244,PROD005,1,649.0
ITEM0024402,ORD00244,PROD015,2,1499.0
ITEM0024403,ORD00244,PROD008,2,469.0
ITEM0024501,ORD00245,PROD005,5,649.0
ITEM0024502,ORD00245,PROD012,1,499.0
ITEM0024503,ORD00245,PROD007,2,449.0
ITEM0024601,ORD00246,PROD012,3,499.0
ITEM0024602,ORD00246,PROD008,1,469.0
ITEM0024603,ORD00246,PROD013,5,999.0
ITEM0024604,ORD00246,PROD009,2,489.0
ITEM0024701,ORD00247,PROD003,1,529.0
ITEM0024702,ORD00247,PROD013,2,999.0
ITEM0024703,ORD00247,PROD009,2,489.0
ITEM0024704,ORD00247,PROD010,2,479.0
ITEM0024801,ORD00248,PROD001,3,499.0
ITEM0024802,ORD00248,PROD006,3,449.0
ITEM0024803,ORD00248,PROD012,4,499.0
ITEM0024804,ORD00248,PROD004,5,599.0
ITEM0024901,ORD00249,PROD006,5,449.0
ITEM0024902,ORD00249,PROD008,4,469.0
ITEM0025001,ORD00250,PROD006,1,449.0
ITEM0025002,ORD00250,PROD003,3,529.0
ITEM0025003,ORD00250,PROD005,1,649.0
ITEM0025101,ORD00251,PROD014,2,699.0
ITEM0025102,ORD00251,PROD004,2,599.0
ITEM0025201,ORD00252,PROD008,2,469.0
ITEM0025301,ORD00253,PROD004,3,599.0
ITEM0025401,ORD00254,PROD007,4,449.0
ITEM0025402,ORD00254,PROD015,3,1499.0
ITEM0025403,ORD00254,PROD006,2,449.0
ITEM0025501,ORD00255,PROD010,3,479.0
ITEM0025502,ORD00255,PROD002,5,549.0
ITEM0025503,ORD00255,PROD001,5,499.0
ITEM0025504,ORD00255,PROD009,5,489.0
ITEM0025601,ORD00256,PROD002,3,549.0
ITEM0025602,ORD00256,PROD006,3,449.0
ITEM0025603,ORD00256,PROD005,3,649.0
ITEM0025604,ORD00256,PROD011,3,299.0
ITEM0025701,ORD00257,PROD015,5,1499.0
ITEM0025702,ORD00257,PROD001,4,499.0
ITEM0025801,ORD00258,PROD011,4,299.0
ITEM0025901,ORD00259,PROD007,5,449.0
ITEM0025902,ORD00259,PROD012,2,499.0
ITEM0025903,ORD00259,PROD001,3,499.0
ITEM0025904,ORD00259,PROD010,2,479.0
ITEM0026001,ORD00260,PROD015,3,1499.0
ITEM0026002,ORD00260,PROD011,2,299.0
ITEM0026003,ORD00260,PROD006,5,449.0
ITEM0026004,ORD00260,PROD009,2,489.0
ITEM0026101,ORD00261,PROD012,2,499.0
ITEM0026102,ORD00261,PROD013,3,999.0
ITEM0026103,ORD00261,PROD009,1,489.0
ITEM0026201,ORD00262,PROD007,3,449.0
ITEM0026202,ORD00262,PROD013,3,999.0
ITEM0026203,ORD00262,PROD006,5,449.0
ITEM0026301,ORD00263,PROD001,5,499.0
ITEM0026302,ORD00263,PROD014,5,699.0
ITEM0026303,ORD00263,PROD011,1,299.0
ITEM0026304,ORD00263,PROD010,4,479.0
ITEM0026401,ORD00264,PROD009,2,489.0
ITEM0026402,ORD00264,PROD005,2,649.0
ITEM0026403,ORD00264,PROD007,2,449.0
ITEM0026404,ORD00264,PROD001,3,499.0
ITEM0026501,ORD00265,PROD003,1,529.0
ITEM0026502,ORD00265,PROD006,4,449.0
ITEM0026503,ORD00265,PROD012,3,499.0
ITEM0026504,ORD00265,PROD015,2,1499.0
ITEM0026601,ORD00266,PROD004,2,599.0
ITEM0026602,ORD00266,PROD013,5,999.0
ITEM0026603,ORD00266,PROD014,2,699.0
ITEM0026701,ORD00267,PROD011,4,299.0
ITEM0026702,ORD00267,PROD007,4,449.0
ITEM0026703,ORD00267,PROD014,1,699.0
ITEM0026704,ORD00267,PROD013,1,999.0
ITEM0026801,ORD00268,PROD015,3,1499.0
ITEM0026901,ORD00269,PROD011,2,299.0
ITEM0027001,ORD00270,PROD007,5,449.0
ITEM0027101,ORD00271,PROD005,3,649.0
ITEM0027201,ORD00272,PROD007,3,449.0
ITEM0027202,ORD00272,PROD011,4,299.0
ITEM0027203,ORD00272,PROD003,3,529.0
ITEM0027301,ORD00273,PROD001,2,499.0
ITEM0027302,ORD00273,PROD004,2,599.0
ITEM0027303,ORD00273,PROD014,1,699.0
ITEM0027304,ORD00273,PROD012,5,499.0
ITEM0027401,ORD00274,PROD007,3,449.0
ITEM0027501,ORD00275,PROD011,1,299.0
ITEM0027601,ORD00276,PROD007,4,449.0
ITEM0027701,ORD00277,PROD012,1,499.0
ITEM0027702,ORD00277,PROD003,3,529.0
ITEM0027703,ORD00277,PROD004,4,599.0
ITEM0027704,ORD00277,PROD015,1,1499.0
ITEM0027801,ORD00278,PROD007,1,449.0
ITEM0027802,ORD00278,PROD014,5,699.0
ITEM0027901,ORD00279,PROD013,1,999.0
ITEM0028001,ORD00280,PROD014,3,699.0
ITEM0028002,ORD00280,PROD009,4,489.0
ITEM0028003,ORD00280,PROD004,3,599.0
ITEM0028101,ORD00281,PROD012,3,499.0
ITEM0028102,ORD00281,PROD008,2,469.0
ITEM0028201,ORD00282,PROD014,5,699.0
ITEM0028301,ORD00283,PROD013,5,999.0
ITEM0028401,ORD00284,PROD008,3,469.0
ITEM0028402,ORD00284,PROD005,4,649.0
ITEM0028501,ORD00285,PROD014,3,699.0
ITEM0028601,ORD00286,PROD002,1,549.0
ITEM0028701,ORD00287,PROD006,4,449.0
ITEM0028702,ORD00287,PROD015,5,1499.0
ITEM0028801,ORD00288,PROD003,4,529.0
ITEM0028802,ORD00288,PROD002,4,549.0
ITEM0028803,ORD00288,PROD007,3,449.0
ITEM0028901,ORD00289,PROD013,1,999.0
ITEM0028902,ORD00289,PROD007,2,449.0
ITEM0028903,ORD00289,PROD011,1,299.0
ITEM0028904,ORD00289,PROD003,2,529.0
ITEM0029001,ORD00290,PROD013,2,999.0
ITEM0029002,ORD00290,PROD010,5,479.0
ITEM0029003,ORD00290,PROD011,4,299.0
ITEM0029004,ORD00290,PROD008,3,469.0
ITEM0029101,ORD00291,PROD008,1,469.0
ITEM0029102,ORD00291,PROD015,4,1499.0
ITEM0029201,ORD00292,PROD001,5,499.0
ITEM0029202,ORD00292,PROD012,5,499.0
ITEM0029203,ORD00292,PROD011,5,299.0
ITEM0029301,ORD00293,PROD007,2,449.0
ITEM0029401,ORD00294,PROD003,1,529.0
ITEM0029402,ORD00294,PROD014,1,699.0
ITEM0029403,ORD00294,PROD009,2,489.0
ITEM0029404,ORD00294,PROD010,5,479.0
ITEM0029501,ORD00295,PROD002,4,549.0
ITEM0029502,ORD00295,PROD013,3,999.0
ITEM0029601,ORD00296,PROD009,2,489.0
ITEM0029701,ORD00297,PROD002,4,549.0
ITEM0029702,ORD00297,PROD008,5,469.0
ITEM0029801,ORD00298,PROD006,1,449.0
ITEM0029802,ORD00298,PROD002,1,549.0
ITEM0029803,ORD00298,PROD008,4,469.0
ITEM0029804,ORD00298,PROD012,4,499.0
ITEM0029901,ORD00299,PROD013,5,999.0
ITEM0030001,ORD00300,PROD011,4,299.0
ITEM0030002,ORD00300,PROD015,3,1499.0
ITEM0030101,ORD00301,PROD006,5,449.0
ITEM0030102,ORD00301,PROD009,4,489.0
ITEM0030103,ORD00301,PROD013,3,999.0
ITEM0030104,ORD00301,PROD010,4,479.0
ITEM0030201,ORD00302,PROD001,3,499.0
ITEM0030202,ORD00302,PROD006,3,449.0
ITEM0030301,ORD00303,PROD001,2,499.0
ITEM0030401,ORD00304,PROD002,2,549.0
ITEM0030402,ORD00304,PROD005,1,649.0
ITEM0030403,ORD00304,PROD010,4,479.0
ITEM0030404,ORD00304,PROD004,2,599.0
ITEM0030501,ORD00305,PROD013,4,999.0
ITEM0030601,ORD00306,PROD008,2,469.0
ITEM0030602,ORD00306,PROD011,4,299.0
ITEM0030603,ORD00306,PROD010,1,479.0
ITEM0030604,ORD00306,PROD009,5,489.0
ITEM0030701,ORD00307,PROD014,2,699.0
ITEM0030702,ORD00307,PROD010,5,479.0
ITEM0030703,ORD00307,PROD008,2,469.0
ITEM0030704,ORD00307,PROD009,2,489.0
ITEM0030801,ORD00308,PROD009,5,489.0
ITEM0030802,ORD00308,PROD007,2,449.0
ITEM0030803,ORD00308,PROD014,3,699.0
ITEM0030901,ORD00309,PROD013,5,999.0
ITEM0030902,ORD00309,PROD003,5,529.0
ITEM0030903,ORD00309,PROD014,3,699.0
ITEM0030904,ORD00309,PROD007,5,449.0
ITEM0031001,ORD00310,PROD004,5,599.0
ITEM0031002,ORD00310,PROD015,3,1499.0
ITEM0031101,ORD00311,PROD012,2,499.0
ITEM0031102,ORD00311,PROD011,5,299.0
ITEM0031201,ORD00312,PROD009,5,489.0
ITEM0031202,ORD00312,PROD008,4,469.0
ITEM0031203,ORD00312,PROD010,5,479.0
ITEM0031301,ORD00313,PROD001,4,499.0
ITEM0031401,ORD00314,PROD005,2,649.0
ITEM0031402,ORD00314,PROD013,3,999.0
ITEM0031501,ORD00315,PROD012,3,499.0
ITEM0031601,ORD00316,PROD002,5,549.0
ITEM0031602,ORD00316,PROD010,2,479.0
ITEM0031603,ORD00316,PROD011,5,299.0
ITEM0031604,ORD00316,PROD012,4,499.0
ITEM0031701,ORD00317,PROD012,4,499.0
ITEM0031702,ORD00317,PROD011,4,299.0
ITEM0031703,ORD00317,PROD001,4,499.0
ITEM0031801,ORD00318,PROD001,3,499.0
ITEM0031901,ORD00319,PROD014,3,699.0
ITEM0031902,ORD00319,PROD004,5,599.0
ITEM0031903,ORD00319,PROD011,5,299.0
ITEM0031904,ORD00319,PROD012,5,499.0
ITEM0032001,ORD00320,PROD011,2,299.0
ITEM0032002,ORD00320,PROD002,2,549.0
ITEM0032101,ORD00321,PROD007,3,449.0
ITEM0032201,ORD00322,PROD001,2,499.0
ITEM0032202,ORD00322,PROD006,1,449.0
ITEM0032203,ORD00322,PROD008,2,469.0
ITEM0032301,ORD00323,PROD008,5,469.0
ITEM0032302,ORD00323,PROD013,3,999.0
ITEM0032303,ORD00323,PROD010,1,479.0
ITEM0032401,ORD00324,PROD009,5,489.0
ITEM0032402,ORD00324,PROD002,2,549.0
ITEM0032501,ORD00325,PROD006,2,449.0
ITEM0032601,ORD00326,PROD006,5,449.0
ITEM0032602,ORD00326,PROD005,5,649.0
ITEM0032603,ORD00326,PROD004,4,599.0
ITEM0032701,ORD00327,PROD008,5,469.0
ITEM0032702,ORD00327,PROD004,5,599.0
ITEM0032703,ORD00327,PROD011,2,299.0
ITEM0032801,ORD00328,PROD007,4,449.0
ITEM0032802,ORD00328,PROD013,3,999.0
ITEM0032803,ORD00328,PROD002,5,549.0
ITEM0032901,ORD00329,PROD009,4,489.0
ITEM0032902,ORD00329,PROD013,4,999.0
ITEM0032903,ORD00329,PROD015,1,1499.0
ITEM0033001,ORD00330,PROD002,2,549.0
ITEM0033101,ORD00331,PROD004,2,599.0
ITEM0033201,ORD00332,PROD009,4,489.0
ITEM0033202,ORD00332,PROD014,1,699.0
ITEM0033301,ORD00333,PROD001,1,499.0
ITEM0033302,ORD00333,PROD002,2,549.0
ITEM0033303,ORD00333,PROD014,3,699.0
ITEM0033401,ORD00334,PROD015,4,1499.0
ITEM0033402,ORD00334,PROD005,4,649.0
ITEM0033501,ORD00335,PROD007,1,449.0
ITEM0033601,ORD00336,PROD013,5,999.0
ITEM0033701,ORD00337,PROD005,3,649.0
ITEM0033801,ORD00338,PROD007,4,449.0
ITEM0033802,ORD00338,PROD015,2,1499.0
ITEM0033803,ORD00338,PROD011,5,299.0
ITEM0033804,ORD00338,PROD001,2,499.0
ITEM0033901,ORD00339,PROD011,3,299.0
ITEM0033902,ORD00339,PROD003,1,529.0
ITEM0033903,ORD00339,PROD005,5,649.0
ITEM0034001,ORD00340,PROD001,5,499.0
ITEM0034101,ORD00341,PROD005,2,649.0
ITEM0034201,ORD00342,PROD003,2,529.0
ITEM0034202,ORD00342,PROD015,5,1499.0
ITEM0034301,ORD00343,PROD011,5,299.0
ITEM0034302,ORD00343,PROD013,1,999.0
ITEM0034401,ORD00344,PROD005,1,649.0
ITEM0034501,ORD00345,PROD006,2,449.0
ITEM0034502,ORD00345,PROD015,1,1499.0
ITEM0034503,ORD00345,PROD003,3,529.0
ITEM0034504,ORD00345,PROD011,5,299.0
ITEM0034601,ORD00346,PROD006,5,449.0
ITEM0034602,ORD00346,PROD010,2,479.0
ITEM0034603,ORD00346,PROD011,5,299.0
ITEM0034604,ORD00346,PROD005,5,649.0
ITEM0034701,ORD00347,PROD001,2,499.0
ITEM0034702,ORD00347,PROD006,2,449.0
ITEM0034801,ORD00348,PROD003,3,529.0
ITEM0034802,ORD00348,PROD011,4,299.0
ITEM0034803,ORD00348,PROD012,4,499.0
ITEM0034901,ORD00349,PROD009,5,489.0
ITEM0034902,ORD00349,PROD002,1,549.0
ITEM0034903,ORD00349,PROD003,3,529.0
ITEM0034904,ORD00349,PROD011,2,299.0
ITEM0035001,ORD00350,PROD012,1,499.0
ITEM0035101,ORD00351,PROD014,5,699.0
ITEM0035201,ORD00352,PROD015,5,1499.0
ITEM0035202,ORD00352,PROD001,3,499.0
ITEM0035301,ORD00353,PROD006,2,449.0
ITEM0035302,ORD00353,PROD007,5,449.0
ITEM0035401,ORD00354,PROD007,3,449.0
ITEM0035501,ORD00355,PROD013,2,999.0
ITEM0035502,ORD00355,PROD009,4,489.0
ITEM0035601,ORD00356,PROD012,4,499.0
ITEM0035602,ORD00356,PROD015,3,1499.0
ITEM0035701,ORD00357,PROD002,3,549.0
ITEM0035702,ORD00357,PROD005,2,649.0
ITEM0035801,ORD00358,PROD007,1,449.0
ITEM0035802,ORD00358,PROD008,1,469.0
ITEM0035803,ORD00358,PROD014,3,699.0
ITEM0035901,ORD00359,PROD014,5,699.0
ITEM0035902,ORD00359,PROD012,5,499.0
ITEM0035903,ORD00359,PROD005,5,649.0
ITEM0036001,ORD00360,PROD010,5,479.0
ITEM0036002,ORD00360,PROD011,3,299.0
ITEM0036003,ORD00360,PROD002,4,549.0
ITEM0036101,ORD00361,PROD014,4,699.0
ITEM0036102,ORD00361,PROD015,4,1499.0
ITEM0036103,ORD00361,PROD006,5,449.0
ITEM0036201,ORD00362,PROD003,3,529.0
ITEM0036202,ORD00362,PROD004,2,599.0
ITEM0036203,ORD00362,PROD002,2,549.0
ITEM0036204,ORD00362,PROD009,2,489.0
ITEM0036301,ORD00363,PROD011,2,299.0
ITEM0036401,ORD00364,PROD011,5,299.0
ITEM0036402,ORD00364,PROD008,2,469.0
ITEM0036403,ORD00364,PROD014,4,699.0
ITEM0036404,ORD00364,PROD004,1,599.0
ITEM0036501,ORD00365,PROD003,5,529.0
ITEM0036502,ORD00365,PROD011,1,299.0
ITEM0036601,ORD00366,PROD005,5,649.0
ITEM0036602,ORD00366,PROD003,4,529.0
ITEM0036701,ORD00367,PROD002,5,549.0
ITEM0036702,ORD00367,PROD004,4,599.0
ITEM0036703,ORD00367,PROD008,4,469.0
ITEM0036801,ORD00368,PROD013,2,999.0
ITEM0036802,ORD00368,PROD010,5,479.0
ITEM0036901,ORD00369,PROD015,5,1499.0
ITEM0036902,ORD00369,PROD008,1,469.0
ITEM0036903,ORD00369,PROD010,2,479.0
ITEM0037001,ORD00370,PROD004,5,599.0
ITEM0037101,ORD00371,PROD010,2,479.0
ITEM0037102,ORD00371,PROD002,4,549.0
ITEM0037201,ORD00372,PROD002,4,549.0
ITEM0037301,ORD00373,PROD015,4,1499.0
ITEM0037401,ORD00374,PROD012,5,499.0
ITEM0037501,ORD00375,PROD013,5,999.0
ITEM0037502,ORD00375,PROD015,5,1499.0
ITEM0037503,ORD00375,PROD007,1,449.0
ITEM0037504,ORD00375,PROD006,4,449.0
ITEM0037601,ORD00376,PROD015,1,1499.0
ITEM0037602,ORD00376,PROD014,3,699.0
ITEM0037701,ORD00377,PROD001,1,499.0
ITEM0037702,ORD00377,PROD012,5,499.0
ITEM0037801,ORD00378,PROD011,4,299.0
ITEM0037802,ORD00378,PROD004,3,599.0
ITEM0037803,ORD00378,PROD012,1,499.0
ITEM0037804,ORD00378,PROD006,2,449.0
ITEM0037901,ORD00379,PROD010,4,479.0
ITEM0037902,ORD00379,PROD006,2,449.0
ITEM0037903,ORD00379,PROD015,4,1499.0
ITEM0037904,ORD00379,PROD005,5,649.0
ITEM0038001,ORD00380,PROD009,3,489.0
ITEM0038002,ORD00380,PROD015,3,1499.0
ITEM0038003,ORD00380,PROD008,5,469.0
ITEM0038101,ORD00381,PROD012,2,499.0
ITEM0038201,ORD00382,PROD013,5,999.0
ITEM0038202,ORD00382,PROD006,1,449.0
ITEM0038203,ORD00382,PROD015,2,1499.0
ITEM0038204,ORD00382,PROD009,4,489.0
ITEM0038301,ORD00383,PROD008,4,469.0
ITEM0038302,ORD00383,PROD010,1,479.0
ITEM0038401,ORD00384,PROD010,1,479.0
ITEM0038501,ORD00385,PROD010,5,479.0
ITEM0038502,ORD00385,PROD011,1,299.0
ITEM0038503,ORD00385,PROD009,2,489.0
ITEM0038504,ORD00385,PROD005,4,649.0
ITEM0038601,ORD00386,PROD004,5,599.0
ITEM0038602,ORD00386,PROD001,5,499.0
ITEM0038603,ORD00386,PROD013,5,999.0
ITEM0038701,ORD00387,PROD006,2,449.0
ITEM0038801,ORD00388,PROD005,4,649.0
ITEM0038901,ORD00389,PROD009,1,489.0
ITEM0038902,ORD00389,PROD001,1,499.0
ITEM0039001,ORD00390,PROD006,2,449.0
ITEM0039002,ORD00390,PROD014,5,699.0
ITEM0039003,ORD00390,PROD005,2,649.0
ITEM0039101,ORD00391,PROD003,1,529.0
ITEM0039102,ORD00391,PROD007,5,449.0
ITEM0039103,ORD00391,PROD009,1,489.0
ITEM0039201,ORD00392,PROD013,5,999.0
ITEM0039301,ORD00393,PROD012,5,499.0
ITEM0039302,ORD00393,PROD008,4,469.0
ITEM0039303,ORD00393,PROD007,2,449.0
ITEM0039401,ORD00394,PROD011,4,299.0
ITEM0039402,ORD00394,PROD008,1,469.0
ITEM0039403,ORD00394,PROD010,3,479.0
ITEM0039404,ORD00394,PROD001,1,499.0
ITEM0039501,ORD00395,PROD013,4,999.0
ITEM0039502,ORD00395,PROD006,3,449.0
ITEM0039601,ORD00396,PROD004,4,599.0
ITEM0039602,ORD00396,PROD005,3,649.0
ITEM0039603,ORD00396,PROD002,1,549.0
ITEM0039701,ORD00397,PROD004,2,599.0
ITEM0039702,ORD00397,PROD010,2,479.0
ITEM0039703,ORD00397,PROD005,4,649.0
ITEM0039801,ORD00398,PROD014,2,699.0
ITEM0039802,ORD00398,PROD005,2,649.0
ITEM0039901,ORD00399,PROD003,1,529.0
ITEM0039902,ORD00399,PROD013,1,999.0
ITEM0039903,ORD00399,PROD002,4,549.0
ITEM0040001,ORD00400,PROD014,4,699.0
ITEM0040101,ORD00401,PROD008,5,469.0
ITEM0040102,ORD00401,PROD003,3,529.0
ITEM0040103,ORD00401,PROD013,4,999.0
ITEM0040201,ORD00402,PROD008,3,469.0
ITEM0040202,ORD00402,PROD009,4,489.0
ITEM0040203,ORD00402,PROD001,2,499.0
ITEM0040204,ORD00402,PROD014,4,699.0
ITEM0040301,ORD00403,PROD006,2,449.0
ITEM0040302,ORD00403,PROD012,4,499.0
ITEM0040303,ORD00403,PROD001,5,499.0
ITEM0040304,ORD00403,PROD013,1,999.0
ITEM0040401,ORD00404,PROD003,2,529.0
ITEM0040402,ORD00404,PROD009,3,489.0
ITEM0040403,ORD00404,PROD005,4,649.0
ITEM0040501,ORD00405,PROD008,2,469.0
ITEM0040502,ORD00405,PROD007,4,449.0
ITEM0040601,ORD00406,PROD005,2,649.0
ITEM0040602,ORD00406,PROD008,5,469.0
ITEM0040603,ORD00406,PROD003,2,529.0
ITEM0040604,ORD00406,PROD010,1,479.0
ITEM0040701,ORD00407,PROD014,2,699.0
ITEM0040702,ORD00407,PROD007,4,449.0
ITEM0040703,ORD00407,PROD004,1,599.0
ITEM0040704,ORD00407,PROD003,2,529.0
ITEM0040801,ORD00408,PROD013,3,999.0
ITEM0040802,ORD00408,PROD008,5,469.0
ITEM0040803,ORD00408,PROD005,5,649.0
ITEM0040901,ORD00409,PROD001,3,499.0
ITEM0040902,ORD00409,PROD004,4,599.0
ITEM0041001,ORD00410,PROD005,5,649.0
ITEM0041002,ORD00410,PROD006,5,449.0
ITEM0041003,ORD00410,PROD014,3,699.0
ITEM0041101,ORD00411,PROD014,2,699.0
ITEM0041102,ORD00411,PROD011,5,299.0
ITEM0041103,ORD00411,PROD010,5,479.0
ITEM0041201,ORD00412,PROD006,5,449.0
ITEM0041202,ORD00412,PROD015,4,1499.0
ITEM0041203,ORD00412,PROD011,4,299.0
ITEM0041301,ORD00413,PROD008,2,469.0
ITEM0041302,ORD00413,PROD011,3,299.0
ITEM0041303,ORD00413,PROD003,4,529.0
ITEM0041401,ORD00414,PROD002,2,549.0
ITEM0041501,ORD00415,PROD012,4,499.0
ITEM0041502,ORD00415,PROD005,3,649.0
ITEM0041503,ORD00415,PROD010,4,479.0
ITEM0041601,ORD00416,PROD007,2,449.0
ITEM0041602,ORD00416,PROD003,2,529.0
ITEM0041603,ORD00416,PROD014,3,699.0
ITEM0041604,ORD00416,PROD001,1,499.0
ITEM0041701,ORD00417,PROD002,4,549.0
ITEM0041801,ORD00418,PROD009,3,489.0
ITEM0041802,ORD00418,PROD013,5,999.0
ITEM0041803,ORD00418,PROD002,2,549.0
ITEM0041804,ORD00418,PROD014,1,699.0
ITEM0041901,ORD00419,PROD012,4,499.0
ITEM0041902,ORD00419,PROD005,2,649.0
ITEM0042001,ORD00420,PROD001,3,499.0
ITEM0042101,ORD00421,PROD014,4,699.0
ITEM0042102,ORD00421,PROD009,2,489.0
ITEM0042103,ORD00421,PROD005,5,649.0
ITEM0042104,ORD00421,PROD015,2,1499.0
ITEM0042201,ORD00422,PROD009,3,489.0
ITEM0042202,ORD00422,PROD011,3,299.0
ITEM0042203,ORD00422,PROD014,4,699.0
ITEM0042204,ORD00422,PROD015,5,1499.0
ITEM0042301,ORD00423,PROD007,3,449.0
ITEM0042302,ORD00423,PROD005,1,649.0
ITEM0042303,ORD00423,PROD003,1,529.0
ITEM0042401,ORD00424,PROD009,4,489.0
ITEM0042402,ORD00424,PROD001,3,499.0
ITEM0042403,ORD00424,PROD012,1,499.0
ITEM0042404,ORD00424,PROD008,4,469.0
ITEM0042501,ORD00425,PROD009,3,489.0
ITEM0042601,ORD00426,PROD007,4,449.0
ITEM0042602,ORD00426,PROD004,4,599.0
ITEM0042603,ORD00426,PROD003,2,529.0
ITEM0042604,ORD00426,PROD012,3,499.0
ITEM0042701,ORD00427,PROD005,5,649.0
ITEM0042702,ORD00427,PROD011,3,299.0
ITEM0042703,ORD00427,PROD012,4,499.0
ITEM0042801,ORD00428,PROD002,5,549.0
ITEM0042802,ORD00428,PROD011,4,299.0
ITEM0042803,ORD00428,PROD008,3,469.0
ITEM0042901,ORD00429,PROD001,5,499.0
ITEM0042902,ORD00429,PROD003,1,529.0
ITEM0042903,ORD00429,PROD015,2,1499.0
ITEM0043001,ORD00430,PROD012,1,499.0
ITEM0043002,ORD00430,PROD008,2,469.0
ITEM0043101,ORD00431,PROD006,3,449.0
ITEM0043102,ORD00431,PROD007,4,449.0
ITEM0043201,ORD00432,PROD006,1,449.0
ITEM0043301,ORD00433,PROD002,2,549.0
ITEM0043302,ORD00433,PROD009,3,489.0
ITEM0043303,ORD00433,PROD008,4,469.0
ITEM0043304,ORD00433,PROD003,1,529.0
ITEM0043401,ORD00434,PROD004,4,599.0
ITEM0043402,ORD00434,PROD012,1,499.0
ITEM0043403,ORD00434,PROD001,5,499.0
ITEM0043404,ORD00434,PROD015,2,1499.0
ITEM0043501,ORD00435,PROD015,1,1499.0
ITEM0043502,ORD00435,PROD006,5,449.0
ITEM0043503,ORD00435,PROD003,5,529.0
ITEM0043601,ORD00436,PROD004,2,599.0
ITEM0043602,ORD00436,PROD006,1,449.0
ITEM0043603,ORD00436,PROD001,2,499.0
ITEM0043701,ORD00437,PROD013,5,999.0
ITEM0043702,ORD00437,PROD005,1,649.0
ITEM0043801,ORD00438,PROD010,4,479.0
ITEM0043901,ORD00439,PROD004,2,599.0
ITEM0044001,ORD00440,PROD015,1,1499.0
ITEM0044002,ORD00440,PROD013,1,999.0
ITEM0044003,ORD00440,PROD011,3,299.0
ITEM0044101,ORD00441,PROD003,4,529.0
ITEM0044201,ORD00442,PROD013,2,999.0
ITEM0044202,ORD00442,PROD008,1,469.0
ITEM0044203,ORD00442,PROD012,4,499.0
ITEM0044301,ORD00443,PROD008,4,469.0
ITEM0044401,ORD00444,PROD004,3,599.0
ITEM0044402,ORD00444,PROD010,3,479.0
ITEM0044403,ORD00444,PROD003,4,529.0
ITEM0044404,ORD00444,PROD009,3,489.0
ITEM0044501,ORD00445,PROD002,2,549.0
ITEM0044502,ORD00445,PROD009,4,489.0
ITEM0044601,ORD00446,PROD001,4,499.0
ITEM0044602,ORD00446,PROD013,2,999.0
ITEM0044603,ORD00446,PROD011,1,299.0
ITEM0044604,ORD00446,PROD009,5,489.0
ITEM0044701,ORD00447,PROD006,1,449.0
ITEM0044702,ORD00447,PROD012,5,499.0
ITEM0044801,ORD00448,PROD013,3,999.0
ITEM0044802,ORD00448,PROD009,3,489.0
ITEM0044803,ORD00448,PROD003,4,529.0
ITEM0044804,ORD00448,PROD010,3,479.0
ITEM0044901,ORD00449,PROD001,2,499.0
ITEM0045001,ORD00450,PROD004,4,599.0
ITEM0045002,ORD00450,PROD002,4,549.0
ITEM0045003,ORD00450,PROD001,5,499.0
ITEM0045004,ORD00450,PROD010,5,479.0
ITEM0045101,ORD00451,PROD004,1,599.0
ITEM0045102,ORD00451,PROD010,1,479.0
ITEM0045103,ORD00451,PROD012,2,499.0
ITEM0045201,ORD00452,PROD008,1,469.0
ITEM0045301,ORD00453,PROD014,1,699.0
ITEM0045302,ORD00453,PROD006,5,449.0
ITEM0045303,ORD00453,PROD013,3,999.0
ITEM0045304,ORD00453,PROD012,5,499.0
ITEM0045401,ORD00454,PROD004,5,599.0
ITEM0045501,ORD00455,PROD004,2,599.0
ITEM0045502,ORD00455,PROD015,5,1499.0
ITEM0045503,ORD00455,PROD009,2,489.0
ITEM0045504,ORD00455,PROD011,5,299.0
ITEM0045601,ORD00456,PROD013,5,999.0
ITEM0045701,ORD00457,PROD015,5,1499.0
ITEM0045702,ORD00457,PROD002,4,549.0
ITEM0045703,ORD00457,PROD003,5,529.0
ITEM0045704,ORD00457,PROD013,3,999.0
ITEM0045801,ORD00458,PROD015,3,1499.0
ITEM0045802,ORD00458,PROD006,3,449.0
ITEM0045803,ORD00458,PROD014,4,699.0
ITEM0045804,ORD00458,PROD009,4,489.0
ITEM0045901,ORD00459,PROD007,5,449.0
ITEM0045902,ORD00459,PROD013,3,999.0
ITEM0046001,ORD00460,PROD001,5,499.0
ITEM0046002,ORD00460,PROD012,1,499.0
ITEM0046003,ORD00460,PROD015,5,1499.0
ITEM0046004,ORD00460,PROD005,2,649.0
ITEM0046101,ORD00461,PROD004,3,599.0
ITEM0046102,ORD00461,PROD014,1,699.0
ITEM0046201,ORD00462,PROD002,4,549.0
ITEM0046202,ORD00462,PROD001,3,499.0
ITEM0046301,ORD00463,PROD004,3,599.0
ITEM0046302,ORD00463,PROD005,1,649.0
ITEM0046401,ORD00464,PROD012,3,499.0
ITEM0046402,ORD00464,PROD002,4,549.0
ITEM0046501,ORD00465,PROD010,3,479.0
ITEM0046601,ORD00466,PROD015,3,1499.0
ITEM0046701,ORD00467,PROD014,2,699.0
ITEM0046801,ORD00468,PROD001,3,499.0
ITEM0046802,ORD00468,PROD005,5,649.0
ITEM0046803,ORD00468,PROD009,5,489.0
ITEM0046804,ORD00468,PROD015,2,1499.0
ITEM0046901,ORD00469,PROD001,4,499.0
ITEM0046902,ORD00469,PROD011,4,299.0
ITEM0047001,ORD00470,PROD004,4,599.0
ITEM0047101,ORD00471,PROD002,1,549.0
ITEM0047102,ORD00471,PROD008,5,469.0
ITEM0047103,ORD00471,PROD010,4,479.0
ITEM0047201,ORD00472,PROD013,4,999.0
ITEM0047202,ORD00472,PROD012,5,499.0
ITEM0047203,ORD00472,PROD003,2,529.0
ITEM0047204,ORD00472,PROD015,4,1499.0
ITEM0047301,ORD00473,PROD004,3,599.0
ITEM0047302,ORD00473,PROD002,4,549.0
ITEM0047401,ORD00474,PROD007,3,449.0
ITEM0047402,ORD00474,PROD006,3,449.0
ITEM0047403,ORD00474,PROD014,5,699.0
ITEM0047404,ORD00474,PROD004,1,599.0
ITEM0047501,ORD00475,PROD010,4,479.0
ITEM0047502,ORD00475,PROD014,5,699.0
ITEM0047503,ORD00475,PROD013,2,999.0
ITEM0047601,ORD00476,PROD004,3,599.0
ITEM0047602,ORD00476,PROD011,2,299.0
ITEM0047701,ORD00477,PROD004,5,599.0
ITEM0047801,ORD00478,PROD001,1,499.0
ITEM0047802,ORD00478,PROD006,3,449.0
ITEM0047803,ORD00478,PROD012,4,499.0
ITEM0047901,ORD00479,PROD004,5,599.0
ITEM0047902,ORD00479,PROD009,3,489.0
ITEM0048001,ORD00480,PROD012,1,499.0
ITEM0048002,ORD00480,PROD015,4,1499.0
ITEM0048101,ORD00481,PROD001,2,499.0
ITEM0048102,ORD00481,PROD005,5,649.0
ITEM0048201,ORD00482,PROD002,4,549.0
ITEM0048301,ORD00483,PROD014,3,699.0
ITEM0048302,ORD00483,PROD002,4,549.0
ITEM0048303,ORD00483,PROD001,2,499.0
ITEM0048401,ORD00484,PROD015,3,1499.0
ITEM0048501,ORD00485,PROD004,4,599.0
ITEM0048502,ORD00485,PROD009,5,489.0
ITEM0048601,ORD00486,PROD006,2,449.0
ITEM0048602,ORD00486,PROD008,1,469.0
ITEM0048603,ORD00486,PROD007,3,449.0
ITEM0048701,ORD00487,PROD004,1,599.0
ITEM0048702,ORD00487,PROD009,3,489.0
ITEM0048703,ORD00487,PROD005,4,649.0
ITEM0048801,ORD00488,PROD004,4,599.0
ITEM0048802,ORD00488,PROD003,2,529.0
ITEM0048803,ORD00488,PROD006,1,449.0
ITEM0048901,ORD00489,PROD007,5,449.0
ITEM0048902,ORD00489,PROD004,2,599.0
ITEM0049001,ORD00490,PROD008,2,469.0
ITEM0049002,ORD00490,PROD009,2,489.0
ITEM0049003,ORD00490,PROD003,5,529.0
ITEM0049101,ORD00491,PROD012,2,499.0
ITEM0049102,ORD00491,PROD015,4,1499.0
ITEM0049103,ORD00491,PROD009,2,489.0
ITEM0049201,ORD00492,PROD002,1,549.0
ITEM0049202,ORD00492,PROD009,2,489.0
ITEM0049203,ORD00492,PROD014,3,699.0
ITEM0049301,ORD00493,PROD015,3,1499.0
ITEM0049302,ORD00493,PROD007,4,449.0
ITEM0049303,ORD00493,PROD014,3,699.0
ITEM0049401,ORD00494,PROD001,5,499.0
ITEM0049402,ORD00494,PROD013,5,999.0
ITEM0049501,ORD00495,PROD010,2,479.0
ITEM0049502,ORD00495,PROD004,1,599.0
ITEM0049601,ORD00496,PROD003,3,529.0
ITEM0049602,ORD00496,PROD009,2,489.0
ITEM0049603,ORD00496,PROD010,4,479.0
ITEM0049604,ORD00496,PROD008,4,469.0
ITEM0049701,ORD00497,PROD001,1,499.0
ITEM0049702,ORD00497,PROD007,3,449.0
ITEM0049801,ORD00498,PROD013,1,999.0
ITEM0049802,ORD00498,PROD004,2,599.0
ITEM0049901,ORD00499,PROD012,4,499.0
ITEM0049902,ORD00499,PROD006,4,449.0
ITEM0049903,ORD00499,PROD008,1,469.0
ITEM0049904,ORD00499,PROD004,5,599.0
ITEM0050001,ORD00500,PROD010,5,479.0
ITEM0050002,ORD00500,PROD012,5,499.0
ITEM0050003,ORD00500,PROD015,1,1499.0
ITEM0050004,ORD00500,PROD013,5,999.0
ITEM0050101,ORD00501,PROD015,2,1499.0
ITEM0050201,ORD00502,PROD009,4,489.0
ITEM0050301,ORD00503,PROD007,4,449.0
ITEM0050302,ORD00503,PROD005,2,649.0
ITEM0050303,ORD00503,PROD013,4,999.0
ITEM0050304,ORD00503,PROD014,3,699.0
ITEM0050401,ORD00504,PROD008,4,469.0
ITEM0050402,ORD00504,PROD014,1,699.0
ITEM0050501,ORD00505,PROD007,3,449.0
ITEM0050502,ORD00505,PROD015,4,1499.0
ITEM0050601,ORD00506,PROD015,1,1499.0
ITEM0050602,ORD00506,PROD008,3,469.0
ITEM0050701,ORD00507,PROD002,1,549.0
ITEM0050801,ORD00508,PROD009,4,489.0
ITEM0050901,ORD00509,PROD007,4,449.0
ITEM0050902,ORD00509,PROD009,1,489.0
ITEM0051001,ORD00510,PROD003,2,529.0
ITEM0051002,ORD00510,PROD014,2,699.0
ITEM0051101,ORD00511,PROD012,3,499.0
ITEM0051102,ORD00511,PROD013,2,999.0
ITEM0051103,ORD00511,PROD008,1,469.0
ITEM0051201,ORD00512,PROD010,3,479.0
ITEM0051301,ORD00513,PROD009,4,489.0
ITEM0051302,ORD00513,PROD013,2,999.0
ITEM0051303,ORD00513,PROD001,2,499.0
ITEM0051304,ORD00513,PROD010,5,479.0
ITEM0051401,ORD00514,PROD002,2,549.0
ITEM0051402,ORD00514,PROD010,5,479.0
ITEM0051403,ORD00514,PROD014,3,699.0
ITEM0051404,ORD00514,PROD001,5,499.0
ITEM0051501,ORD00515,PROD001,2,499.0
ITEM0051502,ORD00515,PROD003,1,529.0
ITEM0051601,ORD00516,PROD011,5,299.0
ITEM0051701,ORD00517,PROD001,1,499.0
ITEM0051801,ORD00518,PROD010,5,479.0
ITEM0051802,ORD00518,PROD011,5,299.0
ITEM0051803,ORD00518,PROD012,5,499.0
ITEM0051901,ORD00519,PROD015,3,1499.0
ITEM0051902,ORD00519,PROD001,3,499.0
ITEM0051903,ORD00519,PROD002,3,549.0
ITEM0052001,ORD00520,PROD014,4,699.0
ITEM0052002,ORD00520,PROD009,2,489.0
ITEM0052003,ORD00520,PROD002,1,549.0
ITEM0052004,ORD00520,PROD005,3,649.0
ITEM0052101,ORD00521,PROD012,5,499.0
ITEM0052102,ORD00521,PROD004,1,599.0
ITEM0052201,ORD00522,PROD008,5,469.0
ITEM0052301,ORD00523,PROD005,5,649.0
ITEM0052302,ORD00523,PROD009,3,489.0
ITEM0052303,ORD00523,PROD010,2,479.0
ITEM0052401,ORD00524,PROD008,2,469.0
ITEM0052402,ORD00524,PROD013,3,999.0
ITEM0052403,ORD00524,PROD003,2,529.0
ITEM0052404,ORD00524,PROD010,1,479.0
ITEM0052501,ORD00525,PROD012,2,499.0
ITEM0052601,ORD00526,PROD001,2,499.0
ITEM0052602,ORD00526,PROD006,1,449.0
ITEM0052603,ORD00526,PROD014,2,699.0
ITEM0052604,ORD00526,PROD009,3,489.0
ITEM0052701,ORD00527,PROD013,3,999.0
ITEM0052702,ORD00527,PROD001,3,499.0
ITEM0052703,ORD00527,PROD002,4,549.0
ITEM0052801,ORD00528,PROD014,2,699.0
ITEM0052901,ORD00529,PROD015,2,1499.0
ITEM0052902,ORD00529,PROD008,4,469.0
ITEM0052903,ORD00529,PROD013,2,999.0
ITEM0052904,ORD00529,PROD001,4,499.0
ITEM0053001,ORD00530,PROD013,1,999.0
ITEM0053002,ORD00530,PROD014,5,699.0
ITEM0053003,ORD00530,PROD007,3,449.0
ITEM0053004,ORD00530,PROD012,5,499.0
ITEM0053101,ORD00531,PROD004,5,599.0
ITEM0053201,ORD00532,PROD002,1,549.0
ITEM0053202,ORD00532,PROD003,3,529.0
ITEM0053203,ORD00532,PROD005,4,649.0
ITEM0053301,ORD00533,PROD003,3,529.0
ITEM0053302,ORD00533,PROD010,1,479.0
ITEM0053303,ORD00533,PROD002,3,549.0
ITEM0053304,ORD00533,PROD005,4,649.0
ITEM0053401,ORD00534,PROD008,2,469.0
ITEM0053402,ORD00534,PROD014,5,699.0
ITEM0053403,ORD00534,PROD005,3,649.0
ITEM0053501,ORD00535,PROD013,2,999.0
ITEM0053601,ORD00536,PROD013,4,999.0
ITEM0053701,ORD00537,PROD015,5,1499.0
ITEM0053702,ORD00537,PROD008,3,469.0
ITEM0053703,ORD00537,PROD012,3,499.0
ITEM0053801,ORD00538,PROD004,1,599.0
ITEM0053802,ORD00538,PROD012,4,499.0
ITEM0053901,ORD00539,PROD015,5,1499.0
ITEM0053902,ORD00539,PROD001,1,499.0
ITEM0053903,ORD00539,PROD011,3,299.0
ITEM0054001,ORD00540,PROD001,3,499.0
ITEM0054002,ORD00540,PROD010,2,479.0
ITEM0054003,ORD00540,PROD013,3,999.0
ITEM0054101,ORD00541,PROD013,1,999.0
ITEM0054102,ORD00541,PROD008,3,469.0
ITEM0054103,ORD00541,PROD011,2,299.0
ITEM0054201,ORD00542,PROD004,5,599.0
ITEM0054301,ORD00543,PROD012,3,499.0
ITEM0054302,ORD00543,PROD013,5,999.0
ITEM0054401,ORD00544,PROD009,2,489.0
ITEM0054402,ORD00544,PROD008,1,469.0
ITEM0054403,ORD00544,PROD001,4,499.0
ITEM0054501,ORD00545,PROD002,4,549.0
ITEM0054601,ORD00546,PROD010,2,479.0
ITEM0054602,ORD00546,PROD006,5,449.0
ITEM0054603,ORD00546,PROD005,1,649.0
ITEM0054604,ORD00546,PROD014,4,699.0
ITEM0054701,ORD00547,PROD002,4,549.0
ITEM0054702,ORD00547,PROD008,4,469.0
ITEM0054703,ORD00547,PROD005,2,649.0
ITEM0054704,ORD00547,PROD011,2,299.0
ITEM0054801,ORD00548,PROD007,3,449.0
ITEM0054802,ORD00548,PROD003,3,529.0
ITEM0054803,ORD00548,PROD012,4,499.0
ITEM0054901,ORD00549,PROD006,4,449.0
ITEM0055001,ORD00550,PROD010,5,479.0
ITEM0055002,ORD00550,PROD015,1,1499.0
ITEM0055003,ORD00550,PROD003,4,529.0
ITEM0055101,ORD00551,PROD013,3,999.0
ITEM0055201,ORD00552,PROD004,2,599.0
ITEM0055202,ORD00552,PROD010,4,479.0
ITEM0055203,ORD00552,PROD015,4,1499.0
ITEM0055204,ORD00552,PROD009,1,489.0
ITEM0055301,ORD00553,PROD013,5,999.0
ITEM0055302,ORD00553,PROD007,2,449.0
ITEM0055303,ORD00553,PROD010,2,479.0
ITEM0055304,ORD00553,PROD006,1,449.0
ITEM0055401,ORD00554,PROD010,5,479.0
ITEM0055501,ORD00555,PROD003,5,529.0
ITEM0055502,ORD00555,PROD005,1,649.0
ITEM0055503,ORD00555,PROD007,5,449.0
ITEM0055504,ORD00555,PROD002,4,549.0
ITEM0055601,ORD00556,PROD002,2,549.0
ITEM0055701,ORD00557,PROD013,2,999.0
ITEM0055801,ORD00558,PROD007,4,449.0
ITEM0055802,ORD00558,PROD010,2,479.0
ITEM0055803,ORD00558,PROD014,2,699.0
ITEM0055901,ORD00559,PROD015,3,1499.0
ITEM0055902,ORD00559,PROD007,1,449.0
ITEM0055903,ORD00559,PROD012,5,499.0
ITEM0056001,ORD00560,PROD014,3,699.0
ITEM0056002,ORD00560,PROD003,5,529.0
ITEM0056003,ORD00560,PROD005,1,649.0
ITEM0056004,ORD00560,PROD001,1,499.0
ITEM0056101,ORD00561,PROD002,1,549.0
ITEM0056102,ORD00561,PROD014,2,699.0
ITEM0056103,ORD00561,PROD005,4,649.0
ITEM0056201,ORD00562,PROD012,4,499.0
ITEM0056202,ORD00562,PROD007,4,449.0
ITEM0056203,ORD00562,PROD014,5,699.0
ITEM0056301,ORD00563,PROD009,3,489.0
ITEM0056302,ORD00563,PROD007,4,449.0
ITEM0056401,ORD00564,PROD003,1,529.0
ITEM0056402,ORD00564,PROD001,1,499.0
ITEM0056501,ORD00565,PROD002,4,549.0
ITEM0056502,ORD00565,PROD003,4,529.0
ITEM0056601,ORD00566,PROD008,4,469.0
ITEM0056602,ORD00566,PROD009,5,489.0
ITEM0056701,ORD00567,PROD003,5,529.0
ITEM0056702,ORD00567,PROD007,1,449.0
ITEM0056801,ORD00568,PROD012,3,499.0
ITEM0056802,ORD00568,PROD009,4,489.0
ITEM0056901,ORD00569,PROD001,5,499.0
ITEM0057001,ORD00570,PROD012,5,499.0
ITEM0057002,ORD00570,PROD002,3,549.0
ITEM0057003,ORD00570,PROD003,4,529.0
ITEM0057004,ORD00570,PROD015,5,1499.0
ITEM0057101,ORD00571,PROD004,4,599.0
ITEM0057201,ORD00572,PROD010,5,479.0
ITEM0057202,ORD00572,PROD001,1,499.0
ITEM0057203,ORD00572,PROD006,4,449.0
ITEM0057301,ORD00573,PROD007,3,449.0
ITEM0057302,ORD00573,PROD006,3,449.0
ITEM0057303,ORD00573,PROD013,2,999.0
ITEM0057401,ORD00574,PROD001,5,499.0
ITEM0057402,ORD00574,PROD011,2,299.0
ITEM0057403,ORD00574,PROD008,5,469.0
ITEM0057501,ORD00575,PROD005,4,649.0
ITEM0057601,ORD00576,PROD005,3,649.0
ITEM0057602,ORD00576,PROD003,3,529.0
ITEM0057603,ORD00576,PROD010,3,479.0
ITEM0057701,ORD00577,PROD011,3,299.0
ITEM0057702,ORD00577,PROD008,2,469.0
ITEM0057801,ORD00578,PROD006,1,449.0
ITEM0057901,ORD00579,PROD014,4,699.0
ITEM0057902,ORD00579,PROD008,4,469.0
ITEM0058001,ORD00580,PROD004,3,599.0
ITEM0058002,ORD00580,PROD010,1,479.0
ITEM0058101,ORD00581,PROD001,2,499.0
ITEM0058201,ORD00582,PROD012,4,499.0
ITEM0058202,ORD00582,PROD013,4,999.0
ITEM0058203,ORD00582,PROD009,4,489.0
ITEM0058204,ORD00582,PROD004,3,599.0
ITEM0058301,ORD00583,PROD005,4,649.0
ITEM0058401,ORD00584,PROD002,5,549.0
ITEM0058501,ORD00585,PROD010,3,479.0
ITEM0058502,ORD00585,PROD011,3,299.0
ITEM0058503,ORD00585,PROD005,1,649.0
ITEM0058504,ORD00585,PROD006,3,449.0
ITEM0058601,ORD00586,PROD012,5,499.0
ITEM0058602,ORD00586,PROD011,2,299.0
ITEM0058701,ORD00587,PROD006,1,449.0
ITEM0058702,ORD00587,PROD009,1,489.0
ITEM0058801,ORD00588,PROD009,1,489.0
ITEM0058901,ORD00589,PROD005,1,649.0
ITEM0058902,ORD00589,PROD004,5,599.0
ITEM0058903,ORD00589,PROD001,1,499.0
ITEM0059001,ORD00590,PROD010,1,479.0
ITEM0059002,ORD00590,PROD011,1,299.0
ITEM0059101,ORD00591,PROD015,2,1499.0
ITEM0059102,ORD00591,PROD002,3,549.0
ITEM0059201,ORD00592,PROD011,4,299.0
ITEM0059301,ORD00593,PROD005,1,649.0
ITEM0059302,ORD00593,PROD003,3,529.0
ITEM0059303,ORD00593,PROD013,1,999.0
ITEM0059401,ORD00594,PROD005,3,649.0
ITEM0059501,ORD00595,PROD010,2,479.0
ITEM0059502,ORD00595,PROD007,4,449.0
ITEM0059601,ORD00596,PROD004,4,599.0
ITEM0059602,ORD00596,PROD010,3,479.0
ITEM0059603,ORD00596,PROD011,1,299.0
ITEM0059604,ORD00596,PROD002,1,549.0
ITEM0059701,ORD00597,PROD013,4,999.0
ITEM0059702,ORD00597,PROD008,2,469.0
ITEM0059703,ORD00597,PROD001,1,499.0
ITEM0059801,ORD00598,PROD003,4,529.0
ITEM0059802,ORD00598,PROD012,5,499.0
ITEM0059803,ORD00598,PROD006,1,449.0
ITEM0059901,ORD00599,PROD014,5,699.0
ITEM0059902,ORD00599,PROD012,2,499.0
ITEM0059903,ORD00599,PROD013,1,999.0
ITEM0059904,ORD00599,PROD002,4,549.0
ITEM0060001,ORD00600,PROD006,4,449.0
ITEM0060002,ORD00600,PROD011,1,299.0
ITEM0060003,ORD00600,PROD005,1,649.0
ITEM0060101,ORD00601,PROD002,3,549.0
ITEM0060102,ORD00601,PROD014,2,699.0
ITEM0060103,ORD00601,PROD008,2,469.0
ITEM0060201,ORD00602,PROD005,4,649.0
ITEM0060202,ORD00602,PROD012,1,499.0
ITEM0060301,ORD00603,PROD012,2,499.0
ITEM0060302,ORD00603,PROD004,1,599.0
ITEM0060303,ORD00603,PROD003,5,529.0
ITEM0060304,ORD00603,PROD001,2,499.0
ITEM0060401,ORD00604,PROD008,4,469.0
ITEM0060402,ORD00604,PROD009,1,489.0
ITEM0060403,ORD00604,PROD013,1,999.0
ITEM0060501,ORD00605,PROD007,1,449.0
ITEM0060601,ORD00606,PROD012,2,499.0
ITEM0060602,ORD00606,PROD010,1,479.0
ITEM0060701,ORD00607,PROD008,5,469.0
ITEM0060801,ORD00608,PROD001,1,499.0
ITEM0060802,ORD00608,PROD003,3,529.0
ITEM0060901,ORD00609,PROD014,1,699.0
ITEM0060902,ORD00609,PROD010,1,479.0
ITEM0061001,ORD00610,PROD002,2,549.0
ITEM0061002,ORD00610,PROD013,4,999.0
ITEM0061101,ORD00611,PROD006,2,449.0
ITEM0061102,ORD00611,PROD014,1,699.0
ITEM0061201,ORD00612,PROD005,2,649.0
ITEM0061301,ORD00613,PROD009,2,489.0
ITEM0061302,ORD00613,PROD003,5,529.0
ITEM0061303,ORD00613,PROD008,1,469.0
ITEM0061401,ORD00614,PROD013,1,999.0
ITEM0061402,ORD00614,PROD003,1,529.0
ITEM0061403,ORD00614,PROD001,1,499.0
ITEM0061404,ORD00614,PROD008,2,469.0
ITEM0061501,ORD00615,PROD007,4,449.0
ITEM0061502,ORD00615,PROD012,2,499.0
ITEM0061503,ORD00615,PROD013,2,999.0
ITEM0061601,ORD00616,PROD004,1,599.0
ITEM0061602,ORD00616,PROD003,5,529.0
ITEM0061603,ORD00616,PROD010,2,479.0
ITEM0061604,ORD00616,PROD012,4,499.0
ITEM0061701,ORD00617,PROD006,5,449.0
ITEM0061702,ORD00617,PROD007,2,449.0
ITEM0061703,ORD00617,PROD001,2,499.0
ITEM0061801,ORD00618,PROD014,5,699.0
ITEM0061802,ORD00618,PROD013,2,999.0
ITEM0061803,ORD00618,PROD009,4,489.0
ITEM0061901,ORD00619,PROD002,2,549.0
ITEM0061902,ORD00619,PROD013,4,999.0
ITEM0062001,ORD00620,PROD001,3,499.0
ITEM0062101,ORD00621,PROD010,4,479.0
ITEM0062102,ORD00621,PROD013,1,999.0
ITEM0062103,ORD00621,PROD014,1,699.0
ITEM0062201,ORD00622,PROD003,1,529.0
ITEM0062202,ORD00622,PROD013,4,999.0
ITEM0062301,ORD00623,PROD012,5,499.0
ITEM0062302,ORD00623,PROD008,5,469.0
ITEM0062401,ORD00624,PROD004,3,599.0
ITEM0062402,ORD00624,PROD013,2,999.0
ITEM0062403,ORD00624,PROD002,1,549.0
ITEM0062501,ORD00625,PROD015,5,1499.0
ITEM0062502,ORD00625,PROD004,4,599.0
ITEM0062503,ORD00625,PROD002,1,549.0
ITEM0062504,ORD00625,PROD008,4,469.0
ITEM0062601,ORD00626,PROD003,4,529.0
ITEM0062602,ORD00626,PROD007,2,449.0
ITEM0062603,ORD00626,PROD006,3,449.0
ITEM0062604,ORD00626,PROD015,3,1499.0
ITEM0062701,ORD00627,PROD005,2,649.0
ITEM0062801,ORD00628,PROD013,2,999.0
ITEM0062802,ORD00628,PROD006,3,449.0
ITEM0062901,ORD00629,PROD010,2,479.0
ITEM0062902,ORD00629,PROD009,1,489.0
ITEM0063001,ORD00630,PROD010,4,479.0
ITEM0063002,ORD00630,PROD008,3,469.0
ITEM0063101,ORD00631,PROD004,4,599.0
ITEM0063102,ORD00631,PROD006,5,449.0
ITEM0063201,ORD00632,PROD007,1,449.0
ITEM0063301,ORD00633,PROD007,5,449.0
ITEM0063401,ORD00634,PROD008,4,469.0
ITEM0063501,ORD00635,PROD012,4,499.0
ITEM0063601,ORD00636,PROD004,1,599.0
ITEM0063602,ORD00636,PROD011,4,299.0
ITEM0063603,ORD00636,PROD002,3,549.0
ITEM0063701,ORD00637,PROD008,4,469.0
ITEM0063801,ORD00638,PROD003,4,529.0
ITEM0063802,ORD00638,PROD013,1,999.0
ITEM0063803,ORD00638,PROD006,1,449.0
ITEM0063804,ORD00638,PROD011,4,299.0
ITEM0063901,ORD00639,PROD007,5,449.0
ITEM0063902,ORD00639,PROD013,5,999.0
ITEM0063903,ORD00639,PROD005,5,649.0
ITEM0064001,ORD00640,PROD010,3,479.0
ITEM0064101,ORD00641,PROD015,4,1499.0
ITEM0064102,ORD00641,PROD001,3,499.0
ITEM0064103,ORD00641,PROD002,4,549.0
ITEM0064201,ORD00642,PROD011,1,299.0
ITEM0064202,ORD00642,PROD009,5,489.0
ITEM0064301,ORD00643,PROD004,4,599.0
ITEM0064302,ORD00643,PROD009,5,489.0
ITEM0064303,ORD00643,PROD002,2,549.0
ITEM0064401,ORD00644,PROD009,3,489.0
ITEM0064402,ORD00644,PROD011,1,299.0
ITEM0064403,ORD00644,PROD007,1,449.0
ITEM0064501,ORD00645,PROD008,5,469.0
ITEM0064601,ORD00646,PROD010,1,479.0
ITEM0064602,ORD00646,PROD006,2,449.0
ITEM0064603,ORD00646,PROD013,4,999.0
ITEM0064604,ORD00646,PROD011,1,299.0
ITEM0064701,ORD00647,PROD002,3,549.0
ITEM0064702,ORD00647,PROD015,1,1499.0
ITEM0064703,ORD00647,PROD003,2,529.0
ITEM0064801,ORD00648,PROD005,4,649.0
ITEM0064901,ORD00649,PROD006,1,449.0
ITEM0064902,ORD00649,PROD007,3,449.0
ITEM0064903,ORD00649,PROD008,2,469.0
ITEM0064904,ORD00649,PROD012,1,499.0
ITEM0065001,ORD00650,PROD007,3,449.0
ITEM0065002,ORD00650,PROD010,4,479.0
ITEM0065003,ORD00650,PROD006,5,449.0
ITEM0065101,ORD00651,PROD008,3,469.0
ITEM0065102,ORD00651,PROD005,2,649.0
ITEM0065103,ORD00651,PROD010,3,479.0
ITEM0065104,ORD00651,PROD003,2,529.0
ITEM0065201,ORD00652,PROD003,3,529.0
ITEM0065301,ORD00653,PROD012,3,499.0
ITEM0065302,ORD00653,PROD009,2,489.0
ITEM0065401,ORD00654,PROD003,1,529.0
ITEM0065402,ORD00654,PROD004,1,599.0
ITEM0065501,ORD00655,PROD006,5,449.0
ITEM0065502,ORD00655,PROD003,1,529.0
ITEM0065503,ORD00655,PROD004,3,599.0
ITEM0065601,ORD00656,PROD009,1,489.0
ITEM0065602,ORD00656,PROD005,1,649.0
ITEM0065701,ORD00657,PROD015,5,1499.0
ITEM0065702,ORD00657,PROD006,5,449.0
ITEM0065703,ORD00657,PROD003,3,529.0
ITEM0065704,ORD00657,PROD001,3,499.0
ITEM0065801,ORD00658,PROD013,4,999.0
ITEM0065802,ORD00658,PROD010,3,479.0
ITEM0065901,ORD00659,PROD003,5,529.0
ITEM0066001,ORD00660,PROD008,1,469.0
ITEM0066002,ORD00660,PROD006,3,449.0
ITEM0066101,ORD00661,PROD013,3,999.0
ITEM0066102,ORD00661,PROD015,2,1499.0
ITEM0066201,ORD00662,PROD011,4,299.0
ITEM0066202,ORD00662,PROD015,2,1499.0
ITEM0066203,ORD00662,PROD002,4,549.0
ITEM0066204,ORD00662,PROD009,3,489.0
ITEM0066301,ORD00663,PROD015,3,1499.0
ITEM0066401,ORD00664,PROD006,3,449.0
ITEM0066402,ORD00664,PROD007,3,449.0
ITEM0066403,ORD00664,PROD015,3,1499.0
ITEM0066404,ORD00664,PROD001,3,499.0
ITEM0066501,ORD00665,PROD012,3,499.0
ITEM0066502,ORD00665,PROD007,2,449.0
ITEM0066503,ORD00665,PROD013,4,999.0
ITEM0066504,ORD00665,PROD008,4,469.0
ITEM0066601,ORD00666,PROD004,4,599.0
ITEM0066602,ORD00666,PROD005,5,649.0
ITEM0066701,ORD00667,PROD002,3,549.0
ITEM0066702,ORD00667,PROD001,4,499.0
ITEM0066703,ORD00667,PROD007,2,449.0
ITEM0066704,ORD00667,PROD011,5,299.0
ITEM0066801,ORD00668,PROD004,4,599.0
ITEM0066802,ORD00668,PROD003,3,529.0
ITEM0066901,ORD00669,PROD014,4,699.0
ITEM0066902,ORD00669,PROD010,5,479.0
ITEM0066903,ORD00669,PROD005,4,649.0
ITEM0067001,ORD00670,PROD005,4,649.0
ITEM0067002,ORD00670,PROD015,1,1499.0
ITEM0067101,ORD00671,PROD015,1,1499.0
ITEM0067102,ORD00671,PROD012,1,499.0
ITEM0067103,ORD00671,PROD011,3,299.0
ITEM0067104,ORD00671,PROD004,4,599.0
ITEM0067201,ORD00672,PROD010,4,479.0
ITEM0067202,ORD00672,PROD008,3,469.0
ITEM0067203,ORD00672,PROD015,4,1499.0
ITEM0067301,ORD00673,PROD014,3,699.0
ITEM0067401,ORD00674,PROD008,3,469.0
ITEM0067402,ORD00674,PROD012,2,499.0
ITEM0067403,ORD00674,PROD003,1,529.0
ITEM0067501,ORD00675,PROD001,5,499.0
ITEM0067502,ORD00675,PROD005,1,649.0
ITEM0067503,ORD00675,PROD014,5,699.0
ITEM0067601,ORD00676,PROD009,3,489.0
ITEM0067602,ORD00676,PROD006,3,449.0
ITEM0067701,ORD00677,PROD014,2,699.0
ITEM0067702,ORD00677,PROD003,5,529.0
ITEM0067703,ORD00677,PROD001,3,499.0
ITEM0067801,ORD00678,PROD002,2,549.0
ITEM0067802,ORD00678,PROD004,5,599.0
ITEM0067901,ORD00679,PROD007,4,449.0
ITEM0068001,ORD00680,PROD015,4,1499.0
ITEM0068002,ORD00680,PROD001,3,499.0
ITEM0068101,ORD00681,PROD015,2,1499.0
ITEM0068102,ORD00681,PROD010,3,479.0
ITEM0068103,ORD00681,PROD009,1,489.0
ITEM0068104,ORD00681,PROD006,1,449.0
ITEM0068201,ORD00682,PROD012,3,499.0
ITEM0068202,ORD00682,PROD004,2,599.0
ITEM0068301,ORD00683,PROD012,1,499.0
ITEM0068302,ORD00683,PROD013,1,999.0
ITEM0068303,ORD00683,PROD014,4,699.0
ITEM0068304,ORD00683,PROD002,4,549.0
ITEM0068401,ORD00684,PROD008,1,469.0
ITEM0068501,ORD00685,PROD011,1,299.0
ITEM0068502,ORD00685,PROD001,1,499.0
ITEM0068503,ORD00685,PROD013,5,999.0
ITEM0068601,ORD00686,PROD011,1,299.0
ITEM0068602,ORD00686,PROD006,1,449.0
ITEM0068701,ORD00687,PROD006,5,449.0
ITEM0068702,ORD00687,PROD003,2,529.0
ITEM0068703,ORD00687,PROD009,5,489.0
ITEM0068801,ORD00688,PROD009,2,489.0
ITEM0068901,ORD00689,PROD015,5,1499.0
ITEM0068902,ORD00689,PROD013,1,999.0
ITEM0069001,ORD00690,PROD006,4,449.0
ITEM0069002,ORD00690,PROD012,1,499.0
ITEM0069003,ORD00690,PROD010,2,479.0
ITEM0069004,ORD00690,PROD003,3,529.0
ITEM0069101,ORD00691,PROD007,3,449.0
ITEM0069102,ORD00691,PROD002,1,549.0
ITEM0069201,ORD00692,PROD013,5,999.0
ITEM0069202,ORD00692,PROD006,1,449.0
ITEM0069203,ORD00692,PROD012,1,499.0
ITEM0069204,ORD00692,PROD005,3,649.0
ITEM0069301,ORD00693,PROD010,4,479.0
ITEM0069302,ORD00693,PROD012,2,499.0
ITEM0069303,ORD00693,PROD005,5,649.0
ITEM0069304,ORD00693,PROD011,4,299.0
ITEM0069401,ORD00694,PROD015,4,1499.0
ITEM0069501,ORD00695,PROD011,5,299.0
ITEM0069502,ORD00695,PROD002,1,549.0
ITEM0069503,ORD00695,PROD007,1,449.0
ITEM0069504,ORD00695,PROD008,2,469.0
ITEM0069601,ORD00696,PROD012,2,499.0
ITEM0069701,ORD00697,PROD004,1,599.0
ITEM0069702,ORD00697,PROD010,2,479.0
ITEM0069703,ORD00697,PROD007,4,449.0
ITEM0069801,ORD00698,PROD013,4,999.0
ITEM0069802,ORD00698,PROD015,3,1499.0
ITEM0069803,ORD00698,PROD014,4,699.0
ITEM0069901,ORD00699,PROD009,1,489.0
ITEM0069902,ORD00699,PROD005,1,649.0
ITEM0069903,ORD00699,PROD003,3,529.0
ITEM0069904,ORD00699,PROD008,4,469.0
ITEM0070001,ORD00700,PROD001,1,499.0
ITEM0070002,ORD00700,PROD002,1,549.0
ITEM0070101,ORD00701,PROD010,3,479.0
ITEM0070102,ORD00701,PROD011,5,299.0
ITEM0070103,ORD00701,PROD006,5,449.0
ITEM0070104,ORD00701,PROD003,1,529.0
ITEM0070201,ORD00702,PROD013,4,999.0
ITEM0070202,ORD00702,PROD008,4,469.0
ITEM0070203,ORD00702,PROD004,5,599.0
ITEM0070204,ORD00702,PROD005,3,649.0
ITEM0070301,ORD00703,PROD013,1,999.0
ITEM0070401,ORD00704,PROD014,4,699.0
ITEM0070402,ORD00704,PROD007,1,449.0
ITEM0070403,ORD00704,PROD008,1,469.0
ITEM0070501,ORD00705,PROD015,4,1499.0
ITEM0070502,ORD00705,PROD012,4,499.0
ITEM0070503,ORD00705,PROD003,2,529.0
ITEM0070601,ORD00706,PROD010,4,479.0
ITEM0070701,ORD00707,PROD008,1,469.0
ITEM0070702,ORD00707,PROD009,4,489.0
ITEM0070703,ORD00707,PROD003,3,529.0
ITEM0070704,ORD00707,PROD014,4,699.0
ITEM0070801,ORD00708,PROD013,1,999.0
ITEM0070802,ORD00708,PROD005,1,649.0
ITEM0070803,ORD00708,PROD006,5,449.0
ITEM0070901,ORD00709,PROD013,1,999.0
ITEM0070902,ORD00709,PROD012,3,499.0
ITEM0070903,ORD00709,PROD010,4,479.0
ITEM0071001,ORD00710,PROD007,2,449.0
ITEM0071002,ORD00710,PROD006,2,449.0
ITEM0071003,ORD00710,PROD001,2,499.0
ITEM0071101,ORD00711,PROD014,3,699.0
ITEM0071201,ORD00712,PROD001,4,499.0
ITEM0071202,ORD00712,PROD008,5,469.0
ITEM0071203,ORD00712,PROD011,5,299.0
ITEM0071301,ORD00713,PROD010,5,479.0
ITEM0071302,ORD00713,PROD001,4,499.0
ITEM0071303,ORD00713,PROD006,3,449.0
ITEM0071304,ORD00713,PROD007,5,449.0
ITEM0071401,ORD00714,PROD006,5,449.0
ITEM0071402,ORD00714,PROD008,3,469.0
ITEM0071501,ORD00715,PROD004,5,599.0
ITEM0071502,ORD00715,PROD008,2,469.0
ITEM0071503,ORD00715,PROD011,3,299.0
ITEM0071504,ORD00715,PROD002,3,549.0
ITEM0071601,ORD00716,PROD013,1,999.0
ITEM0071602,ORD00716,PROD004,5,599.0
ITEM0071603,ORD00716,PROD010,1,479.0
ITEM0071604,ORD00716,PROD012,5,499.0
ITEM0071701,ORD00717,PROD007,3,449.0
ITEM0071702,ORD00717,PROD004,5,599.0
ITEM0071703,ORD00717,PROD006,3,449.0
ITEM0071704,ORD00717,PROD002,4,549.0
ITEM0071801,ORD00718,PROD007,4,449.0
ITEM0071802,ORD00718,PROD005,5,649.0
ITEM0071803,ORD00718,PROD010,2,479.0
ITEM0071804,ORD00718,PROD009,1,489.0
ITEM0071901,ORD00719,PROD004,3,599.0
ITEM0071902,ORD00719,PROD011,5,299.0
ITEM0071903,ORD00719,PROD012,5,499.0
ITEM0071904,ORD00719,PROD008,4,469.0
ITEM0072001,ORD00720,PROD009,2,489.0
ITEM0072101,ORD00721,PROD012,3,499.0
ITEM0072102,ORD00721,PROD011,4,299.0
ITEM0072201,ORD00722,PROD011,2,299.0
ITEM0072301,ORD00723,PROD011,5,299.0
ITEM0072302,ORD00723,PROD003,2,529.0
ITEM0072303,ORD00723,PROD005,4,649.0
ITEM0072401,ORD00724,PROD004,3,599.0
ITEM0072501,ORD00725,PROD007,2,449.0
ITEM0072502,ORD00725,PROD011,3,299.0
ITEM0072503,ORD00725,PROD001,2,499.0
ITEM0072504,ORD00725,PROD004,1,599.0
ITEM0072601,ORD00726,PROD011,1,299.0
ITEM0072602,ORD00726,PROD014,4,699.0
ITEM0072701,ORD00727,PROD006,5,449.0
ITEM0072801,ORD00728,PROD015,1,1499.0
ITEM0072802,ORD00728,PROD006,4,449.0
ITEM0072803,ORD00728,PROD011,2,299.0
ITEM0072804,ORD00728,PROD013,2,999.0
ITEM0072901,ORD00729,PROD009,5,489.0
ITEM0073001,ORD00730,PROD004,5,599.0
ITEM0073101,ORD00731,PROD013,4,999.0
ITEM0073102,ORD00731,PROD012,2,499.0
ITEM0073103,ORD00731,PROD014,2,699.0
ITEM0073104,ORD00731,PROD004,1,599.0
ITEM0073201,ORD00732,PROD007,4,449.0
ITEM0073202,ORD00732,PROD005,5,649.0
ITEM0073203,ORD00732,PROD010,3,479.0
ITEM0073204,ORD00732,PROD001,1,499.0
ITEM0073301,ORD00733,PROD005,2,649.0
ITEM0073302,ORD00733,PROD013,3,999.0
ITEM0073401,ORD00734,PROD011,5,299.0
ITEM0073501,ORD00735,PROD005,4,649.0
ITEM0073502,ORD00735,PROD009,3,489.0
ITEM0073601,ORD00736,PROD009,2,489.0
ITEM0073701,ORD00737,PROD015,2,1499.0
ITEM0073702,ORD00737,PROD005,3,649.0
ITEM0073703,ORD00737,PROD014,2,699.0
ITEM0073704,ORD00737,PROD002,2,549.0
ITEM0073801,ORD00738,PROD013,4,999.0
ITEM0073802,ORD00738,PROD001,4,499.0
ITEM0073803,ORD00738,PROD005,4,649.0
ITEM0073804,ORD00738,PROD002,3,549.0
ITEM0073901,ORD00739,PROD014,2,699.0
ITEM0074001,ORD00740,PROD007,5,449.0
ITEM0074002,ORD00740,PROD010,3,479.0
ITEM0074003,ORD00740,PROD012,4,499.0
ITEM0074101,ORD00741,PROD011,2,299.0
ITEM0074102,ORD00741,PROD008,1,469.0
ITEM0074201,ORD00742,PROD010,2,479.0
ITEM0074202,ORD00742,PROD002,2,549.0
ITEM0074203,ORD00742,PROD014,5,699.0
ITEM0074301,ORD00743,PROD013,2,999.0
ITEM0074302,ORD00743,PROD006,3,449.0
ITEM0074303,ORD00743,PROD008,2,469.0
ITEM0074304,ORD00743,PROD015,5,1499.0
ITEM0074401,ORD00744,PROD002,3,549.0
ITEM0074402,ORD00744,PROD007,2,449.0
ITEM0074501,ORD00745,PROD001,5,499.0
ITEM0074502,ORD00745,PROD015,5,1499.0
ITEM0074601,ORD00746,PROD004,1,599.0
ITEM0074602,ORD00746,PROD005,4,649.0
ITEM0074603,ORD00746,PROD012,5,499.0
ITEM0074604,ORD00746,PROD003,4,529.0
ITEM0074701,ORD00747,PROD003,1,529.0
ITEM0074702,ORD00747,PROD010,5,479.0
ITEM0074703,ORD00747,PROD002,4,549.0
ITEM0074801,ORD00748,PROD002,2,549.0
ITEM0074802,ORD00748,PROD004,3,599.0
ITEM0074803,ORD00748,PROD012,3,499.0
ITEM0074804,ORD00748,PROD014,4,699.0
ITEM0074901,ORD00749,PROD010,3,479.0
ITEM0074902,ORD00749,PROD004,2,599.0
ITEM0075001,ORD00750,PROD001,3,499.0
ITEM0075002,ORD00750,PROD005,2,649.0
ITEM0075101,ORD00751,PROD010,4,479.0
ITEM0075102,ORD00751,PROD011,1,299.0
ITEM0075103,ORD00751,PROD014,1,699.0
ITEM0075201,ORD00752,PROD011,4,299.0
ITEM0075202,ORD00752,PROD004,5,599.0
ITEM0075203,ORD00752,PROD012,3,499.0
ITEM0075204,ORD00752,PROD007,1,449.0
ITEM0075301,ORD00753,PROD015,3,1499.0
ITEM0075302,ORD00753,PROD004,5,599.0
ITEM0075303,ORD00753,PROD008,5,469.0
ITEM0075401,ORD00754,PROD005,2,649.0
ITEM0075402,ORD00754,PROD007,5,449.0
ITEM0075403,ORD00754,PROD011,1,299.0
ITEM0075404,ORD00754,PROD006,5,449.0
ITEM0075501,ORD00755,PROD015,1,1499.0
ITEM0075502,ORD00755,PROD006,3,449.0
ITEM0075503,ORD00755,PROD008,5,469.0
ITEM0075504,ORD00755,PROD003,4,529.0
ITEM0075601,ORD00756,PROD003,4,529.0
ITEM0075701,ORD00757,PROD005,5,649.0
ITEM0075702,ORD00757,PROD015,3,1499.0
ITEM0075703,ORD00757,PROD010,4,479.0
ITEM0075704,ORD00757,PROD014,2,699.0
ITEM0075801,ORD00758,PROD009,4,489.0
ITEM0075802,ORD00758,PROD014,1,699.0
ITEM0075901,ORD00759,PROD001,3,499.0
ITEM0075902,ORD00759,PROD008,2,469.0
ITEM0076001,ORD00760,PROD001,5,499.0
ITEM0076002,ORD00760,PROD008,4,469.0
ITEM0076003,ORD00760,PROD006,4,449.0
ITEM0076004,ORD00760,PROD012,4,499.0
ITEM0076101,ORD00761,PROD004,3,599.0
ITEM0076201,ORD00762,PROD010,2,479.0
ITEM0076202,ORD00762,PROD011,5,299.0
ITEM0076203,ORD00762,PROD015,1,1499.0
ITEM0076301,ORD00763,PROD004,4,599.0
ITEM0076401,ORD00764,PROD005,1,649.0
ITEM0076501,ORD00765,PROD014,3,699.0
ITEM0076601,ORD00766,PROD008,1,469.0
ITEM0076602,ORD00766,PROD011,3,299.0
ITEM0076603,ORD00766,PROD005,1,649.0
ITEM0076604,ORD00766,PROD010,5,479.0
ITEM0076701,ORD00767,PROD004,1,599.0
ITEM0076702,ORD00767,PROD014,3,699.0
ITEM0076801,ORD00768,PROD002,2,549.0
ITEM0076802,ORD00768,PROD007,4,449.0
ITEM0076803,ORD00768,PROD005,1,649.0
ITEM0076804,ORD00768,PROD003,1,529.0
ITEM0076901,ORD00769,PROD005,2,649.0
ITEM0076902,ORD00769,PROD011,1,299.0
ITEM0076903,ORD00769,PROD013,3,999.0
ITEM0076904,ORD00769,PROD014,4,699.0
ITEM0077001,ORD00770,PROD015,2,1499.0
ITEM0077002,ORD00770,PROD011,3,299.0
ITEM0077003,ORD00770,PROD010,1,479.0
ITEM0077101,ORD00771,PROD008,5,469.0
ITEM0077102,ORD00771,PROD007,5,449.0
ITEM0077103,ORD00771,PROD015,4,1499.0
ITEM0077104,ORD00771,PROD005,1,649.0
ITEM0077201,ORD00772,PROD007,4,449.0
ITEM0077202,ORD00772,PROD011,1,299.0
ITEM0077301,ORD00773,PROD011,2,299.0
ITEM0077302,ORD00773,PROD004,4,599.0
ITEM0077303,ORD00773,PROD015,5,1499.0
ITEM0077304,ORD00773,PROD013,5,999.0
ITEM0077401,ORD00774,PROD015,4,1499.0
ITEM0077501,ORD00775,PROD014,4,699.0
ITEM0077502,ORD00775,PROD004,3,599.0
ITEM0077503,ORD00775,PROD009,5,489.0
ITEM0077601,ORD00776,PROD009,1,489.0
ITEM0077701,ORD00777,PROD011,3,299.0
ITEM0077702,ORD00777,PROD012,3,499.0
ITEM0077703,ORD00777,PROD010,5,479.0
ITEM0077704,ORD00777,PROD005,1,649.0
ITEM0077801,ORD00778,PROD003,1,529.0
ITEM0077802,ORD00778,PROD013,1,999.0
ITEM0077803,ORD00778,PROD015,4,1499.0
ITEM0077804,ORD00778,PROD007,3,449.0
ITEM0077901,ORD00779,PROD010,2,479.0
ITEM0077902,ORD00779,PROD013,2,999.0
ITEM0077903,ORD00779,PROD005,2,649.0
ITEM0077904,ORD00779,PROD006,1,449.0
ITEM0078001,ORD00780,PROD007,5,449.0
ITEM0078101,ORD00781,PROD003,4,529.0
ITEM0078201,ORD00782,PROD005,4,649.0
ITEM0078202,ORD00782,PROD010,3,479.0
ITEM0078203,ORD00782,PROD014,1,699.0
ITEM0078204,ORD00782,PROD006,2,449.0
ITEM0078301,ORD00783,PROD012,2,499.0
ITEM0078401,ORD00784,PROD011,4,299.0
ITEM0078402,ORD00784,PROD004,5,599.0
ITEM0078501,ORD00785,PROD003,1,529.0
ITEM0078502,ORD00785,PROD008,2,469.0
ITEM0078503,ORD00785,PROD007,2,449.0
ITEM0078504,ORD00785,PROD001,4,499.0
ITEM0078601,ORD00786,PROD010,5,479.0
ITEM0078602,ORD00786,PROD004,4,599.0
ITEM0078603,ORD00786,PROD014,1,699.0
ITEM0078604,ORD00786,PROD005,3,649.0
ITEM0078701,ORD00787,PROD007,5,449.0
ITEM0078702,ORD00787,PROD014,5,699.0
ITEM0078703,ORD00787,PROD008,5,469.0
ITEM0078704,ORD00787,PROD012,3,499.0
ITEM0078801,ORD00788,PROD004,1,599.0
ITEM0078802,ORD00788,PROD012,4,499.0
ITEM0078803,ORD00788,PROD001,5,499.0
ITEM0078804,ORD00788,PROD009,3,489.0
ITEM0078901,ORD00789,PROD015,5,1499.0
ITEM0078902,ORD00789,PROD008,3,469.0
ITEM0078903,ORD00789,PROD002,4,549.0
ITEM0078904,ORD00789,PROD014,4,699.0
ITEM0079001,ORD00790,PROD008,4,469.0
ITEM0079002,ORD00790,PROD006,2,449.0
ITEM0079101,ORD00791,PROD015,4,1499.0
ITEM0079102,ORD00791,PROD010,2,479.0
ITEM0079103,ORD00791,PROD012,3,499.0
ITEM0079201,ORD00792,PROD013,2,999.0
ITEM0079202,ORD00792,PROD008,5,469.0
ITEM0079203,ORD00792,PROD015,2,1499.0
ITEM0079301,ORD00793,PROD003,2,529.0
ITEM0079302,ORD00793,PROD004,5,599.0
ITEM0079401,ORD00794,PROD005,1,649.0
ITEM0079402,ORD00794,PROD004,1,599.0
ITEM0079403,ORD00794,PROD014,3,699.0
ITEM0079404,ORD00794,PROD009,3,489.0
ITEM0079501,ORD00795,PROD013,1,999.0
ITEM0079601,ORD00796,PROD002,2,549.0
ITEM0079602,ORD00796,PROD009,4,489.0
ITEM0079701,ORD00797,PROD013,5,999.0
ITEM0079801,ORD00798,PROD012,1,499.0
ITEM0079901,ORD00799,PROD002,5,549.0
ITEM0080001,ORD00800,PROD009,1,489.0
ITEM0080101,ORD00801,PROD003,4,529.0
ITEM0080102,ORD00801,PROD012,5,499.0
ITEM0080103,ORD00801,PROD005,4,649.0
ITEM0080201,ORD00802,PROD006,1,449.0
ITEM0080202,ORD00802,PROD014,2,699.0
ITEM0080203,ORD00802,PROD003,4,529.0
ITEM0080301,ORD00803,PROD004,4,599.0
ITEM0080401,ORD00804,PROD005,3,649.0
ITEM0080501,ORD00805,PROD003,5,529.0
ITEM0080502,ORD00805,PROD013,4,999.0
ITEM0080601,ORD00806,PROD007,3,449.0
ITEM0080602,ORD00806,PROD015,1,1499.0
ITEM0080603,ORD00806,PROD008,4,469.0
ITEM0080604,ORD00806,PROD009,2,489.0
ITEM0080701,ORD00807,PROD002,3,549.0
ITEM0080801,ORD00808,PROD007,4,449.0
ITEM0080802,ORD00808,PROD001,1,499.0
ITEM0080901,ORD00809,PROD011,5,299.0
ITEM0081001,ORD00810,PROD012,3,499.0
ITEM0081002,ORD00810,PROD015,1,1499.0
ITEM0081003,ORD00810,PROD006,3,449.0
ITEM0081101,ORD00811,PROD012,4,499.0
ITEM0081102,ORD00811,PROD007,2,449.0
ITEM0081201,ORD00812,PROD012,4,499.0
ITEM0081202,ORD00812,PROD006,2,449.0
ITEM0081203,ORD00812,PROD013,3,999.0
ITEM0081204,ORD00812,PROD011,1,299.0
ITEM0081301,ORD00813,PROD009,3,489.0
ITEM0081302,ORD00813,PROD015,2,1499.0
ITEM0081401,ORD00814,PROD013,1,999.0
ITEM0081402,ORD00814,PROD011,1,299.0
ITEM0081403,ORD00814,PROD003,5,529.0
ITEM0081501,ORD00815,PROD012,1,499.0
ITEM0081502,ORD00815,PROD007,1,449.0
ITEM0081503,ORD00815,PROD009,3,489.0
ITEM0081601,ORD00816,PROD013,1,999.0
ITEM0081701,ORD00817,PROD008,3,469.0
ITEM0081801,ORD00818,PROD006,3,449.0
ITEM0081802,ORD00818,PROD005,5,649.0
ITEM0081901,ORD00819,PROD002,5,549.0
ITEM0081902,ORD00819,PROD006,5,449.0
ITEM0082001,ORD00820,PROD012,4,499.0
ITEM0082002,ORD00820,PROD007,1,449.0
ITEM0082101,ORD00821,PROD008,4,469.0
ITEM0082102,ORD00821,PROD004,1,599.0
ITEM0082201,ORD00822,PROD014,4,699.0
ITEM0082202,ORD00822,PROD005,4,649.0
ITEM0082203,ORD00822,PROD010,4,479.0
ITEM0082204,ORD00822,PROD008,4,469.0
ITEM0082301,ORD00823,PROD008,4,469.0
ITEM0082302,ORD00823,PROD012,2,499.0
ITEM0082401,ORD00824,PROD012,2,499.0
ITEM0082501,ORD00825,PROD009,1,489.0
ITEM0082502,ORD00825,PROD006,5,449.0
ITEM0082601,ORD00826,PROD010,5,479.0
ITEM0082602,ORD00826,PROD005,2,649.0
ITEM0082603,ORD00826,PROD001,1,499.0
ITEM0082701,ORD00827,PROD005,2,649.0
ITEM0082702,ORD00827,PROD008,2,469.0
ITEM0082703,ORD00827,PROD001,5,499.0
ITEM0082801,ORD00828,PROD015,2,1499.0
ITEM0082802,ORD00828,PROD005,4,649.0
ITEM0082803,ORD00828,PROD004,1,599.0
ITEM0082901,ORD00829,PROD007,4,449.0
ITEM0083001,ORD00830,PROD013,5,999.0
ITEM0083002,ORD00830,PROD007,2,449.0
ITEM0083003,ORD00830,PROD008,2,469.0
ITEM0083101,ORD00831,PROD003,1,529.0
ITEM0083102,ORD00831,PROD014,5,699.0
ITEM0083103,ORD00831,PROD012,5,499.0
ITEM0083104,ORD00831,PROD006,4,449.0
ITEM0083201,ORD00832,PROD009,4,489.0
ITEM0083202,ORD00832,PROD001,3,499.0
ITEM0083203,ORD00832,PROD011,1,299.0
ITEM0083301,ORD00833,PROD009,5,489.0
ITEM0083302,ORD00833,PROD011,1,299.0
ITEM0083303,ORD00833,PROD002,2,549.0
ITEM0083401,ORD00834,PROD010,5,479.0
ITEM0083501,ORD00835,PROD002,5,549.0
ITEM0083601,ORD00836,PROD004,5,599.0
ITEM0083602,ORD00836,PROD014,4,699.0
ITEM0083701,ORD00837,PROD010,3,479.0
ITEM0083702,ORD00837,PROD001,4,499.0
ITEM0083703,ORD00837,PROD008,2,469.0
ITEM0083704,ORD00837,PROD014,4,699.0
ITEM0083801,ORD00838,PROD002,5,549.0
ITEM0083802,ORD00838,PROD015,2,1499.0
ITEM0083803,ORD00838,PROD014,3,699.0
ITEM0083901,ORD00839,PROD003,3,529.0
ITEM0084001,ORD00840,PROD010,3,479.0
ITEM0084101,ORD00841,PROD007,2,449.0
ITEM0084102,ORD00841,PROD002,4,549.0
ITEM0084103,ORD00841,PROD006,3,449.0
ITEM0084201,ORD00842,PROD001,2,499.0
ITEM0084301,ORD00843,PROD009,1,489.0
ITEM0084302,ORD00843,PROD013,3,999.0
ITEM0084303,ORD00843,PROD015,1,1499.0
ITEM0084304,ORD00843,PROD007,3,449.0
ITEM0084401,ORD00844,PROD001,1,499.0
ITEM0084402,ORD00844,PROD007,3,449.0
ITEM0084403,ORD00844,PROD011,5,299.0
ITEM0084404,ORD00844,PROD004,5,599.0
ITEM0084501,ORD00845,PROD005,4,649.0
ITEM0084502,ORD00845,PROD010,4,479.0
ITEM0084601,ORD00846,PROD006,2,449.0
ITEM0084602,ORD00846,PROD009,2,489.0
ITEM0084701,ORD00847,PROD001,3,499.0
ITEM0084702,ORD00847,PROD015,2,1499.0
ITEM0084703,ORD00847,PROD008,1,469.0
ITEM0084704,ORD00847,PROD010,1,479.0
ITEM0084801,ORD00848,PROD014,3,699.0
ITEM0084802,ORD00848,PROD011,2,299.0
ITEM0084803,ORD00848,PROD007,5,449.0
ITEM0084901,ORD00849,PROD012,5,499.0
ITEM0084902,ORD00849,PROD009,1,489.0
ITEM0085001,ORD00850,PROD014,2,699.0
ITEM0085101,ORD00851,PROD004,3,599.0
ITEM0085102,ORD00851,PROD010,3,479.0
ITEM0085103,ORD00851,PROD009,4,489.0
ITEM0085104,ORD00851,PROD006,3,449.0
ITEM0085201,ORD00852,PROD010,2,479.0
ITEM0085202,ORD00852,PROD006,1,449.0
ITEM0085203,ORD00852,PROD001,5,499.0
ITEM0085204,ORD00852,PROD012,4,499.0
ITEM0085301,ORD00853,PROD009,4,489.0
ITEM0085302,ORD00853,PROD012,5,499.0
ITEM0085303,ORD00853,PROD014,1,699.0
ITEM0085304,ORD00853,PROD008,1,469.0
ITEM0085401,ORD00854,PROD011,5,299.0
ITEM0085402,ORD00854,PROD002,3,549.0
ITEM0085403,ORD00854,PROD006,4,449.0
ITEM0085404,ORD00854,PROD007,2,449.0
ITEM0085501,ORD00855,PROD015,1,1499.0
ITEM0085502,ORD00855,PROD004,2,599.0
ITEM0085503,ORD00855,PROD008,1,469.0
ITEM0085601,ORD00856,PROD004,3,599.0
ITEM0085602,ORD00856,PROD002,2,549.0
ITEM0085603,ORD00856,PROD010,2,479.0
ITEM0085701,ORD00857,PROD015,2,1499.0
ITEM0085702,ORD00857,PROD012,1,499.0
ITEM0085703,ORD00857,PROD014,2,699.0
ITEM0085704,ORD00857,PROD010,4,479.0
ITEM0085801,ORD00858,PROD003,5,529.0
ITEM0085802,ORD00858,PROD009,5,489.0
ITEM0085803,ORD00858,PROD004,5,599.0
ITEM0085804,ORD00858,PROD011,2,299.0
ITEM0085901,ORD00859,PROD003,3,529.0
ITEM0086001,ORD00860,PROD004,1,599.0
ITEM0086002,ORD00860,PROD014,5,699.0
ITEM0086003,ORD00860,PROD011,5,299.0
ITEM0086101,ORD00861,PROD007,1,449.0
ITEM0086201,ORD00862,PROD005,4,649.0
ITEM0086202,ORD00862,PROD002,4,549.0
ITEM0086203,ORD00862,PROD011,3,299.0
ITEM0086204,ORD00862,PROD009,5,489.0
ITEM0086301,ORD00863,PROD001,4,499.0
ITEM0086302,ORD00863,PROD005,5,649.0
ITEM0086401,ORD00864,PROD006,5,449.0
ITEM0086402,ORD00864,PROD002,1,549.0
ITEM0086501,ORD00865,PROD002,3,549.0
ITEM0086502,ORD00865,PROD004,3,599.0
ITEM0086503,ORD00865,PROD014,1,699.0
ITEM0086504,ORD00865,PROD003,1,529.0
ITEM0086601,ORD00866,PROD010,3,479.0
ITEM0086701,ORD00867,PROD004,5,599.0
ITEM0086702,ORD00867,PROD006,2,449.0
ITEM0086703,ORD00867,PROD001,1,499.0
ITEM0086704,ORD00867,PROD014,5,699.0
ITEM0086801,ORD00868,PROD010,1,479.0
ITEM0086802,ORD00868,PROD002,4,549.0
ITEM0086803,ORD00868,PROD014,3,699.0
ITEM0086804,ORD00868,PROD001,1,499.0
ITEM0086901,ORD00869,PROD001,4,499.0
ITEM0086902,ORD00869,PROD005,1,649.0
ITEM0086903,ORD00869,PROD010,1,479.0
ITEM0086904,ORD00869,PROD011,1,299.0
ITEM0087001,ORD00870,PROD007,2,449.0
ITEM0087002,ORD00870,PROD002,5,549.0
ITEM0087003,ORD00870,PROD010,5,479.0
ITEM0087004,ORD00870,PROD015,1,1499.0
ITEM0087101,ORD00871,PROD015,3,1499.0
ITEM0087102,ORD00871,PROD010,1,479.0
ITEM0087103,ORD00871,PROD014,4,699.0
ITEM0087104,ORD00871,PROD002,5,549.0
ITEM0087201,ORD00872,PROD001,5,499.0
ITEM0087301,ORD00873,PROD015,2,1499.0
ITEM0087302,ORD00873,PROD010,5,479.0
ITEM0087401,ORD00874,PROD003,1,529.0
ITEM0087402,ORD00874,PROD004,2,599.0
ITEM0087403,ORD00874,PROD015,3,1499.0
ITEM0087404,ORD00874,PROD001,5,499.0
ITEM0087501,ORD00875,PROD005,2,649.0
ITEM0087502,ORD00875,PROD010,2,479.0
ITEM0087503,ORD00875,PROD009,4,489.0
ITEM0087601,ORD00876,PROD001,2,499.0
ITEM0087602,ORD00876,PROD009,1,489.0
ITEM0087603,ORD00876,PROD010,2,479.0
ITEM0087701,ORD00877,PROD006,2,449.0
ITEM0087702,ORD00877,PROD004,1,599.0
ITEM0087703,ORD00877,PROD014,3,699.0
ITEM0087704,ORD00877,PROD011,2,299.0
ITEM0087801,ORD00878,PROD010,5,479.0
ITEM0087802,ORD00878,PROD012,3,499.0
ITEM0087803,ORD00878,PROD006,5,449.0
ITEM0087804,ORD00878,PROD015,3,1499.0
ITEM0087901,ORD00879,PROD015,2,1499.0
ITEM0087902,ORD00879,PROD013,1,999.0
ITEM0087903,ORD00879,PROD001,2,499.0
ITEM0087904,ORD00879,PROD008,2,469.0
ITEM0088001,ORD00880,PROD013,2,999.0
ITEM0088002,ORD00880,PROD012,4,499.0
ITEM0088003,ORD00880,PROD007,2,449.0
ITEM0088101,ORD00881,PROD006,1,449.0
ITEM0088201,ORD00882,PROD004,1,599.0
ITEM0088202,ORD00882,PROD011,1,299.0
ITEM0088203,ORD00882,PROD010,2,479.0
ITEM0088204,ORD00882,PROD006,2,449.0
ITEM0088301,ORD00883,PROD012,5,499.0
ITEM0088302,ORD00883,PROD003,2,529.0
ITEM0088303,ORD00883,PROD006,2,449.0
ITEM0088401,ORD00884,PROD015,2,1499.0
ITEM0088402,ORD00884,PROD002,4,549.0
ITEM0088403,ORD00884,PROD001,1,499.0
ITEM0088501,ORD00885,PROD006,3,449.0
ITEM0088502,ORD00885,PROD013,2,999.0
ITEM0088601,ORD00886,PROD015,2,1499.0
ITEM0088602,ORD00886,PROD012,2,499.0
ITEM0088603,ORD00886,PROD002,2,549.0
ITEM0088604,ORD00886,PROD013,2,999.0
ITEM0088701,ORD00887,PROD010,2,479.0
ITEM0088702,ORD00887,PROD007,1,449.0
ITEM0088703,ORD00887,PROD011,5,299.0
ITEM0088801,ORD00888,PROD013,2,999.0
ITEM0088802,ORD00888,PROD003,1,529.0
ITEM0088803,ORD00888,PROD006,3,449.0
ITEM0088901,ORD00889,PROD004,5,599.0
ITEM0088902,ORD00889,PROD012,1,499.0
ITEM0088903,ORD00889,PROD002,2,549.0
ITEM0088904,ORD00889,PROD008,5,469.0
ITEM0089001,ORD00890,PROD003,5,529.0
ITEM0089002,ORD00890,PROD006,4,449.0
ITEM0089003,ORD00890,PROD012,4,499.0
ITEM0089004,ORD00890,PROD014,4,699.0
ITEM0089101,ORD00891,PROD004,2,599.0
ITEM0089201,ORD00892,PROD007,3,449.0
ITEM0089202,ORD00892,PROD004,4,599.0
ITEM0089301,ORD00893,PROD005,2,649.0
ITEM0089302,ORD00893,PROD009,1,489.0
ITEM0089303,ORD00893,PROD002,3,549.0
ITEM0089401,ORD00894,PROD008,5,469.0
ITEM0089501,ORD00895,PROD007,3,449.0
ITEM0089502,ORD00895,PROD015,3,1499.0
ITEM0089503,ORD00895,PROD006,4,449.0
ITEM0089504,ORD00895,PROD008,1,469.0
ITEM0089601,ORD00896,PROD006,1,449.0
ITEM0089701,ORD00897,PROD013,3,999.0
ITEM0089801,ORD00898,PROD006,1,449.0
ITEM0089901,ORD00899,PROD005,3,649.0
ITEM0089902,ORD00899,PROD015,2,1499.0
ITEM0089903,ORD00899,PROD012,5,499.0
ITEM0090001,ORD00900,PROD013,3,999.0
ITEM0090101,ORD00901,PROD007,1,449.0
ITEM0090102,ORD00901,PROD014,4,699.0
ITEM0090103,ORD00901,PROD010,5,479.0
ITEM0090104,ORD00901,PROD011,2,299.0
ITEM0090201,ORD00902,PROD008,5,469.0
ITEM0090202,ORD00902,PROD004,5,599.0
ITEM0090301,ORD00903,PROD006,2,449.0
ITEM0090302,ORD00903,PROD013,4,999.0
ITEM0090303,ORD00903,PROD002,4,549.0
ITEM0090304,ORD00903,PROD015,2,1499.0
ITEM0090401,ORD00904,PROD006,2,449.0
ITEM0090501,ORD00905,PROD008,3,469.0
ITEM0090601,ORD00906,PROD013,3,999.0
ITEM0090602,ORD00906,PROD015,3,1499.0
ITEM0090603,ORD00906,PROD012,5,499.0
ITEM0090604,ORD00906,PROD009,1,489.0
ITEM0090701,ORD00907,PROD006,5,449.0
ITEM0090702,ORD00907,PROD010,5,479.0
ITEM0090801,ORD00908,PROD007,5,449.0
ITEM0090802,ORD00908,PROD002,4,549.0
ITEM0090901,ORD00909,PROD011,1,299.0
ITEM0090902,ORD00909,PROD005,5,649.0
ITEM0090903,ORD00909,PROD002,2,549.0
ITEM0090904,ORD00909,PROD003,1,529.0
ITEM0091001,ORD00910,PROD004,4,599.0
ITEM0091002,ORD00910,PROD002,3,549.0
ITEM0091101,ORD00911,PROD008,1,469.0
ITEM0091201,ORD00912,PROD014,2,699.0
ITEM0091202,ORD00912,PROD007,1,449.0
ITEM0091203,ORD00912,PROD015,2,1499.0
ITEM0091301,ORD00913,PROD007,2,449.0
ITEM0091401,ORD00914,PROD003,5,529.0
ITEM0091402,ORD00914,PROD010,2,479.0
ITEM0091403,ORD00914,PROD014,5,699.0
ITEM0091404,ORD00914,PROD005,4,649.0
ITEM0091501,ORD00915,PROD008,4,469.0
ITEM0091502,ORD00915,PROD002,5,549.0
ITEM0091601,ORD00916,PROD008,1,469.0
ITEM0091602,ORD00916,PROD015,3,1499.0
ITEM0091603,ORD00916,PROD010,4,479.0
ITEM0091604,ORD00916,PROD001,3,499.0
ITEM0091701,ORD00917,PROD007,2,449.0
ITEM0091702,ORD00917,PROD004,5,599.0
ITEM0091801,ORD00918,PROD012,1,499.0
ITEM0091802,ORD00918,PROD010,4,479.0
ITEM0091901,ORD00919,PROD005,5,649.0
ITEM0091902,ORD00919,PROD011,3,299.0
ITEM0092001,ORD00920,PROD015,4,1499.0
ITEM0092002,ORD00920,PROD008,5,469.0
ITEM0092101,ORD00921,PROD009,3,489.0
ITEM0092201,ORD00922,PROD009,4,489.0
ITEM0092202,ORD00922,PROD001,1,499.0
ITEM0092301,ORD00923,PROD014,1,699.0
ITEM0092302,ORD00923,PROD004,3,599.0
ITEM0092303,ORD00923,PROD007,1,449.0
ITEM0092304,ORD00923,PROD001,2,499.0
ITEM0092401,ORD00924,PROD002,5,549.0
ITEM0092501,ORD00925,PROD003,2,529.0
ITEM0092502,ORD00925,PROD008,1,469.0
ITEM0092503,ORD00925,PROD005,5,649.0
ITEM0092504,ORD00925,PROD015,1,1499.0
ITEM0092601,ORD00926,PROD003,3,529.0
ITEM0092602,ORD00926,PROD002,2,549.0
ITEM0092603,ORD00926,PROD011,4,299.0
ITEM0092604,ORD00926,PROD001,3,499.0
ITEM0092701,ORD00927,PROD008,1,469.0
ITEM0092702,ORD00927,PROD012,5,499.0
ITEM0092801,ORD00928,PROD008,1,469.0
ITEM0092802,ORD00928,PROD001,1,499.0
ITEM0092803,ORD00928,PROD010,4,479.0
ITEM0092901,ORD00929,PROD015,1,1499.0
ITEM0092902,ORD00929,PROD004,1,599.0
ITEM0092903,ORD00929,PROD014,4,699.0
ITEM0093001,ORD00930,PROD011,1,299.0
ITEM0093002,ORD00930,PROD015,2,1499.0
ITEM0093101,ORD00931,PROD012,1,499.0
ITEM0093102,ORD00931,PROD003,4,529.0
ITEM0093201,ORD00932,PROD009,5,489.0
ITEM0093202,ORD00932,PROD011,2,299.0
ITEM0093203,ORD00932,PROD004,5,599.0
ITEM0093301,ORD00933,PROD002,3,549.0
ITEM0093302,ORD00933,PROD006,2,449.0
ITEM0093401,ORD00934,PROD007,2,449.0
ITEM0093501,ORD00935,PROD011,1,299.0
ITEM0093502,ORD00935,PROD010,1,479.0
ITEM0093503,ORD00935,PROD006,2,449.0
ITEM0093601,ORD00936,PROD002,2,549.0
ITEM0093602,ORD00936,PROD012,3,499.0
ITEM0093603,ORD00936,PROD009,1,489.0
ITEM0093604,ORD00936,PROD010,5,479.0
ITEM0093701,ORD00937,PROD006,3,449.0
ITEM0093702,ORD00937,PROD003,4,529.0
ITEM0093801,ORD00938,PROD007,2,449.0
ITEM0093802,ORD00938,PROD009,5,489.0
ITEM0093803,ORD00938,PROD011,5,299.0
ITEM0093804,ORD00938,PROD012,1,499.0
ITEM0093901,ORD00939,PROD005,2,649.0
ITEM0094001,ORD00940,PROD001,2,499.0
ITEM0094101,ORD00941,PROD007,1,449.0
ITEM0094102,ORD00941,PROD004,2,599.0
ITEM0094201,ORD00942,PROD012,3,499.0
ITEM0094202,ORD00942,PROD006,1,449.0
ITEM0094203,ORD00942,PROD003,5,529.0
ITEM0094204,ORD00942,PROD005,4,649.0
ITEM0094301,ORD00943,PROD014,3,699.0
ITEM0094302,ORD00943,PROD012,3,499.0
ITEM0094401,ORD00944,PROD013,2,999.0
ITEM0094402,ORD00944,PROD011,5,299.0
ITEM0094501,ORD00945,PROD008,1,469.0
ITEM0094502,ORD00945,PROD011,1,299.0
ITEM0094601,ORD00946,PROD001,2,499.0
ITEM0094602,ORD00946,PROD011,2,299.0
ITEM0094701,ORD00947,PROD004,1,599.0
ITEM0094702,ORD00947,PROD009,4,489.0
ITEM0094801,ORD00948,PROD004,2,599.0
ITEM0094802,ORD00948,PROD007,5,449.0
ITEM0094901,ORD00949,PROD011,1,299.0
ITEM0094902,ORD00949,PROD004,3,599.0
ITEM0094903,ORD00949,PROD005,4,649.0
ITEM0094904,ORD00949,PROD008,4,469.0
ITEM0095001,ORD00950,PROD013,1,999.0
ITEM0095002,ORD00950,PROD003,4,529.0
ITEM0095003,ORD00950,PROD015,4,1499.0
ITEM0095004,ORD00950,PROD008,1,469.0
ITEM0095101,ORD00951,PROD009,2,489.0
ITEM0095102,ORD00951,PROD012,3,499.0
ITEM0095201,ORD00952,PROD007,4,449.0
ITEM0095202,ORD00952,PROD009,1,489.0
ITEM0095203,ORD00952,PROD010,3,479.0
ITEM0095301,ORD00953,PROD001,5,499.0
ITEM0095302,ORD00953,PROD015,3,1499.0
ITEM0095401,ORD00954,PROD012,3,499.0
ITEM0095402,ORD00954,PROD006,5,449.0
ITEM0095403,ORD00954,PROD007,1,449.0
ITEM0095404,ORD00954,PROD008,4,469.0
ITEM0095501,ORD00955,PROD007,5,449.0
ITEM0095601,ORD00956,PROD013,3,999.0
ITEM0095602,ORD00956,PROD015,5,1499.0
ITEM0095603,ORD00956,PROD012,4,499.0
ITEM0095701,ORD00957,PROD015,2,1499.0
ITEM0095702,ORD00957,PROD007,4,449.0
ITEM0095703,ORD00957,PROD012,1,499.0
ITEM0095704,ORD00957,PROD004,3,599.0
ITEM0095801,ORD00958,PROD005,4,649.0
ITEM0095802,ORD00958,PROD010,2,479.0
ITEM0095901,ORD00959,PROD001,1,499.0
ITEM0095902,ORD00959,PROD002,4,549.0
ITEM0096001,ORD00960,PROD009,2,489.0
ITEM0096101,ORD00961,PROD005,5,649.0
ITEM0096102,ORD00961,PROD012,4,499.0
ITEM0096103,ORD00961,PROD015,5,1499.0
ITEM0096104,ORD00961,PROD009,3,489.0
ITEM0096201,ORD00962,PROD002,5,549.0
ITEM0096301,ORD00963,PROD012,4,499.0
ITEM0096302,ORD00963,PROD004,3,599.0
ITEM0096303,ORD00963,PROD015,1,1499.0
ITEM0096401,ORD00964,PROD013,4,999.0
ITEM0096501,ORD00965,PROD003,2,529.0
ITEM0096502,ORD00965,PROD015,2,1499.0
ITEM0096503,ORD00965,PROD006,4,449.0
ITEM0096504,ORD00965,PROD014,2,699.0
ITEM0096601,ORD00966,PROD003,1,529.0
ITEM0096602,ORD00966,PROD004,2,599.0
ITEM0096701,ORD00967,PROD008,2,469.0
ITEM0096702,ORD00967,PROD011,1,299.0
ITEM0096703,ORD00967,PROD010,3,479.0
ITEM0096704,ORD00967,PROD002,1,549.0
ITEM0096801,ORD00968,PROD001,4,499.0
ITEM0096802,ORD00968,PROD010,4,479.0
ITEM0096803,ORD00968,PROD004,1,599.0
ITEM0096901,ORD00969,PROD011,5,299.0
ITEM0097001,ORD00970,PROD007,5,449.0
ITEM0097101,ORD00971,PROD013,3,999.0
ITEM0097102,ORD00971,PROD006,3,449.0
ITEM0097103,ORD00971,PROD010,3,479.0
ITEM0097104,ORD00971,PROD007,3,449.0
ITEM0097201,ORD00972,PROD007,3,449.0
ITEM0097202,ORD00972,PROD010,1,479.0
ITEM0097203,ORD00972,PROD001,1,499.0
ITEM0097204,ORD00972,PROD006,4,449.0
ITEM0097301,ORD00973,PROD001,1,499.0
ITEM0097302,ORD00973,PROD010,5,479.0
ITEM0097401,ORD00974,PROD009,1,489.0
ITEM0097402,ORD00974,PROD007,3,449.0
ITEM0097403,ORD00974,PROD011,1,299.0
ITEM0097404,ORD00974,PROD004,3,599.0
ITEM0097501,ORD00975,PROD011,5,299.0
ITEM0097502,ORD00975,PROD008,4,469.0
ITEM0097503,ORD00975,PROD004,4,599.0
ITEM0097601,ORD00976,PROD007,1,449.0
ITEM0097602,ORD00976,PROD008,4,469.0
ITEM0097603,ORD00976,PROD011,3,299.0
ITEM0097701,ORD00977,PROD003,4,529.0
ITEM0097801,ORD00978,PROD003,5,529.0
ITEM0097802,ORD00978,PROD008,2,469.0
ITEM0097803,ORD00978,PROD002,2,549.0
ITEM0097804,ORD00978,PROD014,2,699.0
ITEM0097901,ORD00979,PROD003,3,529.0
ITEM0098001,ORD00980,PROD012,4,499.0
ITEM0098002,ORD00980,PROD005,1,649.0
ITEM0098101,ORD00981,PROD002,2,549.0
ITEM0098102,ORD00981,PROD013,5,999.0
ITEM0098103,ORD00981,PROD012,5,499.0
ITEM0098104,ORD00981,PROD006,1,449.0
ITEM0098201,ORD00982,PROD011,4,299.0
ITEM0098202,ORD00982,PROD015,2,1499.0
ITEM0098203,ORD00982,PROD013,2,999.0
ITEM0098204,ORD00982,PROD009,3,489.0
ITEM0098301,ORD00983,PROD006,5,449.0
ITEM0098401,ORD00984,PROD010,3,479.0
ITEM0098501,ORD00985,PROD005,1,649.0
ITEM0098601,ORD00986,PROD007,2,449.0
ITEM0098602,ORD00986,PROD006,5,449.0
ITEM0098603,ORD00986,PROD013,5,999.0
ITEM0098604,ORD00986,PROD014,5,699.0
ITEM0098701,ORD00987,PROD006,4,449.0
ITEM0098702,ORD00987,PROD003,4,529.0
ITEM0098703,ORD00987,PROD005,2,649.0
ITEM0098704,ORD00987,PROD004,5,599.0
ITEM0098801,ORD00988,PROD010,3,479.0
ITEM0098901,ORD00989,PROD005,5,649.0
ITEM0099001,ORD00990,PROD001,2,499.0
ITEM0099002,ORD00990,PROD013,2,999.0
ITEM0099003,ORD00990,PROD006,1,449.0
ITEM0099004,ORD00990,PROD003,2,529.0
ITEM0099101,ORD00991,PROD014,1,699.0
ITEM0099102,ORD00991,PROD011,5,299.0
ITEM0099103,ORD00991,PROD003,4,529.0
ITEM0099201,ORD00992,PROD013,1,999.0
ITEM0099202,ORD00992,PROD007,5,449.0
ITEM0099203,ORD00992,PROD014,3,699.0
ITEM0099301,ORD00993,PROD002,1,549.0
ITEM0099302,ORD00993,PROD003,3,529.0
ITEM0099303,ORD00993,PROD006,4,449.0
ITEM0099304,ORD00993,PROD010,2,479.0
ITEM0099401,ORD00994,PROD005,2,649.0
ITEM0099402,ORD00994,PROD003,1,529.0
ITEM0099403,ORD00994,PROD004,3,599.0
ITEM0099404,ORD00994,PROD013,5,999.0
ITEM0099501,ORD00995,PROD011,1,299.0
ITEM0099502,ORD00995,PROD014,3,699.0
ITEM0099503,ORD00995,PROD003,4,529.0
ITEM0099504,ORD00995,PROD001,2,499.0
ITEM0099601,ORD00996,PROD010,4,479.0
ITEM0099602,ORD00996,PROD007,2,449.0
ITEM0099603,ORD00996,PROD003,1,529.0
ITEM0099701,ORD00997,PROD012,4,499.0
ITEM0099702,ORD00997,PROD010,1,479.0
ITEM0099703,ORD00997,PROD003,4,529.0
ITEM0099801,ORD00998,PROD006,1,449.0
ITEM0099802,ORD00998,PROD001,1,499.0
ITEM0099803,ORD00998,PROD002,4,549.0
ITEM0099804,ORD00998,PROD013,5,999.0
ITEM0099901,ORD00999,PROD005,5,649.0
ITEM0099902,ORD00999,PROD012,2,499.0
ITEM0099903,ORD00999,PROD014,4,699.0
ITEM0099904,ORD00999,PROD002,4,549.0
ITEM0100001,ORD01000,PROD002,1,549.0
ITEM0100002,ORD01000,PROD006,5,449.0
ITEM0100101,ORD01001,PROD007,5,449.0
ITEM0100201,ORD01002,PROD002,1,549.0
ITEM0100202,ORD01002,PROD009,2,489.0
ITEM0100203,ORD01002,PROD010,1,479.0
ITEM0100204,ORD01002,PROD014,2,699.0
ITEM0100301,ORD01003,PROD009,4,489.0
ITEM0100401,ORD01004,PROD010,2,479.0
ITEM0100402,ORD01004,PROD004,1,599.0
ITEM0100501,ORD01005,PROD002,1,549.0
ITEM0100601,ORD01006,PROD007,1,449.0
ITEM0100602,ORD01006,PROD011,2,299.0
ITEM0100701,ORD01007,PROD011,2,299.0
ITEM0100702,ORD01007,PROD009,5,489.0
ITEM0100703,ORD01007,PROD008,4,469.0
ITEM0100801,ORD01008,PROD010,2,479.0
ITEM0100802,ORD01008,PROD009,1,489.0
ITEM0100803,ORD01008,PROD014,1,699.0
ITEM0100901,ORD01009,PROD014,2,699.0
ITEM0100902,ORD01009,PROD015,5,1499.0
ITEM0100903,ORD01009,PROD004,5,599.0
ITEM0101001,ORD01010,PROD012,4,499.0
ITEM0101002,ORD01010,PROD010,1,479.0
ITEM0101101,ORD01011,PROD007,1,449.0
ITEM0101102,ORD01011,PROD008,3,469.0
ITEM0101201,ORD01012,PROD009,1,489.0
ITEM0101202,ORD01012,PROD004,3,599.0
ITEM0101301,ORD01013,PROD007,2,449.0
ITEM0101302,ORD01013,PROD014,3,699.0
ITEM0101401,ORD01014,PROD002,1,549.0
ITEM0101402,ORD01014,PROD005,5,649.0
ITEM0101501,ORD01015,PROD011,3,299.0
ITEM0101502,ORD01015,PROD002,3,549.0
ITEM0101503,ORD01015,PROD006,2,449.0
ITEM0101601,ORD01016,PROD007,2,449.0
ITEM0101701,ORD01017,PROD003,5,529.0
ITEM0101801,ORD01018,PROD002,5,549.0
ITEM0101802,ORD01018,PROD009,3,489.0
ITEM0101803,ORD01018,PROD006,5,449.0
ITEM0101804,ORD01018,PROD012,3,499.0
ITEM0101901,ORD01019,PROD006,4,449.0
ITEM0101902,ORD01019,PROD013,2,999.0
ITEM0102001,ORD01020,PROD008,1,469.0
ITEM0102002,ORD01020,PROD010,5,479.0
ITEM0102003,ORD01020,PROD003,2,529.0
ITEM0102004,ORD01020,PROD005,2,649.0
ITEM0102101,ORD01021,PROD001,3,499.0
ITEM0102102,ORD01021,PROD012,2,499.0
ITEM0102103,ORD01021,PROD011,5,299.0
ITEM0102201,ORD01022,PROD013,3,999.0
ITEM0102202,ORD01022,PROD008,3,469.0
ITEM0102203,ORD01022,PROD009,4,489.0
ITEM0102301,ORD01023,PROD005,4,649.0
ITEM0102401,ORD01024,PROD002,2,549.0
ITEM0102501,ORD01025,PROD002,3,549.0
ITEM0102601,ORD01026,PROD007,5,449.0
ITEM0102701,ORD01027,PROD007,1,449.0
ITEM0102801,ORD01028,PROD012,4,499.0
ITEM0102901,ORD01029,PROD012,5,499.0
ITEM0102902,ORD01029,PROD011,5,299.0
ITEM0103001,ORD01030,PROD011,5,299.0
ITEM0103002,ORD01030,PROD013,2,999.0
ITEM0103101,ORD01031,PROD009,1,489.0
ITEM0103102,ORD01031,PROD006,4,449.0
ITEM0103201,ORD01032,PROD006,2,449.0
ITEM0103301,ORD01033,PROD005,3,649.0
ITEM0103401,ORD01034,PROD012,5,499.0
ITEM0103501,ORD01035,PROD015,4,1499.0
ITEM0103601,ORD01036,PROD006,1,449.0
ITEM0103701,ORD01037,PROD002,2,549.0
ITEM0103702,ORD01037,PROD001,4,499.0
ITEM0103703,ORD01037,PROD006,3,449.0
ITEM0103801,ORD01038,PROD002,5,549.0
ITEM0103802,ORD01038,PROD009,2,489.0
ITEM0103901,ORD01039,PROD003,3,529.0
ITEM0104001,ORD01040,PROD006,5,449.0
ITEM0104002,ORD01040,PROD007,3,449.0
ITEM0104003,ORD01040,PROD003,1,529.0
ITEM0104101,ORD01041,PROD012,3,499.0
ITEM0104102,ORD01041,PROD007,2,449.0
ITEM0104103,ORD01041,PROD001,1,499.0
ITEM0104201,ORD01042,PROD007,2,449.0
ITEM0104202,ORD01042,PROD012,2,499.0
ITEM0104203,ORD01042,PROD006,4,449.0
ITEM0104204,ORD01042,PROD001,3,499.0
ITEM0104301,ORD01043,PROD013,3,999.0
ITEM0104302,ORD01043,PROD011,4,299.0
ITEM0104303,ORD01043,PROD012,5,499.0
ITEM0104304,ORD01043,PROD003,4,529.0
ITEM0104401,ORD01044,PROD003,2,529.0
ITEM0104501,ORD01045,PROD001,3,499.0
ITEM0104502,ORD01045,PROD011,4,299.0
ITEM0104601,ORD01046,PROD008,1,469.0
ITEM0104602,ORD01046,PROD005,4,649.0
ITEM0104603,ORD01046,PROD014,2,699.0
ITEM0104604,ORD01046,PROD015,5,1499.0
ITEM0104701,ORD01047,PROD013,2,999.0
ITEM0104702,ORD01047,PROD002,4,549.0
ITEM0104703,ORD01047,PROD005,2,649.0
ITEM0104801,ORD01048,PROD004,5,599.0
ITEM0104802,ORD01048,PROD014,2,699.0
ITEM0104901,ORD01049,PROD005,2,649.0
ITEM0105001,ORD01050,PROD002,1,549.0
ITEM0105002,ORD01050,PROD014,4,699.0
ITEM0105101,ORD01051,PROD004,4,599.0
ITEM0105102,ORD01051,PROD006,4,449.0
ITEM0105201,ORD01052,PROD005,1,649.0
ITEM0105301,ORD01053,PROD012,3,499.0
ITEM0105302,ORD01053,PROD007,1,449.0
ITEM0105303,ORD01053,PROD004,2,599.0
ITEM0105401,ORD01054,PROD004,3,599.0
ITEM0105402,ORD01054,PROD005,5,649.0
ITEM0105403,ORD01054,PROD008,1,469.0
ITEM0105501,ORD01055,PROD006,1,449.0
ITEM0105502,ORD01055,PROD015,1,1499.0
ITEM0105503,ORD01055,PROD005,5,649.0
ITEM0105504,ORD01055,PROD002,2,549.0
ITEM0105601,ORD01056,PROD012,5,499.0
ITEM0105602,ORD01056,PROD013,5,999.0
ITEM0105603,ORD01056,PROD010,3,479.0
ITEM0105701,ORD01057,PROD002,5,549.0
ITEM0105702,ORD01057,PROD015,1,1499.0
ITEM0105703,ORD01057,PROD003,1,529.0
ITEM0105704,ORD01057,PROD011,5,299.0
ITEM0105801,ORD01058,PROD015,5,1499.0
ITEM0105802,ORD01058,PROD002,3,549.0
ITEM0105803,ORD01058,PROD014,3,699.0
ITEM0105804,ORD01058,PROD009,4,489.0
ITEM0105901,ORD01059,PROD001,2,499.0
ITEM0105902,ORD01059,PROD003,4,529.0
ITEM0106001,ORD01060,PROD015,1,1499.0
ITEM0106002,ORD01060,PROD006,4,449.0
ITEM0106003,ORD01060,PROD008,1,469.0
ITEM0106101,ORD01061,PROD003,5,529.0
ITEM0106201,ORD01062,PROD013,2,999.0
ITEM0106301,ORD01063,PROD003,4,529.0
ITEM0106401,ORD01064,PROD007,2,449.0
ITEM0106402,ORD01064,PROD010,1,479.0
ITEM0106403,ORD01064,PROD005,2,649.0
ITEM0106404,ORD01064,PROD004,5,599.0
ITEM0106501,ORD01065,PROD009,3,489.0
ITEM0106502,ORD01065,PROD012,3,499.0
ITEM0106503,ORD01065,PROD014,2,699.0
ITEM0106504,ORD01065,PROD015,3,1499.0
ITEM0106601,ORD01066,PROD004,5,599.0
ITEM0106602,ORD01066,PROD001,2,499.0
ITEM0106701,ORD01067,PROD015,1,1499.0
ITEM0106702,ORD01067,PROD003,2,529.0
ITEM0106703,ORD01067,PROD005,2,649.0
ITEM0106801,ORD01068,PROD011,3,299.0
ITEM0106802,ORD01068,PROD010,1,479.0
ITEM0106803,ORD01068,PROD006,5,449.0
ITEM0106901,ORD01069,PROD006,1,449.0
ITEM0106902,ORD01069,PROD001,3,499.0
ITEM0106903,ORD01069,PROD011,2,299.0
ITEM0107001,ORD01070,PROD009,5,489.0
ITEM0107101,ORD01071,PROD014,5,699.0
ITEM0107102,ORD01071,PROD011,5,299.0
ITEM0107103,ORD01071,PROD015,2,1499.0
ITEM0107201,ORD01072,PROD004,4,599.0
ITEM0107202,ORD01072,PROD010,2,479.0
ITEM0107203,ORD01072,PROD011,4,299.0
ITEM0107301,ORD01073,PROD002,2,549.0
ITEM0107302,ORD01073,PROD008,2,469.0
ITEM0107303,ORD01073,PROD003,2,529.0
ITEM0107304,ORD01073,PROD014,5,699.0
ITEM0107401,ORD01074,PROD005,2,649.0
ITEM0107501,ORD01075,PROD002,1,549.0
ITEM0107502,ORD01075,PROD003,4,529.0
ITEM0107601,ORD01076,PROD002,1,549.0
ITEM0107602,ORD01076,PROD012,5,499.0
ITEM0107603,ORD01076,PROD009,1,489.0
ITEM0107604,ORD01076,PROD003,4,529.0
ITEM0107701,ORD01077,PROD013,1,999.0
ITEM0107801,ORD01078,PROD003,1,529.0
ITEM0107802,ORD01078,PROD011,1,299.0
ITEM0107803,ORD01078,PROD010,1,479.0
ITEM0107901,ORD01079,PROD004,2,599.0
ITEM0108001,ORD01080,PROD005,4,649.0
ITEM0108002,ORD01080,PROD006,2,449.0
ITEM0108101,ORD01081,PROD011,1,299.0
ITEM0108102,ORD01081,PROD009,1,489.0
ITEM0108103,ORD01081,PROD002,1,549.0
ITEM0108201,ORD01082,PROD003,2,529.0
ITEM0108202,ORD01082,PROD001,4,499.0
ITEM0108203,ORD01082,PROD004,4,599.0
ITEM0108204,ORD01082,PROD014,2,699.0
ITEM0108301,ORD01083,PROD011,2,299.0
ITEM0108302,ORD01083,PROD012,1,499.0
ITEM0108303,ORD01083,PROD002,2,549.0
ITEM0108304,ORD01083,PROD008,1,469.0
ITEM0108401,ORD01084,PROD002,1,549.0
ITEM0108402,ORD01084,PROD006,5,449.0
ITEM0108403,ORD01084,PROD015,2,1499.0
ITEM0108501,ORD01085,PROD011,2,299.0
ITEM0108502,ORD01085,PROD007,3,449.0
ITEM0108601,ORD01086,PROD005,4,649.0
ITEM0108701,ORD01087,PROD013,1,999.0
ITEM0108801,ORD01088,PROD006,4,449.0
ITEM0108802,ORD01088,PROD003,4,529.0
ITEM0108901,ORD01089,PROD010,4,479.0
ITEM0109001,ORD01090,PROD003,4,529.0
ITEM0109002,ORD01090,PROD015,3,1499.0
ITEM0109003,ORD01090,PROD013,3,999.0
ITEM0109101,ORD01091,PROD010,2,479.0
ITEM0109102,ORD01091,PROD013,2,999.0
ITEM0109103,ORD01091,PROD011,4,299.0
ITEM0109104,ORD01091,PROD006,4,449.0
ITEM0109201,ORD01092,PROD009,1,489.0
ITEM0109202,ORD01092,PROD015,5,1499.0
ITEM0109203,ORD01092,PROD004,4,599.0
ITEM0109204,ORD01092,PROD007,5,449.0
ITEM0109301,ORD01093,PROD006,2,449.0
ITEM0109302,ORD01093,PROD001,1,499.0
ITEM0109401,ORD01094,PROD015,1,1499.0
ITEM0109402,ORD01094,PROD002,3,549.0
ITEM0109501,ORD01095,PROD014,5,699.0
ITEM0109502,ORD01095,PROD015,4,1499.0
ITEM0109601,ORD01096,PROD012,2,499.0
ITEM0109701,ORD01097,PROD012,4,499.0
ITEM0109801,ORD01098,PROD008,5,469.0
ITEM0109901,ORD01099,PROD003,1,529.0
ITEM0109902,ORD01099,PROD002,1,549.0
ITEM0109903,ORD01099,PROD004,5,599.0
ITEM0110001,ORD01100,PROD008,2,469.0
ITEM0110002,ORD01100,PROD012,5,499.0
ITEM0110101,ORD01101,PROD008,1,469.0
ITEM0110102,ORD01101,PROD013,3,999.0
ITEM0110103,ORD01101,PROD011,1,299.0
ITEM0110201,ORD01102,PROD010,2,479.0
ITEM0110301,ORD01103,PROD011,3,299.0
ITEM0110302,ORD01103,PROD008,5,469.0
ITEM0110303,ORD01103,PROD009,5,489.0
ITEM0110304,ORD01103,PROD012,3,499.0
ITEM0110401,ORD01104,PROD005,5,649.0
ITEM0110402,ORD01104,PROD002,4,549.0
ITEM0110501,ORD01105,PROD010,2,479.0
ITEM0110502,ORD01105,PROD001,5,499.0
ITEM0110503,ORD01105,PROD004,5,599.0
ITEM0110504,ORD01105,PROD007,1,449.0
ITEM0110601,ORD01106,PROD014,3,699.0
ITEM0110602,ORD01106,PROD007,4,449.0
ITEM0110603,ORD01106,PROD003,2,529.0
ITEM0110604,ORD01106,PROD001,3,499.0
ITEM0110701,ORD01107,PROD001,2,499.0
ITEM0110702,ORD01107,PROD004,5,599.0
ITEM0110703,ORD01107,PROD005,1,649.0
ITEM0110801,ORD01108,PROD004,1,599.0
ITEM0110802,ORD01108,PROD009,2,489.0
ITEM0110803,ORD01108,PROD015,3,1499.0
ITEM0110901,ORD01109,PROD001,3,499.0
ITEM0110902,ORD01109,PROD015,1,1499.0
ITEM0110903,ORD01109,PROD006,3,449.0
ITEM0110904,ORD01109,PROD002,3,549.0
ITEM0111001,ORD01110,PROD013,3,999.0
ITEM0111002,ORD01110,PROD007,2,449.0
ITEM0111003,ORD01110,PROD012,1,499.0
ITEM0111101,ORD01111,PROD009,2,489.0
ITEM0111201,ORD01112,PROD010,2,479.0
ITEM0111202,ORD01112,PROD014,2,699.0
ITEM0111203,ORD01112,PROD001,4,499.0
ITEM0111204,ORD01112,PROD005,1,649.0
ITEM0111301,ORD01113,PROD015,2,1499.0
ITEM0111302,ORD01113,PROD004,2,599.0
ITEM0111401,ORD01114,PROD008,3,469.0
ITEM0111402,ORD01114,PROD013,3,999.0
ITEM0111403,ORD01114,PROD003,3,529.0
ITEM0111501,ORD01115,PROD004,1,599.0
ITEM0111502,ORD01115,PROD015,2,1499.0
ITEM0111503,ORD01115,PROD010,5,479.0
ITEM0111504,ORD01115,PROD013,4,999.0
ITEM0111601,ORD01116,PROD009,1,489.0
ITEM0111602,ORD01116,PROD014,4,699.0
ITEM0111603,ORD01116,PROD013,1,999.0
ITEM0111701,ORD01117,PROD003,5,529.0
ITEM0111702,ORD01117,PROD002,3,549.0
ITEM0111703,ORD01117,PROD005,3,649.0
ITEM0111801,ORD01118,PROD005,2,649.0
ITEM0111802,ORD01118,PROD008,1,469.0
ITEM0111803,ORD01118,PROD015,5,1499.0
ITEM0111804,ORD01118,PROD014,4,699.0
ITEM0111901,ORD01119,PROD007,2,449.0
ITEM0111902,ORD01119,PROD014,4,699.0
ITEM0111903,ORD01119,PROD010,3,479.0
ITEM0111904,ORD01119,PROD011,5,299.0
ITEM0112001,ORD01120,PROD009,1,489.0
ITEM0112002,ORD01120,PROD008,5,469.0
ITEM0112003,ORD01120,PROD005,1,649.0
ITEM0112004,ORD01120,PROD011,2,299.0
ITEM0112101,ORD01121,PROD005,4,649.0
ITEM0112201,ORD01122,PROD004,4,599.0
ITEM0112301,ORD01123,PROD008,5,469.0
ITEM0112302,ORD01123,PROD015,4,1499.0
ITEM0112303,ORD01123,PROD011,1,299.0
ITEM0112401,ORD01124,PROD013,3,999.0
ITEM0112402,ORD01124,PROD007,1,449.0
ITEM0112403,ORD01124,PROD004,3,599.0
ITEM0112404,ORD01124,PROD014,3,699.0
ITEM0112501,ORD01125,PROD002,5,549.0
ITEM0112502,ORD01125,PROD005,2,649.0
ITEM0112503,ORD01125,PROD008,4,469.0
ITEM0112504,ORD01125,PROD001,2,499.0
ITEM0112601,ORD01126,PROD010,4,479.0
ITEM0112701,ORD01127,PROD004,4,599.0
ITEM0112702,ORD01127,PROD001,3,499.0
ITEM0112703,ORD01127,PROD015,3,1499.0
ITEM0112704,ORD01127,PROD014,2,699.0
ITEM0112801,ORD01128,PROD002,4,549.0
ITEM0112802,ORD01128,PROD005,5,649.0
ITEM0112803,ORD01128,PROD012,2,499.0
ITEM0112804,ORD01128,PROD008,3,469.0
ITEM0112901,ORD01129,PROD006,2,449.0
ITEM0112902,ORD01129,PROD013,3,999.0
ITEM0112903,ORD01129,PROD005,4,649.0
ITEM0112904,ORD01129,PROD003,4,529.0
ITEM0113001,ORD01130,PROD012,3,499.0
ITEM0113002,ORD01130,PROD007,5,449.0
ITEM0113101,ORD01131,PROD002,5,549.0
ITEM0113102,ORD01131,PROD012,5,499.0
ITEM0113201,ORD01132,PROD001,2,499.0
ITEM0113202,ORD01132,PROD003,4,529.0
ITEM0113203,ORD01132,PROD008,3,469.0
ITEM0113301,ORD01133,PROD008,2,469.0
ITEM0113401,ORD01134,PROD001,2,499.0
ITEM0113501,ORD01135,PROD010,2,479.0
ITEM0113502,ORD01135,PROD007,3,449.0
ITEM0113601,ORD01136,PROD006,3,449.0
ITEM0113701,ORD01137,PROD012,4,499.0
ITEM0113801,ORD01138,PROD006,4,449.0
ITEM0113802,ORD01138,PROD014,5,699.0
ITEM0113803,ORD01138,PROD009,3,489.0
ITEM0113901,ORD01139,PROD003,2,529.0
ITEM0113902,ORD01139,PROD009,5,489.0
ITEM0113903,ORD01139,PROD010,4,479.0
ITEM0114001,ORD01140,PROD011,1,299.0
ITEM0114002,ORD01140,PROD005,1,649.0
ITEM0114003,ORD01140,PROD012,1,499.0
ITEM0114004,ORD01140,PROD010,1,479.0
ITEM0114101,ORD01141,PROD002,5,549.0
ITEM0114102,ORD01141,PROD008,1,469.0
ITEM0114103,ORD01141,PROD012,4,499.0
ITEM0114104,ORD01141,PROD010,5,479.0
ITEM0114201,ORD01142,PROD004,5,599.0
ITEM0114202,ORD01142,PROD015,4,1499.0
ITEM0114203,ORD01142,PROD013,1,999.0
ITEM0114204,ORD01142,PROD008,2,469.0
ITEM0114301,ORD01143,PROD013,4,999.0
ITEM0114302,ORD01143,PROD008,1,469.0
ITEM0114303,ORD01143,PROD007,3,449.0
ITEM0114401,ORD01144,PROD015,3,1499.0
ITEM0114402,ORD01144,PROD011,4,299.0
ITEM0114403,ORD01144,PROD005,2,649.0
ITEM0114501,ORD01145,PROD003,3,529.0
ITEM0114601,ORD01146,PROD006,4,449.0
ITEM0114602,ORD01146,PROD003,2,529.0
ITEM0114603,ORD01146,PROD010,5,479.0
ITEM0114701,ORD01147,PROD014,4,699.0
ITEM0114702,ORD01147,PROD001,2,499.0
ITEM0114703,ORD01147,PROD013,4,999.0
ITEM0114704,ORD01147,PROD010,2,479.0
ITEM0114801,ORD01148,PROD004,5,599.0
ITEM0114802,ORD01148,PROD002,1,549.0
ITEM0114803,ORD01148,PROD012,5,499.0
ITEM0114804,ORD01148,PROD003,4,529.0
ITEM0114901,ORD01149,PROD006,1,449.0
ITEM0114902,ORD01149,PROD004,1,599.0
ITEM0115001,ORD01150,PROD001,5,499.0
ITEM0115002,ORD01150,PROD010,1,479.0
ITEM0115101,ORD01151,PROD008,3,469.0
ITEM0115102,ORD01151,PROD011,2,299.0
ITEM0115201,ORD01152,PROD012,4,499.0
ITEM0115202,ORD01152,PROD013,3,999.0
ITEM0115301,ORD01153,PROD011,5,299.0
ITEM0115302,ORD01153,PROD001,1,499.0
ITEM0115401,ORD01154,PROD002,2,549.0
ITEM0115501,ORD01155,PROD002,4,549.0
ITEM0115601,ORD01156,PROD007,4,449.0
ITEM0115602,ORD01156,PROD002,1,549.0
ITEM0115701,ORD01157,PROD004,4,599.0
ITEM0115801,ORD01158,PROD013,1,999.0
ITEM0115802,ORD01158,PROD003,2,529.0
ITEM0115803,ORD01158,PROD014,5,699.0
ITEM0115804,ORD01158,PROD005,5,649.0
ITEM0115901,ORD01159,PROD006,5,449.0
ITEM0115902,ORD01159,PROD008,5,469.0
ITEM0115903,ORD01159,PROD010,1,479.0
ITEM0116001,ORD01160,PROD004,5,599.0
ITEM0116101,ORD01161,PROD004,3,599.0
ITEM0116102,ORD01161,PROD014,1,699.0
ITEM0116201,ORD01162,PROD004,2,599.0
ITEM0116202,ORD01162,PROD002,3,549.0
ITEM0116301,ORD01163,PROD006,5,449.0
ITEM0116401,ORD01164,PROD007,3,449.0
ITEM0116402,ORD01164,PROD009,2,489.0
ITEM0116403,ORD01164,PROD015,2,1499.0
ITEM0116404,ORD01164,PROD004,3,599.0
ITEM0116501,ORD01165,PROD003,4,529.0
ITEM0116502,ORD01165,PROD013,4,999.0
ITEM0116503,ORD01165,PROD004,4,599.0
ITEM0116601,ORD01166,PROD010,4,479.0
ITEM0116602,ORD01166,PROD002,4,549.0
ITEM0116603,ORD01166,PROD015,2,1499.0
ITEM0116701,ORD01167,PROD008,2,469.0
ITEM0116801,ORD01168,PROD010,5,479.0
ITEM0116802,ORD01168,PROD007,5,449.0
ITEM0116803,ORD01168,PROD005,3,649.0
ITEM0116901,ORD01169,PROD007,3,449.0
ITEM0116902,ORD01169,PROD013,2,999.0
ITEM0116903,ORD01169,PROD003,1,529.0
ITEM0117001,ORD01170,PROD002,1,549.0
ITEM0117002,ORD01170,PROD001,3,499.0
ITEM0117003,ORD01170,PROD006,2,449.0
ITEM0117101,ORD01171,PROD009,4,489.0
ITEM0117102,ORD01171,PROD002,3,549.0
ITEM0117201,ORD01172,PROD009,3,489.0
ITEM0117301,ORD01173,PROD010,4,479.0
ITEM0117401,ORD01174,PROD004,4,599.0
ITEM0117402,ORD01174,PROD015,4,1499.0
ITEM0117403,ORD01174,PROD001,1,499.0
ITEM0117501,ORD01175,PROD003,4,529.0
ITEM0117502,ORD01175,PROD010,2,479.0
ITEM0117503,ORD01175,PROD006,5,449.0
ITEM0117504,ORD01175,PROD014,1,699.0
ITEM0117601,ORD01176,PROD015,4,1499.0
ITEM0117701,ORD01177,PROD001,3,499.0
ITEM0117702,ORD01177,PROD009,1,489.0
ITEM0117703,ORD01177,PROD014,1,699.0
ITEM0117704,ORD01177,PROD015,4,1499.0
ITEM0117801,ORD01178,PROD006,4,449.0
ITEM0117802,ORD01178,PROD013,1,999.0
ITEM0117803,ORD01178,PROD015,5,1499.0
ITEM0117901,ORD01179,PROD007,3,449.0
ITEM0118001,ORD01180,PROD014,3,699.0
ITEM0118101,ORD01181,PROD001,1,499.0
ITEM0118102,ORD01181,PROD014,2,699.0
ITEM0118201,ORD01182,PROD004,3,599.0
ITEM0118202,ORD01182,PROD003,5,529.0
ITEM0118203,ORD01182,PROD002,1,549.0
ITEM0118204,ORD01182,PROD015,1,1499.0
ITEM0118301,ORD01183,PROD002,5,549.0
ITEM0118302,ORD01183,PROD005,4,649.0
ITEM0118303,ORD01183,PROD006,3,449.0
ITEM0118401,ORD01184,PROD002,5,549.0
ITEM0118402,ORD01184,PROD003,4,529.0
ITEM0118403,ORD01184,PROD006,4,449.0
ITEM0118404,ORD01184,PROD014,1,699.0
ITEM0118501,ORD01185,PROD011,4,299.0
ITEM0118502,ORD01185,PROD008,2,469.0
ITEM0118503,ORD01185,PROD005,1,649.0
ITEM0118504,ORD01185,PROD006,3,449.0
ITEM0118601,ORD01186,PROD009,2,489.0
ITEM0118602,ORD01186,PROD014,1,699.0
ITEM0118603,ORD01186,PROD004,1,599.0
ITEM0118701,ORD01187,PROD011,2,299.0
ITEM0118801,ORD01188,PROD006,2,449.0
ITEM0118901,ORD01189,PROD013,4,999.0
ITEM0118902,ORD01189,PROD005,2,649.0
ITEM0118903,ORD01189,PROD012,5,499.0
ITEM0119001,ORD01190,PROD007,5,449.0
ITEM0119002,ORD01190,PROD008,2,469.0
ITEM0119003,ORD01190,PROD010,4,479.0
ITEM0119101,ORD01191,PROD011,5,299.0
ITEM0119102,ORD01191,PROD005,1,649.0
ITEM0119201,ORD01192,PROD004,1,599.0
ITEM0119301,ORD01193,PROD008,5,469.0
ITEM0119401,ORD01194,PROD006,4,449.0
ITEM0119501,ORD01195,PROD009,3,489.0
ITEM0119502,ORD01195,PROD006,3,449.0
ITEM0119503,ORD01195,PROD001,1,499.0
ITEM0119504,ORD01195,PROD008,1,469.0
ITEM0119601,ORD01196,PROD004,2,599.0
ITEM0119602,ORD01196,PROD005,5,649.0
ITEM0119603,ORD01196,PROD015,3,1499.0
ITEM0119604,ORD01196,PROD007,5,449.0
ITEM0119701,ORD01197,PROD011,1,299.0
ITEM0119801,ORD01198,PROD002,1,549.0
ITEM0119802,ORD01198,PROD001,5,499.0
ITEM0119901,ORD01199,PROD005,2,649.0
ITEM0120001,ORD01200,PROD007,3,449.0
ITEM0120002,ORD01200,PROD015,4,1499.0
ITEM0120003,ORD01200,PROD002,2,549.0
ITEM0120004,ORD01200,PROD004,2,599.0
ITEM0120101,ORD01201,PROD012,1,499.0
ITEM0120102,ORD01201,PROD010,1,479.0
ITEM0120103,ORD01201,PROD005,2,649.0
ITEM0120201,ORD01202,PROD014,2,699.0
ITEM0120202,ORD01202,PROD012,3,499.0
ITEM0120203,ORD01202,PROD004,1,599.0
ITEM0120301,ORD01203,PROD003,4,529.0
ITEM0120302,ORD01203,PROD001,3,499.0
ITEM0120303,ORD01203,PROD011,1,299.0
ITEM0120304,ORD01203,PROD008,2,469.0
ITEM0120401,ORD01204,PROD011,1,299.0
ITEM0120402,ORD01204,PROD013,5,999.0
ITEM0120501,ORD01205,PROD014,1,699.0
ITEM0120502,ORD01205,PROD004,1,599.0
ITEM0120503,ORD01205,PROD008,5,469.0
ITEM0120504,ORD01205,PROD002,3,549.0
ITEM0120601,ORD01206,PROD013,1,999.0
ITEM0120602,ORD01206,PROD003,1,529.0
ITEM0120701,ORD01207,PROD009,4,489.0
ITEM0120702,ORD01207,PROD005,3,649.0
ITEM0120703,ORD01207,PROD011,3,299.0
ITEM0120801,ORD01208,PROD012,5,499.0
ITEM0120802,ORD01208,PROD006,4,449.0
ITEM0120803,ORD01208,PROD009,1,489.0
ITEM0120901,ORD01209,PROD003,4,529.0
ITEM0121001,ORD01210,PROD006,1,449.0
ITEM0121002,ORD01210,PROD008,2,469.0
ITEM0121101,ORD01211,PROD004,4,599.0
ITEM0121201,ORD01212,PROD015,3,1499.0
ITEM0121202,ORD01212,PROD009,3,489.0
ITEM0121203,ORD01212,PROD003,4,529.0
ITEM0121204,ORD01212,PROD005,5,649.0
ITEM0121301,ORD01213,PROD010,5,479.0
ITEM0121401,ORD01214,PROD007,4,449.0
ITEM0121501,ORD01215,PROD008,2,469.0
ITEM0121601,ORD01216,PROD010,2,479.0
ITEM0121602,ORD01216,PROD009,3,489.0
ITEM0121603,ORD01216,PROD011,4,299.0
ITEM0121701,ORD01217,PROD008,1,469.0
ITEM0121801,ORD01218,PROD001,4,499.0
ITEM0121901,ORD01219,PROD001,3,499.0
ITEM0122001,ORD01220,PROD002,3,549.0
ITEM0122002,ORD01220,PROD012,2,499.0
ITEM0122101,ORD01221,PROD005,2,649.0
ITEM0122201,ORD01222,PROD013,4,999.0
ITEM0122202,ORD01222,PROD011,4,299.0
ITEM0122301,ORD01223,PROD010,5,479.0
ITEM0122302,ORD01223,PROD005,4,649.0
ITEM0122303,ORD01223,PROD003,3,529.0
ITEM0122401,ORD01224,PROD005,4,649.0
ITEM0122402,ORD01224,PROD003,5,529.0
ITEM0122501,ORD01225,PROD010,5,479.0
ITEM0122502,ORD01225,PROD011,2,299.0
ITEM0122503,ORD01225,PROD008,4,469.0
ITEM0122601,ORD01226,PROD012,3,499.0
ITEM0122602,ORD01226,PROD006,4,449.0
ITEM0122603,ORD01226,PROD009,3,489.0
ITEM0122604,ORD01226,PROD011,4,299.0
ITEM0122701,ORD01227,PROD001,1,499.0
ITEM0122702,ORD01227,PROD009,2,489.0
ITEM0122703,ORD01227,PROD015,5,1499.0
ITEM0122704,ORD01227,PROD007,3,449.0
ITEM0122801,ORD01228,PROD003,5,529.0
ITEM0122802,ORD01228,PROD010,3,479.0
ITEM0122803,ORD01228,PROD009,1,489.0
ITEM0122901,ORD01229,PROD008,5,469.0
ITEM0123001,ORD01230,PROD014,3,699.0
ITEM0123002,ORD01230,PROD011,5,299.0
ITEM0123003,ORD01230,PROD002,1,549.0
ITEM0123101,ORD01231,PROD014,5,699.0
ITEM0123102,ORD01231,PROD001,5,499.0
ITEM0123103,ORD01231,PROD002,1,549.0
ITEM0123201,ORD01232,PROD003,2,529.0
ITEM0123202,ORD01232,PROD004,3,599.0
ITEM0123203,ORD01232,PROD011,3,299.0
ITEM0123204,ORD01232,PROD013,1,999.0
ITEM0123301,ORD01233,PROD002,1,549.0
ITEM0123302,ORD01233,PROD015,2,1499.0
ITEM0123401,ORD01234,PROD004,4,599.0
ITEM0123402,ORD01234,PROD002,1,549.0
ITEM0123501,ORD01235,PROD015,1,1499.0
ITEM0123601,ORD01236,PROD014,5,699.0
ITEM0123602,ORD01236,PROD004,3,599.0
ITEM0123701,ORD01237,PROD007,2,449.0
ITEM0123801,ORD01238,PROD003,5,529.0
ITEM0123802,ORD01238,PROD009,2,489.0
ITEM0123901,ORD01239,PROD010,4,479.0
ITEM0124001,ORD01240,PROD008,4,469.0
ITEM0124101,ORD01241,PROD008,4,469.0
ITEM0124102,ORD01241,PROD002,1,549.0
ITEM0124103,ORD01241,PROD010,5,479.0
ITEM0124201,ORD01242,PROD001,4,499.0
ITEM0124202,ORD01242,PROD006,3,449.0
ITEM0124203,ORD01242,PROD003,1,529.0
ITEM0124204,ORD01242,PROD008,2,469.0
ITEM0124301,ORD01243,PROD006,5,449.0
ITEM0124302,ORD01243,PROD012,4,499.0
ITEM0124401,ORD01244,PROD006,5,449.0
ITEM0124402,ORD01244,PROD011,3,299.0
ITEM0124501,ORD01245,PROD015,4,1499.0
ITEM0124502,ORD01245,PROD007,4,449.0
ITEM0124503,ORD01245,PROD002,4,549.0
ITEM0124601,ORD01246,PROD003,5,529.0
ITEM0124602,ORD01246,PROD012,5,499.0
ITEM0124603,ORD01246,PROD006,3,449.0
ITEM0124701,ORD01247,PROD001,1,499.0
ITEM0124801,ORD01248,PROD008,4,469.0
ITEM0124901,ORD01249,PROD002,4,549.0
ITEM0124902,ORD01249,PROD003,4,529.0
ITEM0125001,ORD01250,PROD002,1,549.0
ITEM0125002,ORD01250,PROD001,4,499.0
ITEM0125003,ORD01250,PROD012,3,499.0
ITEM0125101,ORD01251,PROD002,4,549.0
ITEM0125102,ORD01251,PROD012,2,499.0
ITEM0125103,ORD01251,PROD008,5,469.0
ITEM0125201,ORD01252,PROD008,2,469.0
ITEM0125202,ORD01252,PROD011,2,299.0
ITEM0125203,ORD01252,PROD005,4,649.0
ITEM0125204,ORD01252,PROD004,5,599.0
ITEM0125301,ORD01253,PROD011,1,299.0
ITEM0125401,ORD01254,PROD006,4,449.0
ITEM0125501,ORD01255,PROD003,5,529.0
ITEM0125502,ORD01255,PROD011,4,299.0
ITEM0125503,ORD01255,PROD012,2,499.0
ITEM0125601,ORD01256,PROD009,5,489.0
ITEM0125602,ORD01256,PROD006,2,449.0
ITEM0125603,ORD01256,PROD014,1,699.0
ITEM0125604,ORD01256,PROD010,4,479.0
ITEM0125701,ORD01257,PROD003,5,529.0
ITEM0125801,ORD01258,PROD001,5,499.0
ITEM0125802,ORD01258,PROD010,3,479.0
ITEM0125901,ORD01259,PROD015,4,1499.0
ITEM0125902,ORD01259,PROD014,3,699.0
ITEM0125903,ORD01259,PROD005,1,649.0
ITEM0126001,ORD01260,PROD009,5,489.0
ITEM0126101,ORD01261,PROD007,5,449.0
ITEM0126102,ORD01261,PROD010,1,479.0
ITEM0126103,ORD01261,PROD001,5,499.0
ITEM0126201,ORD01262,PROD006,4,449.0
ITEM0126301,ORD01263,PROD003,2,529.0
ITEM0126401,ORD01264,PROD004,4,599.0
ITEM0126501,ORD01265,PROD006,1,449.0
ITEM0126601,ORD01266,PROD015,5,1499.0
ITEM0126701,ORD01267,PROD002,1,549.0
ITEM0126801,ORD01268,PROD007,2,449.0
ITEM0126802,ORD01268,PROD008,1,469.0
ITEM0126803,ORD01268,PROD005,1,649.0
ITEM0126901,ORD01269,PROD011,5,299.0
ITEM0126902,ORD01269,PROD015,4,1499.0
ITEM0126903,ORD01269,PROD012,1,499.0
ITEM0126904,ORD01269,PROD001,4,499.0
ITEM0127001,ORD01270,PROD012,1,499.0
ITEM0127002,ORD01270,PROD007,4,449.0
ITEM0127003,ORD01270,PROD009,1,489.0
ITEM0127004,ORD01270,PROD003,5,529.0
ITEM0127101,ORD01271,PROD007,2,449.0
ITEM0127102,ORD01271,PROD001,1,499.0
ITEM0127103,ORD01271,PROD004,5,599.0
ITEM0127201,ORD01272,PROD013,1,999.0
ITEM0127301,ORD01273,PROD001,2,499.0
ITEM0127401,ORD01274,PROD006,2,449.0
ITEM0127402,ORD01274,PROD010,3,479.0
ITEM0127403,ORD01274,PROD011,2,299.0
ITEM0127501,ORD01275,PROD011,1,299.0
ITEM0127601,ORD01276,PROD008,3,469.0
ITEM0127602,ORD01276,PROD012,2,499.0
ITEM0127701,ORD01277,PROD014,5,699.0
ITEM0127702,ORD01277,PROD011,3,299.0
ITEM0127703,ORD01277,PROD004,3,599.0
ITEM0127801,ORD01278,PROD006,4,449.0
ITEM0127901,ORD01279,PROD004,2,599.0
ITEM0128001,ORD01280,PROD002,2,549.0
ITEM0128002,ORD01280,PROD006,1,449.0
ITEM0128101,ORD01281,PROD002,3,549.0
ITEM0128102,ORD01281,PROD001,3,499.0
ITEM0128103,ORD01281,PROD008,5,469.0
ITEM0128104,ORD01281,PROD014,4,699.0
ITEM0128201,ORD01282,PROD008,4,469.0
ITEM0128202,ORD01282,PROD001,1,499.0
ITEM0128203,ORD01282,PROD007,2,449.0
ITEM0128204,ORD01282,PROD013,2,999.0
ITEM0128301,ORD01283,PROD011,3,299.0
ITEM0128401,ORD01284,PROD015,5,1499.0
ITEM0128501,ORD01285,PROD013,2,999.0
ITEM0128502,ORD01285,PROD015,1,1499.0
ITEM0128503,ORD01285,PROD010,3,479.0
ITEM0128601,ORD01286,PROD013,1,999.0
ITEM0128602,ORD01286,PROD012,5,499.0
ITEM0128603,ORD01286,PROD014,4,699.0
ITEM0128604,ORD01286,PROD001,3,499.0
ITEM0128701,ORD01287,PROD003,2,529.0
ITEM0128702,ORD01287,PROD007,2,449.0
ITEM0128703,ORD01287,PROD008,1,469.0
ITEM0128801,ORD01288,PROD013,3,999.0
ITEM0128802,ORD01288,PROD009,3,489.0
ITEM0128901,ORD01289,PROD006,3,449.0
ITEM0128902,ORD01289,PROD005,5,649.0
ITEM0128903,ORD01289,PROD011,1,299.0
ITEM0129001,ORD01290,PROD014,4,699.0
ITEM0129002,ORD01290,PROD005,4,649.0
ITEM0129003,ORD01290,PROD003,1,529.0
ITEM0129101,ORD01291,PROD008,2,469.0
ITEM0129102,ORD01291,PROD011,4,299.0
ITEM0129103,ORD01291,PROD009,1,489.0
ITEM0129201,ORD01292,PROD002,3,549.0
ITEM0129202,ORD01292,PROD008,3,469.0
ITEM0129203,ORD01292,PROD003,3,529.0
ITEM0129301,ORD01293,PROD003,5,529.0
ITEM0129302,ORD01293,PROD014,1,699.0
ITEM0129401,ORD01294,PROD011,4,299.0
ITEM0129402,ORD01294,PROD009,5,489.0
ITEM0129501,ORD01295,PROD001,3,499.0
ITEM0129502,ORD01295,PROD012,3,499.0
ITEM0129601,ORD01296,PROD010,2,479.0
ITEM0129701,ORD01297,PROD002,2,549.0
ITEM0129702,ORD01297,PROD009,3,489.0
ITEM0129703,ORD01297,PROD015,5,1499.0
ITEM0129704,ORD01297,PROD004,3,599.0
ITEM0129801,ORD01298,PROD015,3,1499.0
ITEM0129802,ORD01298,PROD005,5,649.0
ITEM0129803,ORD01298,PROD003,3,529.0
ITEM0129804,ORD01298,PROD001,3,499.0
ITEM0129901,ORD01299,PROD008,1,469.0
ITEM0129902,ORD01299,PROD005,2,649.0
ITEM0129903,ORD01299,PROD010,3,479.0
ITEM0130001,ORD01300,PROD002,5,549.0
ITEM0130101,ORD01301,PROD004,1,599.0
ITEM0130102,ORD01301,PROD007,2,449.0
ITEM0130103,ORD01301,PROD010,4,479.0
ITEM0130201,ORD01302,PROD010,5,479.0
ITEM0130202,ORD01302,PROD009,5,489.0
ITEM0130301,ORD01303,PROD014,5,699.0
ITEM0130401,ORD01304,PROD006,3,449.0
ITEM0130402,ORD01304,PROD005,2,649.0
ITEM0130403,ORD01304,PROD004,3,599.0
ITEM0130404,ORD01304,PROD010,2,479.0
ITEM0130501,ORD01305,PROD012,2,499.0
ITEM0130502,ORD01305,PROD002,4,549.0
ITEM0130503,ORD01305,PROD015,4,1499.0
ITEM0130601,ORD01306,PROD015,3,1499.0
ITEM0130701,ORD01307,PROD013,2,999.0
ITEM0130702,ORD01307,PROD007,5,449.0
ITEM0130703,ORD01307,PROD004,2,599.0
ITEM0130704,ORD01307,PROD010,4,479.0
ITEM0130801,ORD01308,PROD013,3,999.0
ITEM0130802,ORD01308,PROD005,1,649.0
ITEM0130803,ORD01308,PROD006,1,449.0
ITEM0130901,ORD01309,PROD010,2,479.0
ITEM0130902,ORD01309,PROD008,2,469.0
ITEM0131001,ORD01310,PROD007,3,449.0
ITEM0131101,ORD01311,PROD012,4,499.0
ITEM0131102,ORD01311,PROD002,1,549.0
ITEM0131103,ORD01311,PROD003,2,529.0
ITEM0131104,ORD01311,PROD001,1,499.0
ITEM0131201,ORD01312,PROD015,4,1499.0
ITEM0131202,ORD01312,PROD007,5,449.0
ITEM0131203,ORD01312,PROD006,2,449.0
ITEM0131204,ORD01312,PROD003,3,529.0
ITEM0131301,ORD01313,PROD010,1,479.0
ITEM0131302,ORD01313,PROD015,1,1499.0
ITEM0131303,ORD01313,PROD014,1,699.0
ITEM0131401,ORD01314,PROD011,3,299.0
ITEM0131402,ORD01314,PROD008,4,469.0
ITEM0131403,ORD01314,PROD012,2,499.0
ITEM0131404,ORD01314,PROD007,2,449.0
ITEM0131501,ORD01315,PROD003,1,529.0
ITEM0131601,ORD01316,PROD007,5,449.0
ITEM0131602,ORD01316,PROD006,5,449.0
ITEM0131603,ORD01316,PROD008,3,469.0
ITEM0131604,ORD01316,PROD003,1,529.0
ITEM0131701,ORD01317,PROD010,5,479.0
ITEM0131801,ORD01318,PROD005,2,649.0
ITEM0131802,ORD01318,PROD006,2,449.0
ITEM0131803,ORD01318,PROD007,1,449.0
ITEM0131804,ORD01318,PROD014,2,699.0
ITEM0131901,ORD01319,PROD002,2,549.0
ITEM0131902,ORD01319,PROD006,1,449.0
ITEM0131903,ORD01319,PROD005,3,649.0
ITEM0132001,ORD01320,PROD005,5,649.0
ITEM0132002,ORD01320,PROD015,1,1499.0
ITEM0132101,ORD01321,PROD002,5,549.0
ITEM0132102,ORD01321,PROD004,5,599.0
ITEM0132201,ORD01322,PROD015,5,1499.0
ITEM0132301,ORD01323,PROD006,2,449.0
ITEM0132401,ORD01324,PROD009,1,489.0
ITEM0132402,ORD01324,PROD003,1,529.0
ITEM0132403,ORD01324,PROD008,4,469.0
ITEM0132404,ORD01324,PROD005,4,649.0
ITEM0132501,ORD01325,PROD005,1,649.0
ITEM0132502,ORD01325,PROD012,3,499.0
ITEM0132601,ORD01326,PROD012,3,499.0
ITEM0132602,ORD01326,PROD002,2,549.0
ITEM0132701,ORD01327,PROD012,3,499.0
ITEM0132801,ORD01328,PROD004,1,599.0
ITEM0132802,ORD01328,PROD014,1,699.0
ITEM0132803,ORD01328,PROD009,2,489.0
ITEM0132901,ORD01329,PROD011,3,299.0
ITEM0132902,ORD01329,PROD004,4,599.0
ITEM0133001,ORD01330,PROD005,1,649.0
ITEM0133002,ORD01330,PROD003,5,529.0
ITEM0133003,ORD01330,PROD004,2,599.0
ITEM0133004,ORD01330,PROD011,1,299.0
ITEM0133101,ORD01331,PROD012,1,499.0
ITEM0133102,ORD01331,PROD003,4,529.0
ITEM0133201,ORD01332,PROD011,4,299.0
ITEM0133202,ORD01332,PROD006,5,449.0
ITEM0133301,ORD01333,PROD015,4,1499.0
ITEM0133302,ORD01333,PROD005,4,649.0
ITEM0133401,ORD01334,PROD005,3,649.0
ITEM0133402,ORD01334,PROD002,4,549.0
ITEM0133403,ORD01334,PROD004,4,599.0
ITEM0133404,ORD01334,PROD014,3,699.0
ITEM0133501,ORD01335,PROD006,4,449.0
ITEM0133502,ORD01335,PROD011,2,299.0
ITEM0133503,ORD01335,PROD002,4,549.0
ITEM0133504,ORD01335,PROD015,4,1499.0
ITEM0133601,ORD01336,PROD005,3,649.0
ITEM0133701,ORD01337,PROD001,3,499.0
ITEM0133702,ORD01337,PROD009,3,489.0
ITEM0133703,ORD01337,PROD013,4,999.0
ITEM0133704,ORD01337,PROD006,4,449.0
ITEM0133801,ORD01338,PROD015,4,1499.0
ITEM0133802,ORD01338,PROD001,2,499.0
ITEM0133803,ORD01338,PROD005,3,649.0
ITEM0133901,ORD01339,PROD004,2,599.0
ITEM0133902,ORD01339,PROD010,1,479.0
ITEM0133903,ORD01339,PROD003,5,529.0
ITEM0133904,ORD01339,PROD009,5,489.0
ITEM0134001,ORD01340,PROD012,1,499.0
ITEM0134101,ORD01341,PROD015,5,1499.0
ITEM0134102,ORD01341,PROD006,1,449.0
ITEM0134103,ORD01341,PROD013,1,999.0
ITEM0134201,ORD01342,PROD003,5,529.0
ITEM0134202,ORD01342,PROD014,4,699.0
ITEM0134301,ORD01343,PROD015,3,1499.0
ITEM0134302,ORD01343,PROD006,4,449.0
ITEM0134401,ORD01344,PROD001,1,499.0
ITEM0134501,ORD01345,PROD013,3,999.0
ITEM0134502,ORD01345,PROD008,3,469.0
ITEM0134503,ORD01345,PROD001,1,499.0
ITEM0134504,ORD01345,PROD003,2,529.0
ITEM0134601,ORD01346,PROD014,4,699.0
ITEM0134701,ORD01347,PROD014,1,699.0
ITEM0134702,ORD01347,PROD002,5,549.0
ITEM0134703,ORD01347,PROD015,4,1499.0
ITEM0134801,ORD01348,PROD002,5,549.0
ITEM0134802,ORD01348,PROD012,4,499.0
ITEM0134901,ORD01349,PROD007,1,449.0
ITEM0134902,ORD01349,PROD009,3,489.0
ITEM0134903,ORD01349,PROD012,3,499.0
ITEM0135001,ORD01350,PROD007,2,449.0
ITEM0135002,ORD01350,PROD005,4,649.0
ITEM0135003,ORD01350,PROD015,5,1499.0
ITEM0135004,ORD01350,PROD002,3,549.0
ITEM0135101,ORD01351,PROD007,4,449.0
ITEM0135102,ORD01351,PROD001,4,499.0
ITEM0135201,ORD01352,PROD008,2,469.0
ITEM0135301,ORD01353,PROD008,4,469.0
ITEM0135302,ORD01353,PROD006,5,449.0
ITEM0135401,ORD01354,PROD002,5,549.0
ITEM0135501,ORD01355,PROD010,4,479.0
ITEM0135502,ORD01355,PROD004,5,599.0
ITEM0135503,ORD01355,PROD002,4,549.0
ITEM0135504,ORD01355,PROD003,5,529.0
ITEM0135601,ORD01356,PROD013,4,999.0
ITEM0135701,ORD01357,PROD014,3,699.0
ITEM0135702,ORD01357,PROD003,5,529.0
ITEM0135703,ORD01357,PROD001,5,499.0
ITEM0135801,ORD01358,PROD013,4,999.0
ITEM0135802,ORD01358,PROD009,5,489.0
ITEM0135901,ORD01359,PROD006,4,449.0
ITEM0135902,ORD01359,PROD008,5,469.0
ITEM0136001,ORD01360,PROD012,1,499.0
ITEM0136002,ORD01360,PROD002,2,549.0
ITEM0136003,ORD01360,PROD007,5,449.0
ITEM0136004,ORD01360,PROD003,1,529.0
ITEM0136101,ORD01361,PROD001,4,499.0
ITEM0136201,ORD01362,PROD003,4,529.0
ITEM0136202,ORD01362,PROD012,1,499.0
ITEM0136203,ORD01362,PROD009,3,489.0
ITEM0136204,ORD01362,PROD007,1,449.0
ITEM0136301,ORD01363,PROD009,3,489.0
ITEM0136302,ORD01363,PROD006,5,449.0
ITEM0136303,ORD01363,PROD010,2,479.0
ITEM0136401,ORD01364,PROD013,3,999.0
ITEM0136402,ORD01364,PROD010,5,479.0
ITEM0136501,ORD01365,PROD015,2,1499.0
ITEM0136502,ORD01365,PROD006,2,449.0
ITEM0136601,ORD01366,PROD003,1,529.0
ITEM0136602,ORD01366,PROD015,3,1499.0
ITEM0136603,ORD01366,PROD008,2,469.0
ITEM0136604,ORD01366,PROD002,2,549.0
ITEM0136701,ORD01367,PROD002,4,549.0
ITEM0136702,ORD01367,PROD001,5,499.0
ITEM0136703,ORD01367,PROD010,2,479.0
ITEM0136801,ORD01368,PROD006,1,449.0
ITEM0136802,ORD01368,PROD011,2,299.0
ITEM0136901,ORD01369,PROD010,5,479.0
ITEM0136902,ORD01369,PROD012,4,499.0
ITEM0136903,ORD01369,PROD005,3,649.0
ITEM0136904,ORD01369,PROD006,5,449.0
ITEM0137001,ORD01370,PROD002,2,549.0
ITEM0137002,ORD01370,PROD012,3,499.0
ITEM0137101,ORD01371,PROD013,5,999.0
ITEM0137102,ORD01371,PROD009,4,489.0
ITEM0137201,ORD01372,PROD013,4,999.0
ITEM0137202,ORD01372,PROD012,2,499.0
ITEM0137203,ORD01372,PROD010,2,479.0
ITEM0137301,ORD01373,PROD015,5,1499.0
ITEM0137401,ORD01374,PROD006,1,449.0
ITEM0137501,ORD01375,PROD007,3,449.0
ITEM0137502,ORD01375,PROD011,5,299.0
ITEM0137503,ORD01375,PROD008,1,469.0
ITEM0137504,ORD01375,PROD006,2,449.0
ITEM0137601,ORD01376,PROD012,5,499.0
ITEM0137602,ORD01376,PROD008,3,469.0
ITEM0137603,ORD01376,PROD006,5,449.0
ITEM0137604,ORD01376,PROD005,1,649.0
ITEM0137701,ORD01377,PROD011,3,299.0
ITEM0137702,ORD01377,PROD014,2,699.0
ITEM0137801,ORD01378,PROD012,1,499.0
ITEM0137802,ORD01378,PROD013,5,999.0
ITEM0137803,ORD01378,PROD005,4,649.0
ITEM0137804,ORD01378,PROD011,3,299.0
ITEM0137901,ORD01379,PROD013,4,999.0
ITEM0137902,ORD01379,PROD011,2,299.0
ITEM0137903,ORD01379,PROD006,5,449.0
ITEM0137904,ORD01379,PROD012,5,499.0
ITEM0138001,ORD01380,PROD015,1,1499.0
ITEM0138002,ORD01380,PROD012,2,499.0
ITEM0138101,ORD01381,PROD010,3,479.0
ITEM0138201,ORD01382,PROD009,3,489.0
ITEM0138202,ORD01382,PROD001,1,499.0
ITEM0138203,ORD01382,PROD010,3,479.0
ITEM0138301,ORD01383,PROD005,5,649.0
ITEM0138302,ORD01383,PROD011,1,299.0
ITEM0138303,ORD01383,PROD001,4,499.0
ITEM0138401,ORD01384,PROD012,1,499.0
ITEM0138402,ORD01384,PROD014,1,699.0
ITEM0138403,ORD01384,PROD011,3,299.0
ITEM0138404,ORD01384,PROD009,1,489.0
ITEM0138501,ORD01385,PROD014,2,699.0
ITEM0138502,ORD01385,PROD015,1,1499.0
ITEM0138601,ORD01386,PROD006,1,449.0
ITEM0138701,ORD01387,PROD011,1,299.0
ITEM0138702,ORD01387,PROD010,3,479.0
ITEM0138801,ORD01388,PROD015,3,1499.0
ITEM0138802,ORD01388,PROD010,5,479.0
ITEM0138901,ORD01389,PROD002,2,549.0
ITEM0139001,ORD01390,PROD002,1,549.0
ITEM0139002,ORD01390,PROD003,3,529.0
ITEM0139003,ORD01390,PROD008,5,469.0
ITEM0139101,ORD01391,PROD005,3,649.0
ITEM0139201,ORD01392,PROD010,5,479.0
ITEM0139202,ORD01392,PROD014,4,699.0
ITEM0139203,ORD01392,PROD012,1,499.0
ITEM0139204,ORD01392,PROD002,1,549.0
ITEM0139301,ORD01393,PROD003,3,529.0
ITEM0139401,ORD01394,PROD004,3,599.0
ITEM0139501,ORD01395,PROD005,2,649.0
ITEM0139502,ORD01395,PROD014,2,699.0
ITEM0139601,ORD01396,PROD003,5,529.0
ITEM0139602,ORD01396,PROD005,3,649.0
ITEM0139603,ORD01396,PROD015,4,1499.0
ITEM0139701,ORD01397,PROD003,3,529.0
ITEM0139702,ORD01397,PROD005,4,649.0
ITEM0139801,ORD01398,PROD006,5,449.0
ITEM0139802,ORD01398,PROD013,4,999.0
ITEM0139803,ORD01398,PROD011,2,299.0
ITEM0139901,ORD01399,PROD012,3,499.0
ITEM0139902,ORD01399,PROD007,3,449.0
ITEM0140001,ORD01400,PROD002,2,549.0
ITEM0140002,ORD01400,PROD009,3,489.0
ITEM0140003,ORD01400,PROD013,2,999.0
ITEM0140101,ORD01401,PROD009,2,489.0
ITEM0140201,ORD01402,PROD006,5,449.0
ITEM0140202,ORD01402,PROD010,1,479.0
ITEM0140203,ORD01402,PROD007,3,449.0
ITEM0140301,ORD01403,PROD003,4,529.0
ITEM0140401,ORD01404,PROD003,3,529.0
ITEM0140501,ORD01405,PROD013,4,999.0
ITEM0140502,ORD01405,PROD001,5,499.0
ITEM0140601,ORD01406,PROD012,3,499.0
ITEM0140602,ORD01406,PROD007,3,449.0
ITEM0140603,ORD01406,PROD008,5,469.0
ITEM0140604,ORD01406,PROD004,3,599.0
ITEM0140701,ORD01407,PROD013,1,999.0
ITEM0140702,ORD01407,PROD009,4,489.0
ITEM0140801,ORD01408,PROD010,2,479.0
ITEM0140802,ORD01408,PROD001,3,499.0
ITEM0140803,ORD01408,PROD003,5,529.0
ITEM0140804,ORD01408,PROD009,5,489.0
ITEM0140901,ORD01409,PROD011,1,299.0
ITEM0140902,ORD01409,PROD006,1,449.0
ITEM0141001,ORD01410,PROD007,2,449.0
ITEM0141002,ORD01410,PROD003,2,529.0
ITEM0141003,ORD01410,PROD008,2,469.0
ITEM0141004,ORD01410,PROD001,3,499.0
ITEM0141101,ORD01411,PROD007,2,449.0
ITEM0141102,ORD01411,PROD002,2,549.0
ITEM0141201,ORD01412,PROD001,3,499.0
ITEM0141202,ORD01412,PROD008,1,469.0
ITEM0141203,ORD01412,PROD003,4,529.0
ITEM0141301,ORD01413,PROD011,2,299.0
ITEM0141302,ORD01413,PROD007,1,449.0
ITEM0141303,ORD01413,PROD008,4,469.0
ITEM0141304,ORD01413,PROD012,2,499.0
ITEM0141401,ORD01414,PROD015,4,1499.0
ITEM0141402,ORD01414,PROD005,5,649.0
ITEM0141403,ORD01414,PROD011,4,299.0
ITEM0141501,ORD01415,PROD004,5,599.0
ITEM0141601,ORD01416,PROD009,5,489.0
ITEM0141602,ORD01416,PROD014,5,699.0
ITEM0141603,ORD01416,PROD001,4,499.0
ITEM0141701,ORD01417,PROD008,1,469.0
ITEM0141702,ORD01417,PROD004,2,599.0
ITEM0141801,ORD01418,PROD011,3,299.0
ITEM0141802,ORD01418,PROD003,3,529.0
ITEM0141803,ORD01418,PROD007,4,449.0
ITEM0141804,ORD01418,PROD014,4,699.0
ITEM0141901,ORD01419,PROD003,5,529.0
ITEM0141902,ORD01419,PROD015,1,1499.0
ITEM0141903,ORD01419,PROD007,4,449.0
ITEM0141904,ORD01419,PROD011,1,299.0
ITEM0142001,ORD01420,PROD013,3,999.0
ITEM0142002,ORD01420,PROD015,2,1499.0
ITEM0142003,ORD01420,PROD001,5,499.0
ITEM0142004,ORD01420,PROD003,5,529.0
ITEM0142101,ORD01421,PROD007,4,449.0
ITEM0142102,ORD01421,PROD013,3,999.0
ITEM0142103,ORD01421,PROD001,1,499.0
ITEM0142104,ORD01421,PROD005,5,649.0
ITEM0142201,ORD01422,PROD012,1,499.0
ITEM0142202,ORD01422,PROD006,2,449.0
ITEM0142203,ORD01422,PROD009,4,489.0
ITEM0142204,ORD01422,PROD014,5,699.0
ITEM0142301,ORD01423,PROD003,1,529.0
ITEM0142401,ORD01424,PROD007,1,449.0
ITEM0142402,ORD01424,PROD001,1,499.0
ITEM0142403,ORD01424,PROD008,4,469.0
ITEM0142404,ORD01424,PROD005,4,649.0
ITEM0142501,ORD01425,PROD005,3,649.0
ITEM0142502,ORD01425,PROD007,1,449.0
ITEM0142503,ORD01425,PROD006,5,449.0
ITEM0142601,ORD01426,PROD001,1,499.0
ITEM0142602,ORD01426,PROD008,5,469.0
ITEM0142603,ORD01426,PROD006,1,449.0
ITEM0142604,ORD01426,PROD005,3,649.0
ITEM0142701,ORD01427,PROD004,1,599.0
ITEM0142702,ORD01427,PROD003,2,529.0
ITEM0142703,ORD01427,PROD002,2,549.0
ITEM0142704,ORD01427,PROD009,4,489.0
ITEM0142801,ORD01428,PROD012,5,499.0
ITEM0142802,ORD01428,PROD010,5,479.0
ITEM0142803,ORD01428,PROD004,4,599.0
ITEM0142804,ORD01428,PROD015,1,1499.0
ITEM0142901,ORD01429,PROD010,1,479.0
ITEM0142902,ORD01429,PROD012,4,499.0
ITEM0143001,ORD01430,PROD007,2,449.0
ITEM0143002,ORD01430,PROD015,3,1499.0
ITEM0143003,ORD01430,PROD001,1,499.0
ITEM0143101,ORD01431,PROD010,3,479.0
ITEM0143102,ORD01431,PROD005,5,649.0
ITEM0143201,ORD01432,PROD012,1,499.0
ITEM0143202,ORD01432,PROD013,3,999.0
ITEM0143301,ORD01433,PROD005,3,649.0
ITEM0143302,ORD01433,PROD012,5,499.0
ITEM0143303,ORD01433,PROD014,1,699.0
ITEM0143304,ORD01433,PROD003,5,529.0
ITEM0143401,ORD01434,PROD001,1,499.0
ITEM0143402,ORD01434,PROD007,4,449.0
ITEM0143403,ORD01434,PROD004,2,599.0
ITEM0143501,ORD01435,PROD002,1,549.0
ITEM0143502,ORD01435,PROD004,3,599.0
ITEM0143503,ORD01435,PROD014,2,699.0
ITEM0143601,ORD01436,PROD010,3,479.0
ITEM0143602,ORD01436,PROD007,5,449.0
ITEM0143603,ORD01436,PROD011,4,299.0
ITEM0143604,ORD01436,PROD015,4,1499.0
ITEM0143701,ORD01437,PROD006,2,449.0
ITEM0143702,ORD01437,PROD015,4,1499.0
ITEM0143703,ORD01437,PROD008,4,469.0
ITEM0143801,ORD01438,PROD005,5,649.0
ITEM0143802,ORD01438,PROD007,1,449.0
ITEM0143803,ORD01438,PROD001,4,499.0
ITEM0143804,ORD01438,PROD011,5,299.0
ITEM0143901,ORD01439,PROD005,3,649.0
ITEM0143902,ORD01439,PROD015,4,1499.0
ITEM0143903,ORD01439,PROD013,4,999.0
ITEM0144001,ORD01440,PROD010,5,479.0
ITEM0144002,ORD01440,PROD006,4,449.0
ITEM0144101,ORD01441,PROD009,2,489.0
ITEM0144102,ORD01441,PROD012,4,499.0
ITEM0144103,ORD01441,PROD008,5,469.0
ITEM0144201,ORD01442,PROD002,4,549.0
ITEM0144301,ORD01443,PROD003,4,529.0
ITEM0144302,ORD01443,PROD014,5,699.0
ITEM0144303,ORD01443,PROD015,4,1499.0
ITEM0144401,ORD01444,PROD006,1,449.0
ITEM0144402,ORD01444,PROD013,3,999.0
ITEM0144403,ORD01444,PROD015,5,1499.0
ITEM0144501,ORD01445,PROD008,4,469.0
ITEM0144502,ORD01445,PROD013,2,999.0
ITEM0144503,ORD01445,PROD015,2,1499.0
ITEM0144504,ORD01445,PROD005,4,649.0
ITEM0144601,ORD01446,PROD013,2,999.0
ITEM0144602,ORD01446,PROD008,1,469.0
ITEM0144603,ORD01446,PROD011,4,299.0
ITEM0144701,ORD01447,PROD004,2,599.0
ITEM0144702,ORD01447,PROD011,2,299.0
ITEM0144703,ORD01447,PROD001,5,499.0
ITEM0144704,ORD01447,PROD010,5,479.0
ITEM0144801,ORD01448,PROD001,2,499.0
ITEM0144802,ORD01448,PROD006,5,449.0
ITEM0144803,ORD01448,PROD010,4,479.0
ITEM0144804,ORD01448,PROD004,1,599.0
ITEM0144901,ORD01449,PROD009,4,489.0
ITEM0144902,ORD01449,PROD015,3,1499.0
ITEM0144903,ORD01449,PROD004,2,599.0
ITEM0144904,ORD01449,PROD003,2,529.0
ITEM0145001,ORD01450,PROD002,5,549.0
ITEM0145002,ORD01450,PROD001,4,499.0
ITEM0145003,ORD01450,PROD004,4,599.0
ITEM0145101,ORD01451,PROD013,4,999.0
ITEM0145102,ORD01451,PROD003,5,529.0
ITEM0145201,ORD01452,PROD014,4,699.0
ITEM0145202,ORD01452,PROD003,1,529.0
ITEM0145203,ORD01452,PROD004,1,599.0
ITEM0145301,ORD01453,PROD014,1,699.0
ITEM0145302,ORD01453,PROD009,4,489.0
ITEM0145303,ORD01453,PROD008,3,469.0
ITEM0145304,ORD01453,PROD007,5,449.0
ITEM0145401,ORD01454,PROD008,4,469.0
ITEM0145501,ORD01455,PROD014,3,699.0
ITEM0145502,ORD01455,PROD015,4,1499.0
ITEM0145503,ORD01455,PROD012,5,499.0
ITEM0145504,ORD01455,PROD001,4,499.0
ITEM0145601,ORD01456,PROD013,1,999.0
ITEM0145602,ORD01456,PROD014,2,699.0
ITEM0145603,ORD01456,PROD010,3,479.0
ITEM0145701,ORD01457,PROD013,2,999.0
ITEM0145702,ORD01457,PROD008,3,469.0
ITEM0145801,ORD01458,PROD008,4,469.0
ITEM0145901,ORD01459,PROD005,3,649.0
ITEM0145902,ORD01459,PROD012,4,499.0
ITEM0145903,ORD01459,PROD008,3,469.0
ITEM0146001,ORD01460,PROD003,3,529.0
ITEM0146002,ORD01460,PROD009,1,489.0
ITEM0146101,ORD01461,PROD005,5,649.0
ITEM0146102,ORD01461,PROD012,3,499.0
ITEM0146103,ORD01461,PROD003,4,529.0
ITEM0146201,ORD01462,PROD012,2,499.0
ITEM0146202,ORD01462,PROD013,2,999.0
ITEM0146301,ORD01463,PROD011,2,299.0
ITEM0146302,ORD01463,PROD004,5,599.0
ITEM0146303,ORD01463,PROD001,3,499.0
ITEM0146401,ORD01464,PROD012,5,499.0
ITEM0146402,ORD01464,PROD009,4,489.0
ITEM0146403,ORD01464,PROD015,4,1499.0
ITEM0146501,ORD01465,PROD010,5,479.0
ITEM0146502,ORD01465,PROD014,3,699.0
ITEM0146601,ORD01466,PROD011,2,299.0
ITEM0146602,ORD01466,PROD003,4,529.0
ITEM0146603,ORD01466,PROD009,4,489.0
ITEM0146604,ORD01466,PROD008,1,469.0
ITEM0146701,ORD01467,PROD004,3,599.0
ITEM0146702,ORD01467,PROD015,5,1499.0
ITEM0146703,ORD01467,PROD003,1,529.0
ITEM0146801,ORD01468,PROD010,5,479.0
ITEM0146802,ORD01468,PROD011,2,299.0
ITEM0146803,ORD01468,PROD001,2,499.0
ITEM0146804,ORD01468,PROD012,3,499.0
ITEM0146901,ORD01469,PROD006,5,449.0
ITEM0147001,ORD01470,PROD013,1,999.0
ITEM0147101,ORD01471,PROD005,2,649.0
ITEM0147102,ORD01471,PROD013,2,999.0
ITEM0147201,ORD01472,PROD009,2,489.0
ITEM0147202,ORD01472,PROD005,1,649.0
ITEM0147203,ORD01472,PROD002,2,549.0
ITEM0147301,ORD01473,PROD004,5,599.0
ITEM0147302,ORD01473,PROD010,4,479.0
ITEM0147401,ORD01474,PROD006,1,449.0
ITEM0147501,ORD01475,PROD008,2,469.0
ITEM0147601,ORD01476,PROD005,4,649.0
ITEM0147602,ORD01476,PROD010,1,479.0
ITEM0147603,ORD01476,PROD001,4,499.0
ITEM0147604,ORD01476,PROD014,2,699.0
ITEM0147701,ORD01477,PROD005,4,649.0
ITEM0147801,ORD01478,PROD006,4,449.0
ITEM0147802,ORD01478,PROD009,5,489.0
ITEM0147901,ORD01479,PROD006,5,449.0
ITEM0147902,ORD01479,PROD005,5,649.0
ITEM0148001,ORD01480,PROD008,3,469.0
ITEM0148002,ORD01480,PROD001,5,499.0
ITEM0148101,ORD01481,PROD013,4,999.0
ITEM0148201,ORD01482,PROD006,2,449.0
ITEM0148202,ORD01482,PROD011,2,299.0
ITEM0148203,ORD01482,PROD014,1,699.0
ITEM0148204,ORD01482,PROD009,2,489.0
ITEM0148301,ORD01483,PROD013,1,999.0
ITEM0148302,ORD01483,PROD009,3,489.0
ITEM0148303,ORD01483,PROD008,5,469.0
ITEM0148401,ORD01484,PROD003,4,529.0
ITEM0148402,ORD01484,PROD004,2,599.0
ITEM0148403,ORD01484,PROD013,2,999.0
ITEM0148501,ORD01485,PROD011,3,299.0
ITEM0148502,ORD01485,PROD010,2,479.0
ITEM0148503,ORD01485,PROD013,3,999.0
ITEM0148504,ORD01485,PROD007,4,449.0
ITEM0148601,ORD01486,PROD006,3,449.0
ITEM0148602,ORD01486,PROD012,4,499.0
ITEM0148603,ORD01486,PROD015,3,1499.0
ITEM0148701,ORD01487,PROD001,4,499.0
ITEM0148702,ORD01487,PROD013,3,999.0
ITEM0148703,ORD01487,PROD007,2,449.0
ITEM0148704,ORD01487,PROD015,4,1499.0
ITEM0148801,ORD01488,PROD004,3,599.0
ITEM0148802,ORD01488,PROD011,3,299.0
ITEM0148901,ORD01489,PROD013,5,999.0
ITEM0148902,ORD01489,PROD007,2,449.0
ITEM0148903,ORD01489,PROD006,2,449.0
ITEM0148904,ORD01489,PROD009,5,489.0
ITEM0149001,ORD01490,PROD002,2,549.0
ITEM0149101,ORD01491,PROD001,4,499.0
ITEM0149102,ORD01491,PROD013,2,999.0
ITEM0149103,ORD01491,PROD011,3,299.0
ITEM0149104,ORD01491,PROD007,5,449.0
ITEM0149201,ORD01492,PROD011,3,299.0
ITEM0149301,ORD01493,PROD002,1,549.0
ITEM0149302,ORD01493,PROD008,3,469.0
ITEM0149303,ORD01493,PROD003,4,529.0
ITEM0149401,ORD01494,PROD010,1,479.0
ITEM0149402,ORD01494,PROD004,4,599.0
ITEM0149403,ORD01494,PROD009,2,489.0
ITEM0149501,ORD01495,PROD009,1,489.0
ITEM0149502,ORD01495,PROD015,2,1499.0
ITEM0149503,ORD01495,PROD005,1,649.0
ITEM0149601,ORD01496,PROD015,2,1499.0
ITEM0149602,ORD01496,PROD013,2,999.0
ITEM0149603,ORD01496,PROD008,3,469.0
ITEM0149701,ORD01497,PROD004,3,599.0
ITEM0149702,ORD01497,PROD011,3,299.0
ITEM0149703,ORD01497,PROD012,5,499.0
ITEM0149801,ORD01498,PROD007,1,449.0
ITEM0149802,ORD01498,PROD015,5,1499.0
ITEM0149803,ORD01498,PROD013,1,999.0
ITEM0149804,ORD01498,PROD008,5,469.0
ITEM0149901,ORD01499,PROD009,3,489.0
ITEM0150001,ORD01500,PROD011,1,299.0
ITEM0150002,ORD01500,PROD002,5,549.0
ITEM0150003,ORD01500,PROD012,1,499.0
ITEM0150101,ORD01501,PROD013,1,999.0
ITEM0150102,ORD01501,PROD009,5,489.0
ITEM0150201,ORD01502,PROD013,4,999.0
ITEM0150202,ORD01502,PROD002,3,549.0
ITEM0150301,ORD01503,PROD011,1,299.0
ITEM0150302,ORD01503,PROD006,2,449.0
ITEM0150401,ORD01504,PROD015,3,1499.0
ITEM0150402,ORD01504,PROD001,1,499.0
ITEM0150403,ORD01504,PROD007,5,449.0
ITEM0150404,ORD01504,PROD010,4,479.0
ITEM0150501,ORD01505,PROD003,3,529.0
ITEM0150502,ORD01505,PROD005,5,649.0
ITEM0150503,ORD01505,PROD004,4,599.0
ITEM0150504,ORD01505,PROD010,2,479.0
ITEM0150601,ORD01506,PROD004,2,599.0
ITEM0150602,ORD01506,PROD013,2,999.0
ITEM0150701,ORD01507,PROD013,2,999.0
ITEM0150801,ORD01508,PROD014,2,699.0
ITEM0150802,ORD01508,PROD006,2,449.0
ITEM0150803,ORD01508,PROD004,3,599.0
ITEM0150901,ORD01509,PROD015,3,1499.0
ITEM0150902,ORD01509,PROD004,1,599.0
ITEM0151001,ORD01510,PROD001,2,499.0
ITEM0151002,ORD01510,PROD008,4,469.0
ITEM0151003,ORD01510,PROD012,1,499.0
ITEM0151004,ORD01510,PROD013,4,999.0
ITEM0151101,ORD01511,PROD010,2,479.0
ITEM0151102,ORD01511,PROD014,5,699.0
ITEM0151103,ORD01511,PROD002,5,549.0
ITEM0151104,ORD01511,PROD013,5,999.0
ITEM0151201,ORD01512,PROD008,5,469.0
ITEM0151301,ORD01513,PROD002,5,549.0
ITEM0151302,ORD01513,PROD013,3,999.0
ITEM0151401,ORD01514,PROD001,4,499.0
ITEM0151402,ORD01514,PROD015,1,1499.0
ITEM0151403,ORD01514,PROD007,3,449.0
ITEM0151404,ORD01514,PROD013,3,999.0
ITEM0151501,ORD01515,PROD014,1,699.0
ITEM0151502,ORD01515,PROD011,4,299.0
ITEM0151503,ORD01515,PROD005,4,649.0
ITEM0151504,ORD01515,PROD004,1,599.0
ITEM0151601,ORD01516,PROD001,2,499.0
ITEM0151602,ORD01516,PROD003,5,529.0
ITEM0151603,ORD01516,PROD004,1,599.0
ITEM0151701,ORD01517,PROD013,2,999.0
ITEM0151702,ORD01517,PROD001,3,499.0
ITEM0151703,ORD01517,PROD014,3,699.0
ITEM0151704,ORD01517,PROD010,5,479.0
ITEM0151801,ORD01518,PROD015,2,1499.0
ITEM0151802,ORD01518,PROD009,2,489.0
ITEM0151901,ORD01519,PROD008,2,469.0
ITEM0152001,ORD01520,PROD010,1,479.0
ITEM0152002,ORD01520,PROD006,3,449.0
ITEM0152003,ORD01520,PROD001,1,499.0
ITEM0152101,ORD01521,PROD015,1,1499.0
ITEM0152102,ORD01521,PROD007,5,449.0
ITEM0152201,ORD01522,PROD003,1,529.0
ITEM0152202,ORD01522,PROD002,3,549.0
ITEM0152301,ORD01523,PROD002,4,549.0
ITEM0152401,ORD01524,PROD003,1,529.0
ITEM0152402,ORD01524,PROD014,3,699.0
ITEM0152403,ORD01524,PROD010,4,479.0
ITEM0152404,ORD01524,PROD011,4,299.0
ITEM0152501,ORD01525,PROD010,1,479.0
ITEM0152502,ORD01525,PROD011,4,299.0
ITEM0152503,ORD01525,PROD012,4,499.0
ITEM0152601,ORD01526,PROD009,2,489.0
ITEM0152602,ORD01526,PROD003,2,529.0
ITEM0152701,ORD01527,PROD005,2,649.0
ITEM0152702,ORD01527,PROD010,3,479.0
ITEM0152703,ORD01527,PROD002,2,549.0
ITEM0152704,ORD01527,PROD004,3,599.0
ITEM0152801,ORD01528,PROD013,4,999.0
ITEM0152802,ORD01528,PROD003,3,529.0
ITEM0152803,ORD01528,PROD006,2,449.0
ITEM0152901,ORD01529,PROD011,2,299.0
ITEM0152902,ORD01529,PROD001,1,499.0
ITEM0152903,ORD01529,PROD013,2,999.0
ITEM0152904,ORD01529,PROD004,1,599.0
ITEM0153001,ORD01530,PROD001,4,499.0
ITEM0153002,ORD01530,PROD010,3,479.0
ITEM0153003,ORD01530,PROD008,2,469.0
ITEM0153101,ORD01531,PROD008,3,469.0
ITEM0153102,ORD01531,PROD010,5,479.0
ITEM0153201,ORD01532,PROD006,3,449.0
ITEM0153202,ORD01532,PROD003,4,529.0
ITEM0153203,ORD01532,PROD005,5,649.0
ITEM0153301,ORD01533,PROD013,1,999.0
ITEM0153302,ORD01533,PROD009,3,489.0
ITEM0153303,ORD01533,PROD005,4,649.0
ITEM0153401,ORD01534,PROD002,4,549.0
ITEM0153402,ORD01534,PROD004,1,599.0
ITEM0153501,ORD01535,PROD014,3,699.0
ITEM0153502,ORD01535,PROD006,4,449.0
ITEM0153601,ORD01536,PROD014,5,699.0
ITEM0153701,ORD01537,PROD003,2,529.0
ITEM0153702,ORD01537,PROD014,1,699.0
ITEM0153801,ORD01538,PROD010,5,479.0
ITEM0153802,ORD01538,PROD014,5,699.0
ITEM0153901,ORD01539,PROD012,2,499.0
ITEM0153902,ORD01539,PROD009,3,489.0
ITEM0154001,ORD01540,PROD014,2,699.0
ITEM0154002,ORD01540,PROD013,5,999.0
ITEM0154101,ORD01541,PROD005,4,649.0
ITEM0154102,ORD01541,PROD001,3,499.0
ITEM0154201,ORD01542,PROD008,3,469.0
ITEM0154202,ORD01542,PROD006,1,449.0
ITEM0154203,ORD01542,PROD003,1,529.0
ITEM0154204,ORD01542,PROD012,3,499.0
ITEM0154301,ORD01543,PROD015,5,1499.0
ITEM0154302,ORD01543,PROD012,5,499.0
ITEM0154401,ORD01544,PROD003,2,529.0
ITEM0154402,ORD01544,PROD015,4,1499.0
ITEM0154403,ORD01544,PROD008,2,469.0
ITEM0154404,ORD01544,PROD014,4,699.0
ITEM0154501,ORD01545,PROD002,2,549.0
ITEM0154502,ORD01545,PROD004,4,599.0
ITEM0154503,ORD01545,PROD005,1,649.0
ITEM0154601,ORD01546,PROD004,2,599.0
ITEM0154602,ORD01546,PROD008,3,469.0
ITEM0154701,ORD01547,PROD009,3,489.0
ITEM0154801,ORD01548,PROD004,1,599.0
ITEM0154802,ORD01548,PROD011,5,299.0
ITEM0154803,ORD01548,PROD008,5,469.0
ITEM0154804,ORD01548,PROD005,4,649.0
ITEM0154901,ORD01549,PROD015,4,1499.0
ITEM0154902,ORD01549,PROD005,3,649.0
ITEM0154903,ORD01549,PROD001,1,499.0
ITEM0155001,ORD01550,PROD015,4,1499.0
ITEM0155002,ORD01550,PROD012,3,499.0
ITEM0155101,ORD01551,PROD004,4,599.0
ITEM0155102,ORD01551,PROD014,4,699.0
ITEM0155103,ORD01551,PROD011,4,299.0
ITEM0155201,ORD01552,PROD014,3,699.0
ITEM0155202,ORD01552,PROD012,3,499.0
ITEM0155203,ORD01552,PROD015,5,1499.0
ITEM0155301,ORD01553,PROD006,1,449.0
ITEM0155302,ORD01553,PROD002,4,549.0
ITEM0155303,ORD01553,PROD001,2,499.0
ITEM0155401,ORD01554,PROD011,4,299.0
ITEM0155402,ORD01554,PROD005,5,649.0
ITEM0155403,ORD01554,PROD002,5,549.0
ITEM0155404,ORD01554,PROD012,5,499.0
ITEM0155501,ORD01555,PROD001,1,499.0
ITEM0155502,ORD01555,PROD010,5,479.0
ITEM0155503,ORD01555,PROD002,1,549.0
ITEM0155504,ORD01555,PROD014,1,699.0
ITEM0155601,ORD01556,PROD014,1,699.0
ITEM0155602,ORD01556,PROD007,3,449.0
ITEM0155603,ORD01556,PROD012,4,499.0
ITEM0155604,ORD01556,PROD013,4,999.0
ITEM0155701,ORD01557,PROD014,4,699.0
ITEM0155702,ORD01557,PROD013,1,999.0
ITEM0155703,ORD01557,PROD011,2,299.0
ITEM0155704,ORD01557,PROD012,5,499.0
ITEM0155801,ORD01558,PROD002,1,549.0
ITEM0155802,ORD01558,PROD005,4,649.0
ITEM0155803,ORD01558,PROD007,3,449.0
ITEM0155901,ORD01559,PROD005,1,649.0
ITEM0155902,ORD01559,PROD008,3,469.0
ITEM0156001,ORD01560,PROD004,5,599.0
ITEM0156002,ORD01560,PROD009,3,489.0
ITEM0156101,ORD01561,PROD014,1,699.0
ITEM0156102,ORD01561,PROD008,3,469.0
ITEM0156201,ORD01562,PROD006,3,449.0
ITEM0156202,ORD01562,PROD014,1,699.0
ITEM0156301,ORD01563,PROD010,2,479.0
ITEM0156302,ORD01563,PROD008,4,469.0
ITEM0156303,ORD01563,PROD011,2,299.0
ITEM0156401,ORD01564,PROD015,2,1499.0
ITEM0156402,ORD01564,PROD006,3,449.0
ITEM0156403,ORD01564,PROD013,1,999.0
ITEM0156404,ORD01564,PROD003,1,529.0
ITEM0156501,ORD01565,PROD013,2,999.0
ITEM0156502,ORD01565,PROD009,4,489.0
ITEM0156503,ORD01565,PROD014,5,699.0
ITEM0156601,ORD01566,PROD012,5,499.0
ITEM0156701,ORD01567,PROD012,5,499.0
ITEM0156702,ORD01567,PROD006,3,449.0
ITEM0156801,ORD01568,PROD014,3,699.0
ITEM0156901,ORD01569,PROD004,2,599.0
ITEM0156902,ORD01569,PROD008,5,469.0
ITEM0156903,ORD01569,PROD001,2,499.0
ITEM0157001,ORD01570,PROD014,2,699.0
ITEM0157002,ORD01570,PROD012,2,499.0
ITEM0157101,ORD01571,PROD003,3,529.0
ITEM0157102,ORD01571,PROD001,2,499.0
ITEM0157201,ORD01572,PROD014,5,699.0
ITEM0157202,ORD01572,PROD008,5,469.0
ITEM0157203,ORD01572,PROD007,2,449.0
ITEM0157204,ORD01572,PROD009,4,489.0
ITEM0157301,ORD01573,PROD012,3,499.0
ITEM0157302,ORD01573,PROD005,4,649.0
ITEM0157303,ORD01573,PROD015,3,1499.0
ITEM0157304,ORD01573,PROD006,3,449.0
ITEM0157401,ORD01574,PROD002,3,549.0
ITEM0157402,ORD01574,PROD012,2,499.0
ITEM0157403,ORD01574,PROD003,5,529.0
ITEM0157501,ORD01575,PROD009,2,489.0
ITEM0157502,ORD01575,PROD006,3,449.0
ITEM0157503,ORD01575,PROD002,5,549.0
ITEM0157504,ORD01575,PROD010,2,479.0
ITEM0157601,ORD01576,PROD008,5,469.0
ITEM0157701,ORD01577,PROD003,1,529.0
ITEM0157801,ORD01578,PROD015,3,1499.0
ITEM0157901,ORD01579,PROD002,5,549.0
ITEM0157902,ORD01579,PROD012,3,499.0
ITEM0157903,ORD01579,PROD005,1,649.0
ITEM0158001,ORD01580,PROD007,4,449.0
ITEM0158002,ORD01580,PROD004,3,599.0
ITEM0158101,ORD01581,PROD003,5,529.0
ITEM0158102,ORD01581,PROD013,3,999.0
ITEM0158103,ORD01581,PROD009,1,489.0
ITEM0158104,ORD01581,PROD011,5,299.0
ITEM0158201,ORD01582,PROD010,1,479.0
ITEM0158301,ORD01583,PROD004,2,599.0
ITEM0158302,ORD01583,PROD010,2,479.0
ITEM0158401,ORD01584,PROD002,5,549.0
ITEM0158402,ORD01584,PROD015,4,1499.0
ITEM0158403,ORD01584,PROD007,4,449.0
ITEM0158501,ORD01585,PROD003,3,529.0
ITEM0158502,ORD01585,PROD002,2,549.0
ITEM0158503,ORD01585,PROD005,4,649.0
ITEM0158601,ORD01586,PROD005,2,649.0
ITEM0158602,ORD01586,PROD007,2,449.0
ITEM0158701,ORD01587,PROD009,3,489.0
ITEM0158801,ORD01588,PROD011,3,299.0
ITEM0158901,ORD01589,PROD001,3,499.0
ITEM0159001,ORD01590,PROD014,2,699.0
ITEM0159002,ORD01590,PROD002,5,549.0
ITEM0159003,ORD01590,PROD003,4,529.0
ITEM0159101,ORD01591,PROD002,2,549.0
ITEM0159102,ORD01591,PROD014,5,699.0
ITEM0159103,ORD01591,PROD011,3,299.0
ITEM0159201,ORD01592,PROD009,4,489.0
ITEM0159202,ORD01592,PROD003,1,529.0
ITEM0159301,ORD01593,PROD013,3,999.0
ITEM0159401,ORD01594,PROD010,2,479.0
ITEM0159402,ORD01594,PROD009,1,489.0
ITEM0159501,ORD01595,PROD008,4,469.0
ITEM0159502,ORD01595,PROD011,4,299.0
ITEM0159503,ORD01595,PROD009,1,489.0
ITEM0159601,ORD01596,PROD006,2,449.0
ITEM0159602,ORD01596,PROD003,4,529.0
ITEM0159701,ORD01597,PROD015,4,1499.0
ITEM0159801,ORD01598,PROD011,3,299.0
ITEM0159901,ORD01599,PROD013,3,999.0
ITEM0159902,ORD01599,PROD009,3,489.0
ITEM0159903,ORD01599,PROD011,2,299.0
ITEM0159904,ORD01599,PROD004,4,599.0
ITEM0160001,ORD01600,PROD007,4,449.0
ITEM0160002,ORD01600,PROD015,1,1499.0
ITEM0160003,ORD01600,PROD014,4,699.0
ITEM0160004,ORD01600,PROD002,1,549.0
ITEM0160101,ORD01601,PROD005,1,649.0
ITEM0160102,ORD01601,PROD008,5,469.0
ITEM0160103,ORD01601,PROD013,1,999.0
ITEM0160104,ORD01601,PROD015,2,1499.0
ITEM0160201,ORD01602,PROD011,1,299.0
ITEM0160202,ORD01602,PROD006,5,449.0
ITEM0160301,ORD01603,PROD004,4,599.0
ITEM0160302,ORD01603,PROD006,5,449.0
ITEM0160303,ORD01603,PROD009,5,489.0
ITEM0160304,ORD01603,PROD001,2,499.0
ITEM0160401,ORD01604,PROD015,2,1499.0
ITEM0160501,ORD01605,PROD012,1,499.0
ITEM0160502,ORD01605,PROD006,2,449.0
ITEM0160601,ORD01606,PROD001,4,499.0
ITEM0160701,ORD01607,PROD015,2,1499.0
ITEM0160801,ORD01608,PROD014,1,699.0
ITEM0160802,ORD01608,PROD004,2,599.0
ITEM0160803,ORD01608,PROD006,2,449.0
ITEM0160804,ORD01608,PROD007,5,449.0
ITEM0160901,ORD01609,PROD011,3,299.0
ITEM0160902,ORD01609,PROD010,2,479.0
ITEM0160903,ORD01609,PROD012,3,499.0
ITEM0160904,ORD01609,PROD015,4,1499.0
ITEM0161001,ORD01610,PROD007,3,449.0
ITEM0161002,ORD01610,PROD005,5,649.0
ITEM0161003,ORD01610,PROD004,1,599.0
ITEM0161004,ORD01610,PROD008,4,469.0
ITEM0161101,ORD01611,PROD002,1,549.0
ITEM0161102,ORD01611,PROD011,1,299.0
ITEM0161201,ORD01612,PROD003,4,529.0
ITEM0161202,ORD01612,PROD012,3,499.0
ITEM0161203,ORD01612,PROD005,5,649.0
ITEM0161301,ORD01613,PROD002,4,549.0
ITEM0161302,ORD01613,PROD013,2,999.0
ITEM0161303,ORD01613,PROD015,1,1499.0
ITEM0161401,ORD01614,PROD008,4,469.0
ITEM0161501,ORD01615,PROD003,1,529.0
ITEM0161502,ORD01615,PROD002,2,549.0
ITEM0161503,ORD01615,PROD013,4,999.0
ITEM0161504,ORD01615,PROD012,5,499.0
ITEM0161601,ORD01616,PROD010,5,479.0
ITEM0161602,ORD01616,PROD013,2,999.0
ITEM0161603,ORD01616,PROD001,2,499.0
ITEM0161604,ORD01616,PROD011,3,299.0
ITEM0161701,ORD01617,PROD006,3,449.0
ITEM0161702,ORD01617,PROD014,2,699.0
ITEM0161801,ORD01618,PROD007,4,449.0
ITEM0161901,ORD01619,PROD003,2,529.0
ITEM0161902,ORD01619,PROD011,3,299.0
ITEM0162001,ORD01620,PROD002,5,549.0
ITEM0162002,ORD01620,PROD014,3,699.0
ITEM0162003,ORD01620,PROD004,5,599.0
ITEM0162004,ORD01620,PROD010,2,479.0
ITEM0162101,ORD01621,PROD002,1,549.0
ITEM0162201,ORD01622,PROD012,3,499.0
ITEM0162202,ORD01622,PROD006,1,449.0
ITEM0162301,ORD01623,PROD007,1,449.0
ITEM0162401,ORD01624,PROD014,2,699.0
ITEM0162501,ORD01625,PROD001,4,499.0
ITEM0162601,ORD01626,PROD011,4,299.0
ITEM0162602,ORD01626,PROD010,2,479.0
ITEM0162603,ORD01626,PROD007,4,449.0
ITEM0162701,ORD01627,PROD008,3,469.0
ITEM0162702,ORD01627,PROD003,2,529.0
ITEM0162703,ORD01627,PROD015,2,1499.0
ITEM0162704,ORD01627,PROD009,3,489.0
ITEM0162801,ORD01628,PROD005,1,649.0
ITEM0162802,ORD01628,PROD003,4,529.0
ITEM0162803,ORD01628,PROD006,3,449.0
ITEM0162804,ORD01628,PROD012,2,499.0
ITEM0162901,ORD01629,PROD007,3,449.0
ITEM0162902,ORD01629,PROD003,2,529.0
ITEM0163001,ORD01630,PROD008,4,469.0
ITEM0163002,ORD01630,PROD012,4,499.0
ITEM0163003,ORD01630,PROD015,3,1499.0
ITEM0163004,ORD01630,PROD013,3,999.0
ITEM0163101,ORD01631,PROD004,2,599.0
ITEM0163102,ORD01631,PROD015,5,1499.0
ITEM0163201,ORD01632,PROD009,3,489.0
ITEM0163202,ORD01632,PROD014,3,699.0
ITEM0163203,ORD01632,PROD013,2,999.0
ITEM0163204,ORD01632,PROD007,4,449.0
ITEM0163301,ORD01633,PROD005,4,649.0
ITEM0163302,ORD01633,PROD014,1,699.0
ITEM0163303,ORD01633,PROD013,2,999.0
ITEM0163304,ORD01633,PROD010,2,479.0
ITEM0163401,ORD01634,PROD015,4,1499.0
ITEM0163402,ORD01634,PROD009,1,489.0
ITEM0163403,ORD01634,PROD007,2,449.0
ITEM0163404,ORD01634,PROD003,4,529.0
ITEM0163501,ORD01635,PROD011,5,299.0
ITEM0163502,ORD01635,PROD007,2,449.0
ITEM0163601,ORD01636,PROD014,2,699.0
ITEM0163602,ORD01636,PROD012,4,499.0
ITEM0163701,ORD01637,PROD011,1,299.0
ITEM0163801,ORD01638,PROD015,1,1499.0
ITEM0163901,ORD01639,PROD004,2,599.0
ITEM0163902,ORD01639,PROD012,3,499.0
ITEM0163903,ORD01639,PROD003,1,529.0
ITEM0164001,ORD01640,PROD008,3,469.0
ITEM0164002,ORD01640,PROD006,3,449.0
ITEM0164003,ORD01640,PROD012,1,499.0
ITEM0164004,ORD01640,PROD003,5,529.0
ITEM0164101,ORD01641,PROD009,5,489.0
ITEM0164201,ORD01642,PROD012,1,499.0
ITEM0164202,ORD01642,PROD005,2,649.0
ITEM0164203,ORD01642,PROD015,4,1499.0
ITEM0164204,ORD01642,PROD004,1,599.0
ITEM0164301,ORD01643,PROD008,1,469.0
ITEM0164302,ORD01643,PROD007,5,449.0
ITEM0164303,ORD01643,PROD015,3,1499.0
ITEM0164304,ORD01643,PROD003,4,529.0
ITEM0164401,ORD01644,PROD008,5,469.0
ITEM0164501,ORD01645,PROD002,5,549.0
ITEM0164502,ORD01645,PROD003,3,529.0
ITEM0164503,ORD01645,PROD014,4,699.0
ITEM0164601,ORD01646,PROD011,3,299.0
ITEM0164602,ORD01646,PROD006,1,449.0
ITEM0164701,ORD01647,PROD001,2,499.0
ITEM0164702,ORD01647,PROD010,3,479.0
ITEM0164703,ORD01647,PROD014,3,699.0
ITEM0164704,ORD01647,PROD007,2,449.0
ITEM0164801,ORD01648,PROD008,3,469.0
ITEM0164901,ORD01649,PROD012,3,499.0
ITEM0164902,ORD01649,PROD005,4,649.0
ITEM0165001,ORD01650,PROD011,1,299.0
ITEM0165002,ORD01650,PROD002,2,549.0
ITEM0165003,ORD01650,PROD006,5,449.0
ITEM0165004,ORD01650,PROD009,1,489.0
ITEM0165101,ORD01651,PROD004,1,599.0
ITEM0165102,ORD01651,PROD008,3,469.0
ITEM0165103,ORD01651,PROD007,4,449.0
ITEM0165104,ORD01651,PROD013,3,999.0
ITEM0165201,ORD01652,PROD007,3,449.0
ITEM0165202,ORD01652,PROD012,3,499.0
ITEM0165203,ORD01652,PROD006,5,449.0
ITEM0165204,ORD01652,PROD003,2,529.0
ITEM0165301,ORD01653,PROD015,3,1499.0
ITEM0165302,ORD01653,PROD011,5,299.0
ITEM0165303,ORD01653,PROD002,1,549.0
ITEM0165304,ORD01653,PROD014,1,699.0
ITEM0165401,ORD01654,PROD004,1,599.0
ITEM0165501,ORD01655,PROD013,1,999.0
ITEM0165502,ORD01655,PROD002,1,549.0
ITEM0165601,ORD01656,PROD014,2,699.0
ITEM0165602,ORD01656,PROD010,5,479.0
ITEM0165603,ORD01656,PROD002,4,549.0
ITEM0165701,ORD01657,PROD010,1,479.0
ITEM0165801,ORD01658,PROD003,1,529.0
ITEM0165901,ORD01659,PROD004,1,599.0
ITEM0165902,ORD01659,PROD001,4,499.0
ITEM0166001,ORD01660,PROD012,5,499.0
ITEM0166002,ORD01660,PROD008,2,469.0
ITEM0166101,ORD01661,PROD008,2,469.0
ITEM0166201,ORD01662,PROD005,5,649.0
ITEM0166202,ORD01662,PROD003,5,529.0
ITEM0166301,ORD01663,PROD004,2,599.0
ITEM0166401,ORD01664,PROD003,5,529.0
ITEM0166402,ORD01664,PROD007,3,449.0
ITEM0166501,ORD01665,PROD004,3,599.0
ITEM0166502,ORD01665,PROD007,2,449.0
ITEM0166503,ORD01665,PROD005,5,649.0
ITEM0166601,ORD01666,PROD002,1,549.0
ITEM0166602,ORD01666,PROD001,4,499.0
ITEM0166701,ORD01667,PROD002,4,549.0
ITEM0166702,ORD01667,PROD011,1,299.0
ITEM0166703,ORD01667,PROD013,1,999.0
ITEM0166704,ORD01667,PROD012,3,499.0
ITEM0166801,ORD01668,PROD010,3,479.0
ITEM0166901,ORD01669,PROD006,3,449.0
ITEM0166902,ORD01669,PROD008,5,469.0
ITEM0166903,ORD01669,PROD005,2,649.0
ITEM0166904,ORD01669,PROD014,2,699.0
ITEM0167001,ORD01670,PROD007,3,449.0
ITEM0167002,ORD01670,PROD008,4,469.0
ITEM0167003,ORD01670,PROD014,4,699.0
ITEM0167101,ORD01671,PROD012,4,499.0
ITEM0167102,ORD01671,PROD013,4,999.0
ITEM0167201,ORD01672,PROD007,2,449.0
ITEM0167202,ORD01672,PROD014,4,699.0
ITEM0167203,ORD01672,PROD011,3,299.0
ITEM0167301,ORD01673,PROD003,2,529.0
ITEM0167302,ORD01673,PROD010,2,479.0
ITEM0167401,ORD01674,PROD005,2,649.0
ITEM0167402,ORD01674,PROD006,1,449.0
ITEM0167501,ORD01675,PROD004,5,599.0
ITEM0167502,ORD01675,PROD015,4,1499.0
ITEM0167503,ORD01675,PROD008,4,469.0
ITEM0167601,ORD01676,PROD006,1,449.0
ITEM0167701,ORD01677,PROD003,4,529.0
ITEM0167702,ORD01677,PROD004,2,599.0
ITEM0167703,ORD01677,PROD009,4,489.0
ITEM0167801,ORD01678,PROD006,3,449.0
ITEM0167802,ORD01678,PROD011,5,299.0
ITEM0167901,ORD01679,PROD009,3,489.0
ITEM0167902,ORD01679,PROD005,3,649.0
ITEM0168001,ORD01680,PROD002,4,549.0
ITEM0168002,ORD01680,PROD001,2,499.0
ITEM0168003,ORD01680,PROD008,2,469.0
ITEM0168004,ORD01680,PROD006,3,449.0
ITEM0168101,ORD01681,PROD011,3,299.0
ITEM0168102,ORD01681,PROD008,5,469.0
ITEM0168103,ORD01681,PROD013,3,999.0
ITEM0168201,ORD01682,PROD006,5,449.0
ITEM0168202,ORD01682,PROD013,2,999.0
ITEM0168301,ORD01683,PROD008,4,469.0
ITEM0168302,ORD01683,PROD010,1,479.0
ITEM0168401,ORD01684,PROD013,1,999.0
ITEM0168402,ORD01684,PROD003,5,529.0
ITEM0168403,ORD01684,PROD010,4,479.0
ITEM0168404,ORD01684,PROD006,4,449.0
ITEM0168501,ORD01685,PROD013,2,999.0
ITEM0168502,ORD01685,PROD004,3,599.0
ITEM0168503,ORD01685,PROD015,1,1499.0
ITEM0168504,ORD01685,PROD005,4,649.0
ITEM0168601,ORD01686,PROD006,4,449.0
ITEM0168602,ORD01686,PROD014,5,699.0
ITEM0168603,ORD01686,PROD010,2,479.0
ITEM0168701,ORD01687,PROD006,2,449.0
ITEM0168702,ORD01687,PROD010,5,479.0
ITEM0168703,ORD01687,PROD009,5,489.0
ITEM0168704,ORD01687,PROD004,1,599.0
ITEM0168801,ORD01688,PROD009,5,489.0
ITEM0168802,ORD01688,PROD013,3,999.0
ITEM0168901,ORD01689,PROD005,3,649.0
ITEM0169001,ORD01690,PROD011,4,299.0
ITEM0169101,ORD01691,PROD008,4,469.0
ITEM0169102,ORD01691,PROD011,5,299.0
ITEM0169201,ORD01692,PROD002,3,549.0
ITEM0169202,ORD01692,PROD005,2,649.0
ITEM0169203,ORD01692,PROD008,5,469.0
ITEM0169301,ORD01693,PROD006,1,449.0
ITEM0169302,ORD01693,PROD001,1,499.0
ITEM0169401,ORD01694,PROD003,4,529.0
ITEM0169402,ORD01694,PROD006,5,449.0
ITEM0169403,ORD01694,PROD012,1,499.0
ITEM0169501,ORD01695,PROD003,3,529.0
ITEM0169502,ORD01695,PROD006,3,449.0
ITEM0169503,ORD01695,PROD010,5,479.0
ITEM0169504,ORD01695,PROD001,5,499.0
ITEM0169601,ORD01696,PROD008,1,469.0
ITEM0169602,ORD01696,PROD002,2,549.0
ITEM0169701,ORD01697,PROD002,3,549.0
ITEM0169702,ORD01697,PROD013,3,999.0
ITEM0169801,ORD01698,PROD008,4,469.0
ITEM0169901,ORD01699,PROD012,2,499.0
ITEM0169902,ORD01699,PROD003,4,529.0
ITEM0169903,ORD01699,PROD009,2,489.0
ITEM0169904,ORD01699,PROD002,1,549.0
ITEM0170001,ORD01700,PROD011,5,299.0
ITEM0170101,ORD01701,PROD008,1,469.0
ITEM0170102,ORD01701,PROD001,2,499.0
ITEM0170201,ORD01702,PROD009,3,489.0
ITEM0170202,ORD01702,PROD006,4,449.0
ITEM0170301,ORD01703,PROD008,4,469.0
ITEM0170302,ORD01703,PROD001,5,499.0
ITEM0170303,ORD01703,PROD011,1,299.0
ITEM0170401,ORD01704,PROD004,4,599.0
ITEM0170402,ORD01704,PROD010,1,479.0
ITEM0170501,ORD01705,PROD009,4,489.0
ITEM0170502,ORD01705,PROD014,2,699.0
ITEM0170503,ORD01705,PROD003,2,529.0
ITEM0170601,ORD01706,PROD005,5,649.0
ITEM0170602,ORD01706,PROD009,4,489.0
ITEM0170603,ORD01706,PROD006,2,449.0
ITEM0170701,ORD01707,PROD006,3,449.0
ITEM0170702,ORD01707,PROD004,4,599.0
ITEM0170703,ORD01707,PROD015,1,1499.0
ITEM0170801,ORD01708,PROD010,4,479.0
ITEM0170802,ORD01708,PROD011,2,299.0
ITEM0170803,ORD01708,PROD014,2,699.0
ITEM0170804,ORD01708,PROD009,1,489.0
ITEM0170901,ORD01709,PROD004,5,599.0
ITEM0170902,ORD01709,PROD013,3,999.0
ITEM0171001,ORD01710,PROD006,2,449.0
ITEM0171002,ORD01710,PROD008,5,469.0
ITEM0171003,ORD01710,PROD001,3,499.0
ITEM0171101,ORD01711,PROD004,2,599.0
ITEM0171201,ORD01712,PROD012,5,499.0
ITEM0171202,ORD01712,PROD006,2,449.0
ITEM0171203,ORD01712,PROD008,4,469.0
ITEM0171204,ORD01712,PROD007,4,449.0
ITEM0171301,ORD01713,PROD002,1,549.0
ITEM0171302,ORD01713,PROD010,1,479.0
ITEM0171401,ORD01714,PROD005,1,649.0
ITEM0171501,ORD01715,PROD002,3,549.0
ITEM0171502,ORD01715,PROD001,2,499.0
ITEM0171601,ORD01716,PROD002,1,549.0
ITEM0171602,ORD01716,PROD005,3,649.0
ITEM0171603,ORD01716,PROD007,1,449.0
ITEM0171701,ORD01717,PROD008,1,469.0
ITEM0171702,ORD01717,PROD013,1,999.0
ITEM0171703,ORD01717,PROD004,4,599.0
ITEM0171801,ORD01718,PROD008,5,469.0
ITEM0171802,ORD01718,PROD014,5,699.0
ITEM0171901,ORD01719,PROD002,2,549.0
ITEM0171902,ORD01719,PROD012,1,499.0
ITEM0171903,ORD01719,PROD014,4,699.0
ITEM0171904,ORD01719,PROD003,4,529.0
ITEM0172001,ORD01720,PROD007,1,449.0
ITEM0172002,ORD01720,PROD003,1,529.0
ITEM0172003,ORD01720,PROD001,3,499.0
ITEM0172004,ORD01720,PROD010,3,479.0
ITEM0172101,ORD01721,PROD001,2,499.0
ITEM0172102,ORD01721,PROD011,2,299.0
ITEM0172103,ORD01721,PROD005,4,649.0
ITEM0172201,ORD01722,PROD014,5,699.0
ITEM0172301,ORD01723,PROD013,1,999.0
ITEM0172302,ORD01723,PROD004,3,599.0
ITEM0172303,ORD01723,PROD012,3,499.0
ITEM0172304,ORD01723,PROD015,1,1499.0
ITEM0172401,ORD01724,PROD009,3,489.0
ITEM0172402,ORD01724,PROD003,5,529.0
ITEM0172403,ORD01724,PROD006,5,449.0
ITEM0172404,ORD01724,PROD011,2,299.0
ITEM0172501,ORD01725,PROD006,2,449.0
ITEM0172502,ORD01725,PROD008,4,469.0
ITEM0172503,ORD01725,PROD015,5,1499.0
ITEM0172504,ORD01725,PROD005,4,649.0
ITEM0172601,ORD01726,PROD015,3,1499.0
ITEM0172602,ORD01726,PROD003,4,529.0
ITEM0172603,ORD01726,PROD006,4,449.0
ITEM0172701,ORD01727,PROD015,3,1499.0
ITEM0172702,ORD01727,PROD001,5,499.0
ITEM0172801,ORD01728,PROD014,5,699.0
ITEM0172802,ORD01728,PROD013,2,999.0
ITEM0172901,ORD01729,PROD002,5,549.0
ITEM0172902,ORD01729,PROD014,5,699.0
ITEM0172903,ORD01729,PROD007,1,449.0
ITEM0172904,ORD01729,PROD015,5,1499.0
ITEM0173001,ORD01730,PROD012,3,499.0
ITEM0173002,ORD01730,PROD004,4,599.0
ITEM0173101,ORD01731,PROD009,4,489.0
ITEM0173102,ORD01731,PROD007,2,449.0
ITEM0173103,ORD01731,PROD015,5,1499.0
ITEM0173201,ORD01732,PROD004,4,599.0
ITEM0173301,ORD01733,PROD008,2,469.0
ITEM0173401,ORD01734,PROD004,3,599.0
ITEM0173402,ORD01734,PROD013,2,999.0
ITEM0173403,ORD01734,PROD007,5,449.0
ITEM0173501,ORD01735,PROD001,1,499.0
ITEM0173502,ORD01735,PROD015,3,1499.0
ITEM0173601,ORD01736,PROD002,3,549.0
ITEM0173701,ORD01737,PROD011,5,299.0
ITEM0173702,ORD01737,PROD007,3,449.0
ITEM0173703,ORD01737,PROD001,3,499.0
ITEM0173801,ORD01738,PROD010,5,479.0
ITEM0173802,ORD01738,PROD015,5,1499.0
ITEM0173803,ORD01738,PROD008,1,469.0
ITEM0173804,ORD01738,PROD011,4,299.0
ITEM0173901,ORD01739,PROD005,4,649.0
ITEM0174001,ORD01740,PROD007,5,449.0
ITEM0174101,ORD01741,PROD001,1,499.0
ITEM0174102,ORD01741,PROD007,4,449.0
ITEM0174103,ORD01741,PROD015,3,1499.0
ITEM0174104,ORD01741,PROD008,5,469.0
ITEM0174201,ORD01742,PROD008,4,469.0
ITEM0174301,ORD01743,PROD001,4,499.0
ITEM0174302,ORD01743,PROD006,2,449.0
ITEM0174303,ORD01743,PROD005,5,649.0
ITEM0174304,ORD01743,PROD009,4,489.0
ITEM0174401,ORD01744,PROD015,5,1499.0
ITEM0174501,ORD01745,PROD005,5,649.0
ITEM0174502,ORD01745,PROD012,1,499.0
ITEM0174503,ORD01745,PROD010,3,479.0
ITEM0174504,ORD01745,PROD007,5,449.0
ITEM0174601,ORD01746,PROD005,3,649.0
ITEM0174602,ORD01746,PROD014,5,699.0
ITEM0174603,ORD01746,PROD003,3,529.0
ITEM0174604,ORD01746,PROD001,4,499.0
ITEM0174701,ORD01747,PROD004,4,599.0
ITEM0174801,ORD01748,PROD013,1,999.0
ITEM0174802,ORD01748,PROD007,3,449.0
ITEM0174901,ORD01749,PROD004,1,599.0
ITEM0174902,ORD01749,PROD012,1,499.0
ITEM0174903,ORD01749,PROD008,2,469.0
ITEM0174904,ORD01749,PROD014,2,699.0
ITEM0175001,ORD01750,PROD008,4,469.0
ITEM0175002,ORD01750,PROD006,1,449.0
ITEM0175003,ORD01750,PROD013,5,999.0
ITEM0175004,ORD01750,PROD012,3,499.0
ITEM0175101,ORD01751,PROD001,4,499.0
ITEM0175102,ORD01751,PROD005,1,649.0
ITEM0175103,ORD01751,PROD007,1,449.0
ITEM0175104,ORD01751,PROD009,1,489.0
ITEM0175201,ORD01752,PROD015,1,1499.0
ITEM0175202,ORD01752,PROD003,1,529.0
ITEM0175301,ORD01753,PROD008,5,469.0
ITEM0175302,ORD01753,PROD011,3,299.0
ITEM0175401,ORD01754,PROD010,1,479.0
ITEM0175402,ORD01754,PROD007,5,449.0
ITEM0175501,ORD01755,PROD003,4,529.0
ITEM0175502,ORD01755,PROD012,1,499.0
ITEM0175503,ORD01755,PROD014,3,699.0
ITEM0175601,ORD01756,PROD009,3,489.0
ITEM0175701,ORD01757,PROD006,4,449.0
ITEM0175702,ORD01757,PROD004,2,599.0
ITEM0175801,ORD01758,PROD002,4,549.0
ITEM0175802,ORD01758,PROD003,5,529.0
ITEM0175901,ORD01759,PROD003,2,529.0
ITEM0176001,ORD01760,PROD008,5,469.0
ITEM0176101,ORD01761,PROD014,3,699.0
ITEM0176102,ORD01761,PROD011,4,299.0
ITEM0176103,ORD01761,PROD006,1,449.0
ITEM0176104,ORD01761,PROD004,4,599.0
ITEM0176201,ORD01762,PROD004,3,599.0
ITEM0176301,ORD01763,PROD012,4,499.0
ITEM0176302,ORD01763,PROD003,5,529.0
ITEM0176401,ORD01764,PROD004,5,599.0
ITEM0176402,ORD01764,PROD010,3,479.0
ITEM0176501,ORD01765,PROD007,1,449.0
ITEM0176601,ORD01766,PROD013,1,999.0
ITEM0176602,ORD01766,PROD011,3,299.0
ITEM0176701,ORD01767,PROD005,5,649.0
ITEM0176702,ORD01767,PROD014,3,699.0
ITEM0176703,ORD01767,PROD009,3,489.0
ITEM0176801,ORD01768,PROD013,5,999.0
ITEM0176802,ORD01768,PROD014,5,699.0
ITEM0176803,ORD01768,PROD012,5,499.0
ITEM0176804,ORD01768,PROD010,5,479.0
ITEM0176901,ORD01769,PROD006,1,449.0
ITEM0176902,ORD01769,PROD009,3,489.0
ITEM0176903,ORD01769,PROD014,3,699.0
ITEM0176904,ORD01769,PROD010,3,479.0
ITEM0177001,ORD01770,PROD006,2,449.0
ITEM0177002,ORD01770,PROD015,5,1499.0
ITEM0177101,ORD01771,PROD014,5,699.0
ITEM0177102,ORD01771,PROD006,4,449.0
ITEM0177201,ORD01772,PROD013,2,999.0
ITEM0177202,ORD01772,PROD010,3,479.0
ITEM0177301,ORD01773,PROD004,5,599.0
ITEM0177302,ORD01773,PROD013,5,999.0
ITEM0177303,ORD01773,PROD008,2,469.0
ITEM0177401,ORD01774,PROD010,3,479.0
ITEM0177402,ORD01774,PROD013,2,999.0
ITEM0177501,ORD01775,PROD008,4,469.0
ITEM0177502,ORD01775,PROD012,5,499.0
ITEM0177503,ORD01775,PROD005,3,649.0
ITEM0177504,ORD01775,PROD010,2,479.0
ITEM0177601,ORD01776,PROD007,5,449.0
ITEM0177701,ORD01777,PROD015,5,1499.0
ITEM0177702,ORD01777,PROD008,5,469.0
ITEM0177703,ORD01777,PROD014,3,699.0
ITEM0177801,ORD01778,PROD001,4,499.0
ITEM0177802,ORD01778,PROD007,5,449.0
ITEM0177803,ORD01778,PROD011,1,299.0
ITEM0177901,ORD01779,PROD003,2,529.0
ITEM0178001,ORD01780,PROD001,1,499.0
ITEM0178101,ORD01781,PROD003,4,529.0
ITEM0178102,ORD01781,PROD013,2,999.0
ITEM0178103,ORD01781,PROD002,1,549.0
ITEM0178201,ORD01782,PROD006,5,449.0
ITEM0178301,ORD01783,PROD004,5,599.0
ITEM0178302,ORD01783,PROD015,5,1499.0
ITEM0178401,ORD01784,PROD014,1,699.0
ITEM0178402,ORD01784,PROD004,5,599.0
ITEM0178403,ORD01784,PROD003,5,529.0
ITEM0178501,ORD01785,PROD004,2,599.0
ITEM0178502,ORD01785,PROD009,1,489.0
ITEM0178503,ORD01785,PROD010,5,479.0
ITEM0178504,ORD01785,PROD001,5,499.0
ITEM0178601,ORD01786,PROD002,2,549.0
ITEM0178701,ORD01787,PROD010,3,479.0
ITEM0178702,ORD01787,PROD003,1,529.0
ITEM0178703,ORD01787,PROD014,1,699.0
ITEM0178704,ORD01787,PROD004,2,599.0
ITEM0178801,ORD01788,PROD008,1,469.0
ITEM0178802,ORD01788,PROD004,4,599.0
ITEM0178803,ORD01788,PROD014,4,699.0
ITEM0178804,ORD01788,PROD002,4,549.0
ITEM0178901,ORD01789,PROD001,2,499.0
ITEM0178902,ORD01789,PROD009,4,489.0
ITEM0178903,ORD01789,PROD013,4,999.0
ITEM0178904,ORD01789,PROD005,5,649.0
ITEM0179001,ORD01790,PROD014,3,699.0
ITEM0179002,ORD01790,PROD008,2,469.0
ITEM0179003,ORD01790,PROD010,1,479.0
ITEM0179004,ORD01790,PROD004,5,599.0
ITEM0179101,ORD01791,PROD004,4,599.0
ITEM0179102,ORD01791,PROD015,3,1499.0
ITEM0179103,ORD01791,PROD006,2,449.0
ITEM0179104,ORD01791,PROD013,3,999.0
ITEM0179201,ORD01792,PROD001,1,499.0
ITEM0179202,ORD01792,PROD011,4,299.0
ITEM0179203,ORD01792,PROD010,1,479.0
ITEM0179204,ORD01792,PROD004,4,599.0
ITEM0179301,ORD01793,PROD008,4,469.0
ITEM0179401,ORD01794,PROD007,3,449.0
ITEM0179501,ORD01795,PROD008,2,469.0
ITEM0179502,ORD01795,PROD003,5,529.0
ITEM0179503,ORD01795,PROD014,5,699.0
ITEM0179601,ORD01796,PROD007,3,449.0
ITEM0179701,ORD01797,PROD002,5,549.0
ITEM0179702,ORD01797,PROD010,1,479.0
ITEM0179801,ORD01798,PROD008,2,469.0
ITEM0179802,ORD01798,PROD003,4,529.0
ITEM0179803,ORD01798,PROD005,3,649.0
ITEM0179901,ORD01799,PROD003,2,529.0
ITEM0179902,ORD01799,PROD009,1,489.0
ITEM0179903,ORD01799,PROD002,5,549.0
ITEM0180001,ORD01800,PROD005,4,649.0
ITEM0180002,ORD01800,PROD009,4,489.0
ITEM0180101,ORD01801,PROD010,1,479.0
ITEM0180102,ORD01801,PROD012,1,499.0
ITEM0180201,ORD01802,PROD009,4,489.0
ITEM0180202,ORD01802,PROD002,5,549.0
ITEM0180301,ORD01803,PROD009,2,489.0
ITEM0180302,ORD01803,PROD003,1,529.0
ITEM0180401,ORD01804,PROD009,5,489.0
ITEM0180501,ORD01805,PROD001,2,499.0
ITEM0180502,ORD01805,PROD008,2,469.0
ITEM0180601,ORD01806,PROD008,2,469.0
ITEM0180602,ORD01806,PROD004,1,599.0
ITEM0180603,ORD01806,PROD015,2,1499.0
ITEM0180701,ORD01807,PROD007,2,449.0
ITEM0180801,ORD01808,PROD011,5,299.0
ITEM0180802,ORD01808,PROD013,4,999.0
ITEM0180803,ORD01808,PROD007,5,449.0
ITEM0180804,ORD01808,PROD009,4,489.0
ITEM0180901,ORD01809,PROD013,2,999.0
ITEM0180902,ORD01809,PROD005,5,649.0
ITEM0180903,ORD01809,PROD009,4,489.0
ITEM0180904,ORD01809,PROD007,2,449.0
ITEM0181001,ORD01810,PROD014,5,699.0
ITEM0181002,ORD01810,PROD005,4,649.0
ITEM0181003,ORD01810,PROD002,4,549.0
ITEM0181101,ORD01811,PROD008,1,469.0
ITEM0181102,ORD01811,PROD004,2,599.0
ITEM0181103,ORD01811,PROD013,4,999.0
ITEM0181201,ORD01812,PROD011,3,299.0
ITEM0181202,ORD01812,PROD013,4,999.0
ITEM0181301,ORD01813,PROD015,3,1499.0
ITEM0181302,ORD01813,PROD008,4,469.0
ITEM0181401,ORD01814,PROD015,2,1499.0
ITEM0181402,ORD01814,PROD004,4,599.0
ITEM0181403,ORD01814,PROD008,1,469.0
ITEM0181501,ORD01815,PROD005,3,649.0
ITEM0181601,ORD01816,PROD015,5,1499.0
ITEM0181602,ORD01816,PROD011,3,299.0
ITEM0181603,ORD01816,PROD007,3,449.0
ITEM0181604,ORD01816,PROD002,5,549.0
ITEM0181701,ORD01817,PROD002,3,549.0
ITEM0181702,ORD01817,PROD006,5,449.0
ITEM0181703,ORD01817,PROD014,2,699.0
ITEM0181704,ORD01817,PROD004,1,599.0
ITEM0181801,ORD01818,PROD001,2,499.0
ITEM0181802,ORD01818,PROD015,5,1499.0
ITEM0181803,ORD01818,PROD009,3,489.0
ITEM0181901,ORD01819,PROD006,3,449.0
ITEM0181902,ORD01819,PROD010,1,479.0
ITEM0181903,ORD01819,PROD015,5,1499.0
ITEM0181904,ORD01819,PROD005,5,649.0
ITEM0182001,ORD01820,PROD013,5,999.0
ITEM0182002,ORD01820,PROD009,5,489.0
ITEM0182003,ORD01820,PROD001,5,499.0
ITEM0182004,ORD01820,PROD011,1,299.0
ITEM0182101,ORD01821,PROD006,3,449.0
ITEM0182102,ORD01821,PROD011,2,299.0
ITEM0182103,ORD01821,PROD012,2,499.0
ITEM0182104,ORD01821,PROD008,2,469.0
ITEM0182201,ORD01822,PROD004,1,599.0
ITEM0182202,ORD01822,PROD001,2,499.0
ITEM0182203,ORD01822,PROD014,2,699.0
ITEM0182204,ORD01822,PROD005,4,649.0
ITEM0182301,ORD01823,PROD007,5,449.0
ITEM0182302,ORD01823,PROD009,3,489.0
ITEM0182401,ORD01824,PROD003,1,529.0
ITEM0182501,ORD01825,PROD008,4,469.0
ITEM0182502,ORD01825,PROD003,1,529.0
ITEM0182601,ORD01826,PROD010,4,479.0
ITEM0182602,ORD01826,PROD012,3,499.0
ITEM0182603,ORD01826,PROD006,5,449.0
ITEM0182701,ORD01827,PROD011,5,299.0
ITEM0182702,ORD01827,PROD015,2,1499.0
ITEM0182703,ORD01827,PROD006,5,449.0
ITEM0182801,ORD01828,PROD004,1,599.0
ITEM0182802,ORD01828,PROD014,4,699.0
ITEM0182901,ORD01829,PROD008,1,469.0
ITEM0182902,ORD01829,PROD012,5,499.0
ITEM0182903,ORD01829,PROD007,3,449.0
ITEM0183001,ORD01830,PROD009,2,489.0
ITEM0183002,ORD01830,PROD004,2,599.0
ITEM0183101,ORD01831,PROD007,4,449.0
ITEM0183102,ORD01831,PROD012,5,499.0
ITEM0183103,ORD01831,PROD015,3,1499.0
ITEM0183201,ORD01832,PROD015,1,1499.0
ITEM0183202,ORD01832,PROD011,4,299.0
ITEM0183203,ORD01832,PROD002,4,549.0
ITEM0183204,ORD01832,PROD006,4,449.0
ITEM0183301,ORD01833,PROD006,3,449.0
ITEM0183401,ORD01834,PROD015,4,1499.0
ITEM0183402,ORD01834,PROD007,4,449.0
ITEM0183403,ORD01834,PROD010,2,479.0
ITEM0183404,ORD01834,PROD004,3,599.0
ITEM0183501,ORD01835,PROD003,5,529.0
ITEM0183502,ORD01835,PROD010,4,479.0
ITEM0183503,ORD01835,PROD006,1,449.0
ITEM0183601,ORD01836,PROD003,5,529.0
ITEM0183701,ORD01837,PROD001,4,499.0
ITEM0183702,ORD01837,PROD015,2,1499.0
ITEM0183801,ORD01838,PROD011,3,299.0
ITEM0183802,ORD01838,PROD015,5,1499.0
ITEM0183803,ORD01838,PROD012,1,499.0
ITEM0183901,ORD01839,PROD002,1,549.0
ITEM0183902,ORD01839,PROD001,1,499.0
ITEM0183903,ORD01839,PROD010,5,479.0
ITEM0184001,ORD01840,PROD014,5,699.0
ITEM0184002,ORD01840,PROD008,3,469.0
ITEM0184003,ORD01840,PROD002,5,549.0
ITEM0184004,ORD01840,PROD005,5,649.0
ITEM0184101,ORD01841,PROD008,5,469.0
ITEM0184201,ORD01842,PROD008,5,469.0
ITEM0184301,ORD01843,PROD011,4,299.0
ITEM0184302,ORD01843,PROD003,4,529.0
ITEM0184303,ORD01843,PROD012,3,499.0
ITEM0184401,ORD01844,PROD007,3,449.0
ITEM0184402,ORD01844,PROD013,2,999.0
ITEM0184403,ORD01844,PROD004,2,599.0
ITEM0184404,ORD01844,PROD005,4,649.0
ITEM0184501,ORD01845,PROD010,1,479.0
ITEM0184601,ORD01846,PROD003,1,529.0
ITEM0184602,ORD01846,PROD012,3,499.0
ITEM0184701,ORD01847,PROD012,4,499.0
ITEM0184702,ORD01847,PROD008,4,469.0
ITEM0184801,ORD01848,PROD015,4,1499.0
ITEM0184802,ORD01848,PROD012,1,499.0
ITEM0184803,ORD01848,PROD004,3,599.0
ITEM0184901,ORD01849,PROD001,1,499.0
ITEM0185001,ORD01850,PROD008,3,469.0
ITEM0185002,ORD01850,PROD011,4,299.0
ITEM0185003,ORD01850,PROD007,2,449.0
ITEM0185004,ORD01850,PROD012,3,499.0
ITEM0185101,ORD01851,PROD001,2,499.0
ITEM0185102,ORD01851,PROD014,3,699.0
ITEM0185201,ORD01852,PROD003,2,529.0
ITEM0185202,ORD01852,PROD001,5,499.0
ITEM0185203,ORD01852,PROD015,5,1499.0
ITEM0185301,ORD01853,PROD007,1,449.0
ITEM0185302,ORD01853,PROD001,3,499.0
ITEM0185401,ORD01854,PROD006,4,449.0
ITEM0185402,ORD01854,PROD001,5,499.0
ITEM0185403,ORD01854,PROD002,2,549.0
ITEM0185501,ORD01855,PROD009,5,489.0
ITEM0185502,ORD01855,PROD007,5,449.0
ITEM0185503,ORD01855,PROD015,5,1499.0
ITEM0185601,ORD01856,PROD008,5,469.0
ITEM0185701,ORD01857,PROD001,4,499.0
ITEM0185702,ORD01857,PROD005,5,649.0
ITEM0185703,ORD01857,PROD006,1,449.0
ITEM0185704,ORD01857,PROD015,4,1499.0
ITEM0185801,ORD01858,PROD015,5,1499.0
ITEM0185802,ORD01858,PROD006,2,449.0
ITEM0185901,ORD01859,PROD014,2,699.0
ITEM0186001,ORD01860,PROD001,1,499.0
ITEM0186002,ORD01860,PROD009,2,489.0
ITEM0186003,ORD01860,PROD004,4,599.0
ITEM0186101,ORD01861,PROD002,3,549.0
ITEM0186201,ORD01862,PROD009,3,489.0
ITEM0186301,ORD01863,PROD010,5,479.0
ITEM0186302,ORD01863,PROD004,3,599.0
ITEM0186303,ORD01863,PROD009,1,489.0
ITEM0186304,ORD01863,PROD011,2,299.0
ITEM0186401,ORD01864,PROD003,2,529.0
ITEM0186402,ORD01864,PROD009,1,489.0
ITEM0186403,ORD01864,PROD011,4,299.0
ITEM0186501,ORD01865,PROD001,3,499.0
ITEM0186502,ORD01865,PROD002,2,549.0
ITEM0186503,ORD01865,PROD003,3,529.0
ITEM0186504,ORD01865,PROD012,3,499.0
ITEM0186601,ORD01866,PROD012,3,499.0
ITEM0186602,ORD01866,PROD003,1,529.0
ITEM0186701,ORD01867,PROD002,2,549.0
ITEM0186801,ORD01868,PROD004,1,599.0
ITEM0186901,ORD01869,PROD013,4,999.0
ITEM0187001,ORD01870,PROD009,5,489.0
ITEM0187002,ORD01870,PROD002,3,549.0
ITEM0187003,ORD01870,PROD008,1,469.0
ITEM0187004,ORD01870,PROD011,3,299.0
ITEM0187101,ORD01871,PROD013,1,999.0
ITEM0187102,ORD01871,PROD004,5,599.0
ITEM0187103,ORD01871,PROD009,1,489.0
ITEM0187104,ORD01871,PROD005,1,649.0
ITEM0187201,ORD01872,PROD008,3,469.0
ITEM0187202,ORD01872,PROD013,1,999.0
ITEM0187301,ORD01873,PROD002,2,549.0
ITEM0187302,ORD01873,PROD013,2,999.0
ITEM0187303,ORD01873,PROD009,2,489.0
ITEM0187304,ORD01873,PROD007,5,449.0
ITEM0187401,ORD01874,PROD012,2,499.0
ITEM0187501,ORD01875,PROD007,2,449.0
ITEM0187502,ORD01875,PROD006,1,449.0
ITEM0187503,ORD01875,PROD011,1,299.0
ITEM0187504,ORD01875,PROD014,4,699.0
ITEM0187601,ORD01876,PROD011,3,299.0
ITEM0187701,ORD01877,PROD006,4,449.0
ITEM0187801,ORD01878,PROD010,2,479.0
ITEM0187901,ORD01879,PROD002,1,549.0
ITEM0187902,ORD01879,PROD010,3,479.0
ITEM0187903,ORD01879,PROD013,2,999.0
ITEM0188001,ORD01880,PROD001,1,499.0
ITEM0188002,ORD01880,PROD014,3,699.0
ITEM0188003,ORD01880,PROD002,2,549.0
ITEM0188101,ORD01881,PROD005,4,649.0
ITEM0188102,ORD01881,PROD006,1,449.0
ITEM0188201,ORD01882,PROD005,1,649.0
ITEM0188202,ORD01882,PROD012,1,499.0
ITEM0188203,ORD01882,PROD015,3,1499.0
ITEM0188204,ORD01882,PROD007,3,449.0
ITEM0188301,ORD01883,PROD006,1,449.0
ITEM0188401,ORD01884,PROD015,5,1499.0
ITEM0188402,ORD01884,PROD002,2,549.0
ITEM0188403,ORD01884,PROD003,5,529.0
ITEM0188501,ORD01885,PROD005,5,649.0
ITEM0188502,ORD01885,PROD014,5,699.0
ITEM0188503,ORD01885,PROD013,1,999.0
ITEM0188601,ORD01886,PROD015,3,1499.0
ITEM0188602,ORD01886,PROD009,1,489.0
ITEM0188603,ORD01886,PROD011,4,299.0
ITEM0188701,ORD01887,PROD002,1,549.0
ITEM0188702,ORD01887,PROD011,2,299.0
ITEM0188703,ORD01887,PROD006,1,449.0
ITEM0188704,ORD01887,PROD005,1,649.0
ITEM0188801,ORD01888,PROD001,4,499.0
ITEM0188802,ORD01888,PROD008,5,469.0
ITEM0188803,ORD01888,PROD013,1,999.0
ITEM0188804,ORD01888,PROD006,3,449.0
ITEM0188901,ORD01889,PROD002,2,549.0
ITEM0188902,ORD01889,PROD006,2,449.0
ITEM0189001,ORD01890,PROD011,1,299.0
ITEM0189101,ORD01891,PROD003,5,529.0
ITEM0189102,ORD01891,PROD012,2,499.0
ITEM0189201,ORD01892,PROD010,2,479.0
ITEM0189202,ORD01892,PROD013,4,999.0
ITEM0189203,ORD01892,PROD012,5,499.0
ITEM0189301,ORD01893,PROD004,3,599.0
ITEM0189302,ORD01893,PROD014,2,699.0
ITEM0189303,ORD01893,PROD009,4,489.0
ITEM0189304,ORD01893,PROD005,5,649.0
ITEM0189401,ORD01894,PROD010,1,479.0
ITEM0189402,ORD01894,PROD014,4,699.0
ITEM0189501,ORD01895,PROD007,5,449.0
ITEM0189601,ORD01896,PROD014,5,699.0
ITEM0189602,ORD01896,PROD011,1,299.0
ITEM0189701,ORD01897,PROD004,2,599.0
ITEM0189801,ORD01898,PROD003,5,529.0
ITEM0189802,ORD01898,PROD004,1,599.0
ITEM0189803,ORD01898,PROD005,2,649.0
ITEM0189804,ORD01898,PROD002,1,549.0
ITEM0189901,ORD01899,PROD004,2,599.0
ITEM0189902,ORD01899,PROD008,1,469.0
ITEM0189903,ORD01899,PROD003,3,529.0
ITEM0190001,ORD01900,PROD008,2,469.0
ITEM0190002,ORD01900,PROD011,2,299.0
ITEM0190003,ORD01900,PROD004,4,599.0
ITEM0190101,ORD01901,PROD008,3,469.0
ITEM0190102,ORD01901,PROD015,4,1499.0
ITEM0190201,ORD01902,PROD003,4,529.0
ITEM0190202,ORD01902,PROD001,5,499.0
ITEM0190203,ORD01902,PROD013,3,999.0
ITEM0190204,ORD01902,PROD014,2,699.0
ITEM0190301,ORD01903,PROD005,2,649.0
ITEM0190302,ORD01903,PROD015,4,1499.0
ITEM0190401,ORD01904,PROD010,4,479.0
ITEM0190501,ORD01905,PROD004,4,599.0
ITEM0190502,ORD01905,PROD012,3,499.0
ITEM0190503,ORD01905,PROD005,2,649.0
ITEM0190504,ORD01905,PROD008,4,469.0
ITEM0190601,ORD01906,PROD013,2,999.0
ITEM0190701,ORD01907,PROD002,3,549.0
ITEM0190702,ORD01907,PROD005,5,649.0
ITEM0190801,ORD01908,PROD012,1,499.0
ITEM0190802,ORD01908,PROD007,5,449.0
ITEM0190803,ORD01908,PROD001,1,499.0
ITEM0190901,ORD01909,PROD013,5,999.0
ITEM0190902,ORD01909,PROD011,5,299.0
ITEM0191001,ORD01910,PROD009,3,489.0
ITEM0191002,ORD01910,PROD001,5,499.0
ITEM0191003,ORD01910,PROD003,4,529.0
ITEM0191004,ORD01910,PROD014,5,699.0
ITEM0191101,ORD01911,PROD002,3,549.0
ITEM0191102,ORD01911,PROD012,4,499.0
ITEM0191201,ORD01912,PROD011,5,299.0
ITEM0191202,ORD01912,PROD014,3,699.0
ITEM0191203,ORD01912,PROD010,1,479.0
ITEM0191204,ORD01912,PROD013,4,999.0
ITEM0191301,ORD01913,PROD001,3,499.0
ITEM0191302,ORD01913,PROD014,4,699.0
ITEM0191303,ORD01913,PROD006,2,449.0
ITEM0191401,ORD01914,PROD009,1,489.0
ITEM0191402,ORD01914,PROD001,5,499.0
ITEM0191403,ORD01914,PROD012,2,499.0
ITEM0191404,ORD01914,PROD002,2,549.0
ITEM0191501,ORD01915,PROD009,5,489.0
ITEM0191502,ORD01915,PROD012,4,499.0
ITEM0191503,ORD01915,PROD002,2,549.0
ITEM0191504,ORD01915,PROD013,2,999.0
ITEM0191601,ORD01916,PROD001,3,499.0
ITEM0191701,ORD01917,PROD011,2,299.0
ITEM0191702,ORD01917,PROD010,1,479.0
ITEM0191703,ORD01917,PROD008,3,469.0
ITEM0191801,ORD01918,PROD013,3,999.0
ITEM0191901,ORD01919,PROD001,3,499.0
ITEM0191902,ORD01919,PROD008,5,469.0
ITEM0192001,ORD01920,PROD014,3,699.0
ITEM0192002,ORD01920,PROD004,1,599.0
ITEM0192003,ORD01920,PROD013,1,999.0
ITEM0192004,ORD01920,PROD007,5,449.0
ITEM0192101,ORD01921,PROD001,3,499.0
ITEM0192102,ORD01921,PROD007,3,449.0
ITEM0192103,ORD01921,PROD012,4,499.0
ITEM0192201,ORD01922,PROD011,5,299.0
ITEM0192301,ORD01923,PROD004,1,599.0
ITEM0192302,ORD01923,PROD012,2,499.0
ITEM0192401,ORD01924,PROD008,4,469.0
ITEM0192402,ORD01924,PROD001,2,499.0
ITEM0192403,ORD01924,PROD011,5,299.0
ITEM0192501,ORD01925,PROD006,3,449.0
ITEM0192502,ORD01925,PROD011,4,299.0
ITEM0192601,ORD01926,PROD008,1,469.0
ITEM0192602,ORD01926,PROD007,2,449.0
ITEM0192701,ORD01927,PROD002,2,549.0
ITEM0192702,ORD01927,PROD015,1,1499.0
ITEM0192703,ORD01927,PROD013,2,999.0
ITEM0192704,ORD01927,PROD003,4,529.0
ITEM0192801,ORD01928,PROD005,5,649.0
ITEM0192802,ORD01928,PROD012,5,499.0
ITEM0192901,ORD01929,PROD015,5,1499.0
ITEM0192902,ORD01929,PROD008,5,469.0
ITEM0192903,ORD01929,PROD003,5,529.0
ITEM0193001,ORD01930,PROD005,2,649.0
ITEM0193002,ORD01930,PROD006,1,449.0
ITEM0193003,ORD01930,PROD015,2,1499.0
ITEM0193004,ORD01930,PROD010,4,479.0
ITEM0193101,ORD01931,PROD015,2,1499.0
ITEM0193102,ORD01931,PROD002,1,549.0
ITEM0193103,ORD01931,PROD010,2,479.0
ITEM0193104,ORD01931,PROD014,5,699.0
ITEM0193201,ORD01932,PROD015,2,1499.0
ITEM0193202,ORD01932,PROD011,1,299.0
ITEM0193203,ORD01932,PROD010,5,479.0
ITEM0193204,ORD01932,PROD012,2,499.0
ITEM0193301,ORD01933,PROD015,5,1499.0
ITEM0193302,ORD01933,PROD001,5,499.0
ITEM0193401,ORD01934,PROD006,5,449.0
ITEM0193501,ORD01935,PROD009,1,489.0
ITEM0193502,ORD01935,PROD003,4,529.0
ITEM0193503,ORD01935,PROD014,4,699.0
ITEM0193601,ORD01936,PROD012,1,499.0
ITEM0193602,ORD01936,PROD011,5,299.0
ITEM0193701,ORD01937,PROD012,3,499.0
ITEM0193801,ORD01938,PROD001,1,499.0
ITEM0193802,ORD01938,PROD015,1,1499.0
ITEM0193803,ORD01938,PROD013,1,999.0
ITEM0193901,ORD01939,PROD013,5,999.0
ITEM0193902,ORD01939,PROD012,1,499.0
ITEM0194001,ORD01940,PROD008,5,469.0
ITEM0194101,ORD01941,PROD012,2,499.0
ITEM0194201,ORD01942,PROD013,5,999.0
ITEM0194301,ORD01943,PROD003,2,529.0
ITEM0194302,ORD01943,PROD002,5,549.0
ITEM0194303,ORD01943,PROD009,5,489.0
ITEM0194401,ORD01944,PROD003,2,529.0
ITEM0194501,ORD01945,PROD006,4,449.0
ITEM0194601,ORD01946,PROD001,1,499.0
ITEM0194602,ORD01946,PROD015,3,1499.0
ITEM0194603,ORD01946,PROD010,2,479.0
ITEM0194604,ORD01946,PROD014,4,699.0
ITEM0194701,ORD01947,PROD009,4,489.0
ITEM0194702,ORD01947,PROD003,5,529.0
ITEM0194703,ORD01947,PROD007,1,449.0
ITEM0194801,ORD01948,PROD009,3,489.0
ITEM0194802,ORD01948,PROD004,1,599.0
ITEM0194803,ORD01948,PROD006,3,449.0
ITEM0194901,ORD01949,PROD012,1,499.0
ITEM0194902,ORD01949,PROD001,4,499.0
ITEM0194903,ORD01949,PROD009,1,489.0
ITEM0194904,ORD01949,PROD015,4,1499.0
ITEM0195001,ORD01950,PROD010,5,479.0
ITEM0195002,ORD01950,PROD006,5,449.0
ITEM0195003,ORD01950,PROD013,2,999.0
ITEM0195004,ORD01950,PROD001,2,499.0
ITEM0195101,ORD01951,PROD015,1,1499.0
ITEM0195201,ORD01952,PROD015,5,1499.0
ITEM0195301,ORD01953,PROD011,2,299.0
ITEM0195302,ORD01953,PROD012,5,499.0
ITEM0195303,ORD01953,PROD005,4,649.0
ITEM0195401,ORD01954,PROD012,1,499.0
ITEM0195402,ORD01954,PROD013,4,999.0
ITEM0195403,ORD01954,PROD004,3,599.0
ITEM0195404,ORD01954,PROD009,2,489.0
ITEM0195501,ORD01955,PROD010,2,479.0
ITEM0195502,ORD01955,PROD011,5,299.0
ITEM0195503,ORD01955,PROD005,5,649.0
ITEM0195504,ORD01955,PROD012,3,499.0
ITEM0195601,ORD01956,PROD015,2,1499.0
ITEM0195602,ORD01956,PROD007,3,449.0
ITEM0195701,ORD01957,PROD005,3,649.0
ITEM0195801,ORD01958,PROD005,3,649.0
ITEM0195802,ORD01958,PROD011,3,299.0
ITEM0195803,ORD01958,PROD007,3,449.0
ITEM0195804,ORD01958,PROD003,1,529.0
ITEM0195901,ORD01959,PROD006,2,449.0
ITEM0195902,ORD01959,PROD009,3,489.0
ITEM0195903,ORD01959,PROD011,2,299.0
ITEM0196001,ORD01960,PROD007,3,449.0
ITEM0196002,ORD01960,PROD005,5,649.0
ITEM0196003,ORD01960,PROD015,5,1499.0
ITEM0196004,ORD01960,PROD014,5,699.0
ITEM0196101,ORD01961,PROD006,2,449.0
ITEM0196201,ORD01962,PROD006,4,449.0
ITEM0196202,ORD01962,PROD012,5,499.0
ITEM0196203,ORD01962,PROD003,1,529.0
ITEM0196301,ORD01963,PROD014,3,699.0
ITEM0196401,ORD01964,PROD013,3,999.0
ITEM0196402,ORD01964,PROD014,2,699.0
ITEM0196501,ORD01965,PROD015,4,1499.0
ITEM0196502,ORD01965,PROD012,2,499.0
ITEM0196503,ORD01965,PROD002,2,549.0
ITEM0196601,ORD01966,PROD009,5,489.0
ITEM0196602,ORD01966,PROD008,1,469.0
ITEM0196603,ORD01966,PROD012,5,499.0
ITEM0196604,ORD01966,PROD002,2,549.0
ITEM0196701,ORD01967,PROD008,2,469.0
ITEM0196702,ORD01967,PROD004,4,599.0
ITEM0196801,ORD01968,PROD015,4,1499.0
ITEM0196901,ORD01969,PROD015,5,1499.0
ITEM0197001,ORD01970,PROD007,5,449.0
ITEM0197002,ORD01970,PROD002,4,549.0
ITEM0197003,ORD01970,PROD008,5,469.0
ITEM0197101,ORD01971,PROD015,2,1499.0
ITEM0197201,ORD01972,PROD010,1,479.0
ITEM0197301,ORD01973,PROD014,5,699.0
ITEM0197302,ORD01973,PROD010,1,479.0
ITEM0197401,ORD01974,PROD005,1,649.0
ITEM0197402,ORD01974,PROD012,4,499.0
ITEM0197403,ORD01974,PROD015,1,1499.0
ITEM0197404,ORD01974,PROD010,5,479.0
ITEM0197501,ORD01975,PROD003,3,529.0
ITEM0197502,ORD01975,PROD001,5,499.0
ITEM0197503,ORD01975,PROD002,1,549.0
ITEM0197601,ORD01976,PROD002,2,549.0
ITEM0197602,ORD01976,PROD009,2,489.0
ITEM0197603,ORD01976,PROD005,4,649.0
ITEM0197701,ORD01977,PROD010,2,479.0
ITEM0197801,ORD01978,PROD004,5,599.0
ITEM0197802,ORD01978,PROD010,5,479.0
ITEM0197901,ORD01979,PROD006,1,449.0
ITEM0197902,ORD01979,PROD015,1,1499.0
ITEM0197903,ORD01979,PROD007,3,449.0
ITEM0198001,ORD01980,PROD003,4,529.0
ITEM0198002,ORD01980,PROD009,1,489.0
ITEM0198003,ORD01980,PROD014,3,699.0
ITEM0198101,ORD01981,PROD004,4,599.0
ITEM0198102,ORD01981,PROD008,4,469.0
ITEM0198103,ORD01981,PROD007,1,449.0
ITEM0198201,ORD01982,PROD007,1,449.0
ITEM0198202,ORD01982,PROD013,1,999.0
ITEM0198301,ORD01983,PROD009,2,489.0
ITEM0198401,ORD01984,PROD014,1,699.0
ITEM0198501,ORD01985,PROD006,2,449.0
ITEM0198601,ORD01986,PROD015,1,1499.0
ITEM0198602,ORD01986,PROD006,4,449.0
ITEM0198603,ORD01986,PROD014,5,699.0
ITEM0198701,ORD01987,PROD008,4,469.0
ITEM0198801,ORD01988,PROD010,5,479.0
ITEM0198802,ORD01988,PROD004,3,599.0
ITEM0198901,ORD01989,PROD015,5,1499.0
ITEM0198902,ORD01989,PROD009,4,489.0
ITEM0198903,ORD01989,PROD001,2,499.0
ITEM0199001,ORD01990,PROD007,2,449.0
ITEM0199002,ORD01990,PROD001,2,499.0
ITEM0199101,ORD01991,PROD001,1,499.0
ITEM0199201,ORD01992,PROD010,1,479.0
ITEM0199301,ORD01993,PROD013,3,999.0
ITEM0199401,ORD01994,PROD012,4,499.0
ITEM0199501,ORD01995,PROD013,5,999.0
ITEM0199502,ORD01995,PROD010,4,479.0
ITEM0199503,ORD01995,PROD012,5,499.0
ITEM0199504,ORD01995,PROD014,5,699.0
ITEM0199601,ORD01996,PROD014,5,699.0
ITEM0199602,ORD01996,PROD009,5,489.0
ITEM0199603,ORD01996,PROD011,4,299.0
ITEM0199701,ORD01997,PROD010,5,479.0
ITEM0199702,ORD01997,PROD007,2,449.0
ITEM0199703,ORD01997,PROD011,2,299.0
ITEM0199801,ORD01998,PROD013,5,999.0
ITEM0199901,ORD01999,PROD003,1,529.0
ITEM0199902,ORD01999,PROD004,2,599.0
ITEM0200001,ORD02000,PROD013,4,999.0
ITEM0200002,ORD02000,PROD007,5,449.0
