payment_id,order_id,payment_date,payment_method,payment_status,amount
PAY00001,ORD00001,2026-01-28,NET_BANKING,SUCCESS,958.0
PAY00002,ORD00002,2026-04-06,UPI,SUCCESS,7088.0
PAY00003,ORD00003,2026-02-12,CARD,SUCCESS,5889.0
PAY00004,ORD00004,2026-07-30,COD,SUCCESS,6298.0
PAY00005,ORD00005,2025-05-06,UPI,SUCCESS,938.0
PAY00006,ORD00006,2026-04-01,UPI,SUCCESS,5039.0
PAY00007,ORD00007,2025-11-04,UPI,SUCCESS,5893.0
PAY00008,ORD00008,2025-07-25,COD,SUCCESS,2406.0
PAY00009,ORD00009,2026-08-10,UPI,SUCCESS,2126.0
PAY00010,ORD00010,2026-05-06,COD,SUCCESS,6888.0
PAY00011,ORD00011,2026-06-14,NET_BANKING,SUCCESS,6641.0
PAY00012,ORD00012,2025-02-26,CARD,SUCCESS,2885.0
PAY00013,ORD00013,2025-08-19,NET_BANKING,SUCCESS,6090.0
PAY00014,ORD00014,2025-11-07,CARD,SUCCESS,978.0
PAY00015,ORD00015,2026-08-18,COD,SUCCESS,1677.0
PAY00016,ORD00016,2026-08-14,COD,SUCCESS,6391.0
PAY00017,ORD00017,2025-02-01,NET_BANKING,SUCCESS,4601.0
PAY00018,ORD00018,2025-03-16,COD,SUCCESS,3672.0
PAY00019,ORD00019,2025-12-15,UPI,SUCCESS,4991.0
PAY00020,ORD00020,2026-01-15,NET_BANKING,SUCCESS,898.0
PAY00021,ORD00021,2025-05-06,NET_BANKING,SUCCESS,2176.0
PAY00022,ORD00022,2026-01-29,NET_BANKING,SUCCESS,7048.0
PAY00023,ORD00023,2026-06-12,CARD,SUCCESS,6567.0
PAY00024,ORD00024,2025-09-04,UPI,SUCCESS,12087.0
PAY00025,ORD00025,2026-07-04,NET_BANKING,SUCCESS,898.0
PAY00026,ORD00026,2025-09-28,NET_BANKING,SUCCESS,7735.0
PAY00027,ORD00027,2025-10-23,UPI,FAILED,7261.0
PAY00028,ORD00028,2026-01-18,UPI,REFUNDED,6871.0
PAY00029,ORD00029,2026-02-16,COD,SUCCESS,998.0
PAY00030,ORD00030,2025-12-08,COD,SUCCESS,8447.0
PAY00031,ORD00031,2026-09-24,CARD,SUCCESS,6596.0
PAY00032,ORD00032,2026-07-31,NET_BANKING,SUCCESS,1347.0
PAY00033,ORD00033,2025-04-23,CARD,SUCCESS,6290.0
PAY00034,ORD00034,2026-08-16,COD,FAILED,1916.0
PAY00035,ORD00035,2026-06-21,CARD,SUCCESS,5521.0
PAY00036,ORD00036,2026-03-28,NET_BANKING,SUCCESS,2894.0
PAY00037,ORD00037,2026-09-19,UPI,SUCCESS,998.0
PAY00038,ORD00038,2025-08-01,CARD,SUCCESS,8193.0
PAY00039,ORD00039,2025-09-28,CARD,SUCCESS,4942.0
PAY00040,ORD00040,2025-11-01,UPI,SUCCESS,6493.0
PAY00041,ORD00041,2025-12-24,UPI,SUCCESS,7357.0
PAY00042,ORD00042,2025-12-20,CARD,SUCCESS,2446.0
PAY00043,ORD00043,2026-03-29,CARD,SUCCESS,9119.0
PAY00044,ORD00044,2026-08-24,COD,SUCCESS,1495.0
PAY00045,ORD00045,2025-08-27,NET_BANKING,SUCCESS,4840.0
PAY00046,ORD00046,2026-05-03,COD,SUCCESS,4944.0
PAY00047,ORD00047,2025-03-02,CARD,SUCCESS,1495.0
PAY00048,ORD00048,2026-07-02,UPI,SUCCESS,2998.0
PAY00049,ORD00049,2025-06-30,COD,SUCCESS,2796.0
PAY00050,ORD00050,2026-05-23,UPI,SUCCESS,10487.0
PAY00051,ORD00051,2025-12-10,CARD,SUCCESS,7451.0
PAY00052,ORD00052,2026-04-15,COD,SUCCESS,2994.0
PAY00053,ORD00053,2025-07-17,NET_BANKING,SUCCESS,3882.0
PAY00054,ORD00054,2026-05-04,UPI,SUCCESS,3294.0
PAY00055,ORD00055,2025-10-01,UPI,REFUNDED,6473.0
PAY00056,ORD00056,2025-08-30,COD,SUCCESS,1407.0
PAY00057,ORD00057,2026-02-20,CARD,REFUNDED,4639.0
PAY00058,ORD00058,2025-08-13,COD,SUCCESS,7874.0
PAY00059,ORD00059,2026-07-05,NET_BANKING,SUCCESS,5594.0
PAY00060,ORD00060,2026-04-03,UPI,SUCCESS,10439.0
PAY00061,ORD00061,2026-08-10,NET_BANKING,FAILED,5041.0
PAY00062,ORD00062,2025-07-30,NET_BANKING,SUCCESS,7515.0
PAY00063,ORD00063,2026-08-01,CARD,SUCCESS,6741.0
PAY00064,ORD00064,2025-08-12,UPI,FAILED,1347.0
PAY00065,ORD00065,2025-03-07,CARD,SUCCESS,1499.0
PAY00066,ORD00066,2026-04-29,NET_BANKING,SUCCESS,12305.0
PAY00067,ORD00067,2026-01-22,CARD,SUCCESS,1596.0
PAY00068,ORD00068,2026-07-05,CARD,SUCCESS,1098.0
PAY00069,ORD00069,2026-04-20,NET_BANKING,SUCCESS,7498.0
PAY00070,ORD00070,2025-04-26,COD,SUCCESS,5451.0
PAY00071,ORD00071,2026-04-03,NET_BANKING,SUCCESS,599.0
PAY00072,ORD00072,2026-03-26,NET_BANKING,SUCCESS,2397.0
PAY00073,ORD00073,2025-10-24,NET_BANKING,SUCCESS,7432.0
PAY00074,ORD00074,2025-05-27,CARD,SUCCESS,1996.0
PAY00075,ORD00075,2026-08-29,CARD,SUCCESS,8691.0
PAY00076,ORD00076,2025-02-18,CARD,SUCCESS,8347.0
PAY00077,ORD00077,2025-07-08,COD,SUCCESS,8738.0
PAY00078,ORD00078,2026-03-03,COD,SUCCESS,2545.0
PAY00079,ORD00079,2025-03-22,NET_BANKING,SUCCESS,3084.0
PAY00080,ORD00080,2026-09-12,UPI,FAILED,2995.0
PAY00081,ORD00081,2026-07-27,NET_BANKING,SUCCESS,2546.0
PAY00082,ORD00082,2025-07-14,UPI,SUCCESS,1996.0
PAY00083,ORD00083,2025-09-06,UPI,SUCCESS,4042.0
PAY00084,ORD00084,2025-10-17,NET_BANKING,SUCCESS,11037.0
PAY00085,ORD00085,2026-04-26,NET_BANKING,SUCCESS,7342.0
PAY00086,ORD00086,2025-08-15,CARD,SUCCESS,3245.0
PAY00087,ORD00087,2026-08-22,UPI,SUCCESS,7307.0
PAY00088,ORD00088,2026-07-18,UPI,SUCCESS,7530.0
PAY00089,ORD00089,2025-12-27,CARD,SUCCESS,3932.0
PAY00090,ORD00090,2025-01-07,CARD,SUCCESS,1597.0
PAY00091,ORD00091,2026-06-02,COD,SUCCESS,2395.0
PAY00092,ORD00092,2026-05-10,CARD,SUCCESS,2495.0
PAY00093,ORD00093,2026-02-26,NET_BANKING,SUCCESS,6039.0
PAY00094,ORD00094,2025-04-09,COD,SUCCESS,4432.0
PAY00095,ORD00095,2025-12-29,COD,SUCCESS,5948.0
PAY00096,ORD00096,2025-03-24,NET_BANKING,SUCCESS,2196.0
PAY00097,ORD00097,2026-01-22,COD,FAILED,299.0
PAY00098,ORD00098,2025-06-25,CARD,SUCCESS,6701.0
PAY00099,ORD00099,2026-08-04,CARD,SUCCESS,1499.0
PAY00100,ORD00100,2025-10-15,CARD,SUCCESS,1587.0
PAY00101,ORD00101,2025-08-01,NET_BANKING,SUCCESS,13954.0
PAY00102,ORD00102,2026-07-08,UPI,FAILED,3494.0
PAY00103,ORD00103,2025-12-21,COD,SUCCESS,11031.0
PAY00104,ORD00104,2025-12-01,COD,SUCCESS,6900.0
PAY00105,ORD00105,2026-01-20,UPI,SUCCESS,4523.0
PAY00106,ORD00106,2026-01-25,CARD,FAILED,2844.0
PAY00107,ORD00107,2025-04-04,UPI,SUCCESS,3854.0
PAY00108,ORD00108,2025-07-11,UPI,SUCCESS,12984.0
PAY00109,ORD00109,2025-11-29,CARD,FAILED,2596.0
PAY00110,ORD00110,2025-03-28,NET_BANKING,SUCCESS,2914.0
PAY00111,ORD00111,2025-05-23,COD,REFUNDED,4701.0
PAY00112,ORD00112,2025-11-03,COD,SUCCESS,1347.0
PAY00113,ORD00113,2025-09-10,COD,SUCCESS,5743.0
PAY00114,ORD00114,2026-02-10,COD,SUCCESS,8976.0
PAY00115,ORD00115,2025-11-25,UPI,SUCCESS,2734.0
PAY00116,ORD00116,2025-11-23,COD,SUCCESS,8656.0
PAY00117,ORD00117,2026-08-01,NET_BANKING,SUCCESS,2494.0
PAY00118,ORD00118,2026-04-18,UPI,FAILED,2406.0
PAY00119,ORD00119,2026-02-23,NET_BANKING,SUCCESS,2545.0
PAY00120,ORD00120,2025-06-07,CARD,SUCCESS,10511.0
PAY00121,ORD00121,2026-03-05,NET_BANKING,SUCCESS,3983.0
PAY00122,ORD00122,2025-09-12,NET_BANKING,SUCCESS,3940.0
PAY00123,ORD00123,2025-12-06,CARD,SUCCESS,14333.0
PAY00124,ORD00124,2026-08-13,NET_BANKING,SUCCESS,6588.0
PAY00125,ORD00125,2025-01-26,UPI,SUCCESS,4642.0
PAY00126,ORD00126,2026-04-12,UPI,FAILED,5849.0
PAY00127,ORD00127,2025-04-28,NET_BANKING,SUCCESS,9191.0
PAY00128,ORD00128,2026-07-20,NET_BANKING,SUCCESS,7928.0
PAY00129,ORD00129,2026-09-21,CARD,SUCCESS,4452.0
PAY00130,ORD00130,2025-04-15,NET_BANKING,SUCCESS,6894.0
PAY00131,ORD00131,2025-09-26,CARD,SUCCESS,7642.0
PAY00132,ORD00132,2025-12-23,CARD,SUCCESS,6076.0
PAY00133,ORD00133,2025-05-18,CARD,SUCCESS,2945.0
PAY00134,ORD00134,2025-05-25,UPI,SUCCESS,11215.0
PAY00135,ORD00135,2025-06-27,COD,SUCCESS,7287.0
PAY00136,ORD00136,2025-01-10,UPI,SUCCESS,5740.0
PAY00137,ORD00137,2026-05-22,CARD,SUCCESS,4741.0
PAY00138,ORD00138,2025-08-14,CARD,SUCCESS,6399.0
PAY00139,ORD00139,2026-05-23,COD,SUCCESS,479.0
PAY00140,ORD00140,2026-07-11,COD,SUCCESS,8280.0
PAY00141,ORD00141,2026-03-12,NET_BANKING,SUCCESS,3445.0
PAY00142,ORD00142,2025-12-23,COD,SUCCESS,469.0
PAY00143,ORD00143,2025-08-31,UPI,SUCCESS,6189.0
PAY00144,ORD00144,2025-07-31,UPI,SUCCESS,1437.0
PAY00145,ORD00145,2025-10-15,CARD,SUCCESS,2844.0
PAY00146,ORD00146,2025-10-01,COD,SUCCESS,2116.0
PAY00147,ORD00147,2025-03-02,COD,SUCCESS,2396.0
PAY00148,ORD00148,2025-11-26,NET_BANKING,SUCCESS,6635.0
PAY00149,ORD00149,2025-04-06,NET_BANKING,SUCCESS,5688.0
PAY00150,ORD00150,2025-04-06,COD,SUCCESS,10688.0
PAY00151,ORD00151,2026-03-16,COD,SUCCESS,11983.0
PAY00152,ORD00152,2026-05-12,CARD,SUCCESS,499.0
PAY00153,ORD00153,2026-04-16,CARD,SUCCESS,6465.0
PAY00154,ORD00154,2025-05-16,COD,SUCCESS,4573.0
PAY00155,ORD00155,2026-01-16,CARD,SUCCESS,2395.0
PAY00156,ORD00156,2025-04-04,CARD,SUCCESS,2396.0
PAY00157,ORD00157,2025-05-16,UPI,SUCCESS,9289.0
PAY00158,ORD00158,2025-08-23,CARD,SUCCESS,1647.0
PAY00159,ORD00159,2025-11-03,COD,SUCCESS,2097.0
PAY00160,ORD00160,2026-07-31,COD,SUCCESS,1836.0
PAY00161,ORD00161,2026-02-26,NET_BANKING,SUCCESS,8738.0
PAY00162,ORD00162,2026-03-16,COD,SUCCESS,1897.0
PAY00163,ORD00163,2026-09-08,CARD,SUCCESS,6490.0
PAY00164,ORD00164,2026-06-06,CARD,SUCCESS,5489.0
PAY00165,ORD00165,2026-09-01,CARD,SUCCESS,1347.0
PAY00166,ORD00166,2026-02-01,COD,SUCCESS,5229.0
PAY00167,ORD00167,2025-01-15,UPI,SUCCESS,1499.0
PAY00168,ORD00168,2026-02-12,NET_BANKING,SUCCESS,13333.0
PAY00169,ORD00169,2025-03-27,UPI,SUCCESS,6582.0
PAY00170,ORD00170,2026-08-24,NET_BANKING,FAILED,2596.0
PAY00171,ORD00171,2025-09-02,NET_BANKING,SUCCESS,5996.0
PAY00172,ORD00172,2026-04-10,COD,FAILED,1298.0
PAY00173,ORD00173,2025-01-13,COD,SUCCESS,2116.0
PAY00174,ORD00174,2025-12-22,COD,SUCCESS,3535.0
PAY00175,ORD00175,2026-03-16,CARD,SUCCESS,3245.0
PAY00176,ORD00176,2025-03-20,COD,SUCCESS,3363.0
PAY00177,ORD00177,2025-04-16,UPI,SUCCESS,2995.0
PAY00178,ORD00178,2025-02-15,UPI,SUCCESS,599.0
PAY00179,ORD00179,2026-01-08,UPI,FAILED,4024.0
PAY00180,ORD00180,2026-03-06,NET_BANKING,FAILED,2844.0
PAY00181,ORD00181,2025-03-21,CARD,SUCCESS,489.0
PAY00182,ORD00182,2025-08-17,COD,SUCCESS,449.0
PAY00183,ORD00183,2026-04-22,COD,SUCCESS,3812.0
PAY00184,ORD00184,2025-10-26,UPI,SUCCESS,6428.0
PAY00185,ORD00185,2026-05-21,CARD,SUCCESS,1976.0
PAY00186,ORD00186,2026-02-24,UPI,SUCCESS,2895.0
PAY00187,ORD00187,2026-01-21,NET_BANKING,SUCCESS,5450.0
PAY00188,ORD00188,2025-03-03,COD,SUCCESS,1148.0
PAY00189,ORD00189,2025-08-26,CARD,SUCCESS,10708.0
PAY00190,ORD00190,2026-02-08,COD,SUCCESS,898.0
PAY00191,ORD00191,2025-10-26,CARD,SUCCESS,9290.0
PAY00192,ORD00192,2025-08-28,NET_BANKING,SUCCESS,3644.0
PAY00193,ORD00193,2025-04-19,UPI,SUCCESS,5908.0
PAY00194,ORD00194,2025-09-29,NET_BANKING,SUCCESS,1587.0
PAY00195,ORD00195,2026-09-10,COD,SUCCESS,4701.0
PAY00196,ORD00196,2025-02-20,COD,SUCCESS,7407.0
PAY00197,ORD00197,2026-07-18,CARD,FAILED,3305.0
PAY00198,ORD00198,2025-07-22,UPI,SUCCESS,11289.0
PAY00199,ORD00199,2025-03-18,UPI,SUCCESS,2396.0
PAY00200,ORD00200,2025-05-12,COD,SUCCESS,3892.0
PAY00201,ORD00201,2026-02-09,NET_BANKING,SUCCESS,4430.0
PAY00202,ORD00202,2025-06-02,UPI,SUCCESS,3792.0
PAY00203,ORD00203,2026-07-18,NET_BANKING,SUCCESS,2596.0
PAY00204,ORD00204,2026-03-06,CARD,SUCCESS,2494.0
PAY00205,ORD00205,2026-01-03,UPI,SUCCESS,5710.0
PAY00206,ORD00206,2026-09-04,CARD,SUCCESS,7837.0
PAY00207,ORD00207,2025-06-13,COD,SUCCESS,1627.0
PAY00208,ORD00208,2026-02-02,CARD,SUCCESS,4442.0
PAY00209,ORD00209,2026-01-03,NET_BANKING,FAILED,1497.0
PAY00210,ORD00210,2026-08-05,COD,SUCCESS,7791.0
PAY00211,ORD00211,2025-06-29,NET_BANKING,SUCCESS,998.0
PAY00212,ORD00212,2025-08-13,NET_BANKING,SUCCESS,5100.0
PAY00213,ORD00213,2025-01-23,COD,SUCCESS,6642.0
PAY00214,ORD00214,2025-03-16,CARD,SUCCESS,6029.0
PAY00215,ORD00215,2026-05-14,COD,SUCCESS,3962.0
PAY00216,ORD00216,2026-08-27,COD,SUCCESS,10490.0
PAY00217,ORD00217,2026-08-05,COD,SUCCESS,8472.0
PAY00218,ORD00218,2026-05-24,NET_BANKING,SUCCESS,1797.0
PAY00219,ORD00219,2025-06-21,COD,FAILED,2097.0
PAY00220,ORD00220,2025-01-12,COD,SUCCESS,3144.0
PAY00221,ORD00221,2025-04-21,CARD,SUCCESS,1796.0
PAY00222,ORD00222,2026-03-06,UPI,SUCCESS,6566.0
PAY00223,ORD00223,2025-08-19,NET_BANKING,FAILED,999.0
PAY00224,ORD00224,2025-01-21,UPI,REFUNDED,1647.0
PAY00225,ORD00225,2026-01-20,UPI,SUCCESS,489.0
PAY00226,ORD00226,2026-09-01,UPI,SUCCESS,5887.0
PAY00227,ORD00227,2025-04-14,COD,SUCCESS,4740.0
PAY00228,ORD00228,2025-10-16,CARD,SUCCESS,1996.0
PAY00229,ORD00229,2026-07-17,CARD,SUCCESS,2295.0
PAY00230,ORD00230,2025-10-29,CARD,SUCCESS,9340.0
PAY00231,ORD00231,2025-04-29,UPI,SUCCESS,10458.0
PAY00232,ORD00232,2026-01-26,COD,SUCCESS,9197.0
PAY00233,ORD00233,2025-06-04,UPI,SUCCESS,1647.0
PAY00234,ORD00234,2026-07-09,NET_BANKING,SUCCESS,4451.0
PAY00235,ORD00235,2026-07-03,CARD,SUCCESS,6589.0
PAY00236,ORD00236,2026-06-14,NET_BANKING,SUCCESS,4194.0
PAY00237,ORD00237,2025-06-21,CARD,SUCCESS,2615.0
PAY00238,ORD00238,2026-03-22,COD,SUCCESS,3534.0
PAY00239,ORD00239,2025-03-10,NET_BANKING,SUCCESS,13145.0
PAY00240,ORD00240,2026-03-06,NET_BANKING,SUCCESS,5040.0
PAY00241,ORD00241,2025-04-13,CARD,SUCCESS,2997.0
PAY00242,ORD00242,2026-07-03,NET_BANKING,SUCCESS,7155.0
PAY00243,ORD00243,2025-10-10,COD,SUCCESS,4740.0
PAY00244,ORD00244,2026-01-17,CARD,SUCCESS,4585.0
PAY00245,ORD00245,2026-03-30,CARD,SUCCESS,4642.0
PAY00246,ORD00246,2025-08-05,CARD,SUCCESS,7939.0
PAY00247,ORD00247,2025-11-15,COD,FAILED,4463.0
PAY00248,ORD00248,2025-03-01,UPI,SUCCESS,7835.0
PAY00249,ORD00249,2025-05-07,CARD,SUCCESS,4121.0
PAY00250,ORD00250,2026-05-01,UPI,SUCCESS,2685.0
PAY00251,ORD00251,2025-02-20,CARD,SUCCESS,2596.0
PAY00252,ORD00252,2026-02-24,CARD,SUCCESS,938.0
PAY00253,ORD00253,2025-06-27,CARD,SUCCESS,1797.0
PAY00254,ORD00254,2025-11-09,UPI,SUCCESS,7191.0
PAY00255,ORD00255,2025-11-06,UPI,SUCCESS,9122.0
PAY00256,ORD00256,2025-11-02,UPI,SUCCESS,5838.0
PAY00257,ORD00257,2025-06-03,CARD,SUCCESS,9491.0
PAY00258,ORD00258,2025-11-24,NET_BANKING,SUCCESS,1196.0
PAY00259,ORD00259,2025-09-23,NET_BANKING,SUCCESS,5698.0
PAY00260,ORD00260,2026-07-02,CARD,SUCCESS,8318.0
PAY00261,ORD00261,2025-04-10,NET_BANKING,SUCCESS,4484.0
PAY00262,ORD00262,2025-12-30,UPI,SUCCESS,6589.0
PAY00263,ORD00263,2026-04-20,CARD,SUCCESS,8205.0
PAY00264,ORD00264,2025-07-19,COD,SUCCESS,4671.0
PAY00265,ORD00265,2026-08-07,COD,SUCCESS,6820.0
PAY00266,ORD00266,2025-03-01,COD,SUCCESS,7591.0
PAY00267,ORD00267,2025-04-01,COD,SUCCESS,4690.0
PAY00268,ORD00268,2025-07-24,NET_BANKING,SUCCESS,4497.0
PAY00269,ORD00269,2026-06-28,UPI,SUCCESS,598.0
PAY00270,ORD00270,2025-12-19,UPI,SUCCESS,2245.0
PAY00271,ORD00271,2025-11-10,NET_BANKING,SUCCESS,1947.0
PAY00272,ORD00272,2026-06-17,CARD,SUCCESS,4130.0
PAY00273,ORD00273,2025-07-12,NET_BANKING,SUCCESS,5390.0
PAY00274,ORD00274,2025-06-23,CARD,SUCCESS,1347.0
PAY00275,ORD00275,2026-07-02,UPI,SUCCESS,299.0
PAY00276,ORD00276,2025-01-21,CARD,SUCCESS,1796.0
PAY00277,ORD00277,2025-05-07,CARD,SUCCESS,5981.0
PAY00278,ORD00278,2026-06-17,CARD,SUCCESS,3944.0
PAY00279,ORD00279,2026-09-25,CARD,FAILED,999.0
PAY00280,ORD00280,2025-07-23,UPI,FAILED,5850.0
PAY00281,ORD00281,2025-02-10,CARD,SUCCESS,2435.0
PAY00282,ORD00282,2025-01-14,CARD,SUCCESS,3495.0
PAY00283,ORD00283,2026-05-21,CARD,SUCCESS,4995.0
PAY00284,ORD00284,2025-04-14,NET_BANKING,FAILED,4003.0
PAY00285,ORD00285,2025-04-13,UPI,SUCCESS,2097.0
PAY00286,ORD00286,2025-11-17,CARD,SUCCESS,549.0
PAY00287,ORD00287,2025-05-22,CARD,SUCCESS,9291.0
PAY00288,ORD00288,2025-04-06,CARD,SUCCESS,5659.0
PAY00289,ORD00289,2026-01-30,COD,SUCCESS,3254.0
PAY00290,ORD00290,2026-03-03,CARD,SUCCESS,6996.0
PAY00291,ORD00291,2025-01-30,CARD,SUCCESS,6465.0
PAY00292,ORD00292,2025-02-17,COD,SUCCESS,6485.0
PAY00293,ORD00293,2025-12-13,UPI,SUCCESS,898.0
PAY00294,ORD00294,2025-12-21,NET_BANKING,SUCCESS,4601.0
PAY00295,ORD00295,2026-04-26,NET_BANKING,SUCCESS,5193.0
PAY00296,ORD00296,2025-12-05,NET_BANKING,SUCCESS,978.0
PAY00297,ORD00297,2026-01-23,UPI,SUCCESS,4541.0
PAY00298,ORD00298,2025-04-01,COD,SUCCESS,4870.0
PAY00299,ORD00299,2026-07-25,NET_BANKING,SUCCESS,4995.0
PAY00300,ORD00300,2026-09-26,UPI,SUCCESS,5693.0
PAY00301,ORD00301,2025-02-25,NET_BANKING,SUCCESS,9114.0
PAY00302,ORD00302,2025-04-10,NET_BANKING,SUCCESS,2844.0
PAY00303,ORD00303,2026-06-19,CARD,SUCCESS,998.0
PAY00304,ORD00304,2025-05-24,CARD,SUCCESS,4861.0
PAY00305,ORD00305,2025-07-15,CARD,SUCCESS,3996.0
PAY00306,ORD00306,2026-08-26,NET_BANKING,SUCCESS,5058.0
PAY00307,ORD00307,2025-02-19,NET_BANKING,SUCCESS,5709.0
PAY00308,ORD00308,2026-02-01,CARD,SUCCESS,5440.0
PAY00309,ORD00309,2025-12-18,COD,SUCCESS,11982.0
PAY00310,ORD00310,2025-11-18,CARD,SUCCESS,7492.0
PAY00311,ORD00311,2025-12-20,UPI,SUCCESS,2493.0
PAY00312,ORD00312,2025-11-27,UPI,SUCCESS,6716.0
PAY00313,ORD00313,2026-03-09,COD,SUCCESS,1996.0
PAY00314,ORD00314,2025-02-24,UPI,SUCCESS,4295.0
PAY00315,ORD00315,2025-09-14,CARD,SUCCESS,1497.0
PAY00316,ORD00316,2026-07-09,UPI,SUCCESS,7194.0
PAY00317,ORD00317,2026-06-08,NET_BANKING,SUCCESS,5188.0
PAY00318,ORD00318,2025-11-17,NET_BANKING,SUCCESS,1497.0
PAY00319,ORD00319,2026-09-28,NET_BANKING,SUCCESS,9082.0
PAY00320,ORD00320,2025-07-18,CARD,SUCCESS,1696.0
PAY00321,ORD00321,2026-06-11,COD,SUCCESS,1347.0
PAY00322,ORD00322,2025-09-28,COD,SUCCESS,2385.0
PAY00323,ORD00323,2025-11-27,NET_BANKING,SUCCESS,5821.0
PAY00324,ORD00324,2025-11-22,UPI,FAILED,3543.0
PAY00325,ORD00325,2026-07-11,COD,SUCCESS,898.0
PAY00326,ORD00326,2025-08-07,CARD,REFUNDED,7886.0
PAY00327,ORD00327,2025-01-10,UPI,FAILED,5938.0
PAY00328,ORD00328,2025-02-10,COD,SUCCESS,7538.0
PAY00329,ORD00329,2025-10-17,UPI,SUCCESS,7451.0
PAY00330,ORD00330,2025-07-17,CARD,SUCCESS,1098.0
PAY00331,ORD00331,2026-07-05,UPI,FAILED,1198.0
PAY00332,ORD00332,2026-03-11,CARD,SUCCESS,2655.0
PAY00333,ORD00333,2025-06-07,CARD,SUCCESS,3694.0
PAY00334,ORD00334,2025-03-14,COD,SUCCESS,8592.0
PAY00335,ORD00335,2026-02-19,UPI,SUCCESS,449.0
PAY00336,ORD00336,2025-01-07,NET_BANKING,SUCCESS,4995.0
PAY00337,ORD00337,2025-03-16,CARD,SUCCESS,1947.0
PAY00338,ORD00338,2025-03-30,CARD,SUCCESS,7287.0
PAY00339,ORD00339,2026-02-05,NET_BANKING,FAILED,4671.0
PAY00340,ORD00340,2026-07-23,UPI,REFUNDED,2495.0
PAY00341,ORD00341,2026-02-08,NET_BANKING,SUCCESS,1298.0
PAY00342,ORD00342,2025-12-19,UPI,SUCCESS,8553.0
PAY00343,ORD00343,2025-09-16,UPI,SUCCESS,2494.0
PAY00344,ORD00344,2026-07-17,CARD,SUCCESS,649.0
PAY00345,ORD00345,2025-04-11,CARD,SUCCESS,5479.0
PAY00346,ORD00346,2025-07-18,NET_BANKING,SUCCESS,7943.0
PAY00347,ORD00347,2025-11-20,CARD,SUCCESS,1896.0
PAY00348,ORD00348,2026-03-23,UPI,SUCCESS,4779.0
PAY00349,ORD00349,2026-01-03,NET_BANKING,SUCCESS,5179.0
PAY00350,ORD00350,2026-07-06,CARD,SUCCESS,499.0
PAY00351,ORD00351,2025-01-20,UPI,FAILED,3495.0
PAY00352,ORD00352,2026-02-19,UPI,SUCCESS,8992.0
PAY00353,ORD00353,2026-07-07,COD,SUCCESS,3143.0
PAY00354,ORD00354,2025-10-25,NET_BANKING,SUCCESS,1347.0
PAY00355,ORD00355,2025-01-11,CARD,FAILED,3954.0
PAY00356,ORD00356,2025-07-03,CARD,FAILED,6493.0
PAY00357,ORD00357,2025-08-13,CARD,SUCCESS,2945.0
PAY00358,ORD00358,2025-07-31,COD,SUCCESS,3015.0
PAY00359,ORD00359,2026-06-18,UPI,SUCCESS,9235.0
PAY00360,ORD00360,2026-01-21,NET_BANKING,SUCCESS,5488.0
PAY00361,ORD00361,2025-08-17,COD,SUCCESS,11037.0
PAY00362,ORD00362,2026-05-29,UPI,SUCCESS,4861.0
PAY00363,ORD00363,2026-01-06,COD,SUCCESS,598.0
PAY00364,ORD00364,2025-12-05,UPI,SUCCESS,5828.0
PAY00365,ORD00365,2025-02-14,NET_BANKING,SUCCESS,2944.0
PAY00366,ORD00366,2026-08-10,CARD,SUCCESS,5361.0
PAY00367,ORD00367,2026-08-01,UPI,FAILED,7017.0
PAY00368,ORD00368,2025-08-13,COD,SUCCESS,4393.0
PAY00369,ORD00369,2026-06-08,CARD,REFUNDED,8922.0
PAY00370,ORD00370,2026-01-30,NET_BANKING,SUCCESS,2995.0
PAY00371,ORD00371,2026-06-01,CARD,SUCCESS,3154.0
PAY00372,ORD00372,2026-09-22,COD,SUCCESS,2196.0
PAY00373,ORD00373,2025-05-14,COD,REFUNDED,5996.0
PAY00374,ORD00374,2026-03-07,UPI,SUCCESS,2495.0
PAY00375,ORD00375,2025-08-23,UPI,SUCCESS,14735.0
PAY00376,ORD00376,2025-09-18,CARD,SUCCESS,3596.0
PAY00377,ORD00377,2026-07-11,COD,SUCCESS,2994.0
PAY00378,ORD00378,2025-05-01,NET_BANKING,SUCCESS,4390.0
PAY00379,ORD00379,2026-08-23,UPI,SUCCESS,12055.0
PAY00380,ORD00380,2026-07-25,NET_BANKING,SUCCESS,8309.0
PAY00381,ORD00381,2026-02-12,COD,SUCCESS,998.0
PAY00382,ORD00382,2025-06-15,COD,SUCCESS,10398.0
PAY00383,ORD00383,2025-01-06,COD,SUCCESS,2355.0
PAY00384,ORD00384,2025-09-27,CARD,SUCCESS,479.0
PAY00385,ORD00385,2026-01-29,UPI,SUCCESS,6268.0
PAY00386,ORD00386,2025-01-11,UPI,SUCCESS,10485.0
PAY00387,ORD00387,2025-08-26,CARD,SUCCESS,898.0
PAY00388,ORD00388,2025-01-01,NET_BANKING,SUCCESS,2596.0
PAY00389,ORD00389,2026-02-09,NET_BANKING,FAILED,988.0
PAY00390,ORD00390,2025-10-19,CARD,SUCCESS,5691.0
PAY00391,ORD00391,2026-02-18,NET_BANKING,SUCCESS,3263.0
PAY00392,ORD00392,2025-10-29,CARD,SUCCESS,4995.0
PAY00393,ORD00393,2025-09-21,UPI,SUCCESS,5269.0
PAY00394,ORD00394,2025-12-14,UPI,SUCCESS,3601.0
PAY00395,ORD00395,2025-08-14,UPI,SUCCESS,5343.0
PAY00396,ORD00396,2026-07-03,CARD,SUCCESS,4892.0
PAY00397,ORD00397,2025-07-02,COD,SUCCESS,4752.0
PAY00398,ORD00398,2025-07-24,UPI,SUCCESS,2696.0
PAY00399,ORD00399,2025-09-13,COD,SUCCESS,3724.0
PAY00400,ORD00400,2025-01-07,CARD,FAILED,2796.0
PAY00401,ORD00401,2026-09-28,UPI,SUCCESS,7928.0
PAY00402,ORD00402,2026-08-14,COD,SUCCESS,7157.0
PAY00403,ORD00403,2025-05-04,UPI,SUCCESS,6388.0
PAY00404,ORD00404,2026-01-06,COD,SUCCESS,5121.0
PAY00405,ORD00405,2026-09-20,NET_BANKING,FAILED,2734.0
PAY00406,ORD00406,2026-01-17,NET_BANKING,FAILED,5180.0
PAY00407,ORD00407,2025-10-04,COD,SUCCESS,4851.0
PAY00408,ORD00408,2026-05-27,COD,SUCCESS,8587.0
PAY00409,ORD00409,2026-02-12,COD,SUCCESS,3893.0
PAY00410,ORD00410,2025-04-09,NET_BANKING,SUCCESS,7587.0
PAY00411,ORD00411,2025-01-21,CARD,SUCCESS,5288.0
PAY00412,ORD00412,2026-07-06,UPI,SUCCESS,9437.0
PAY00413,ORD00413,2025-03-22,COD,SUCCESS,3951.0
PAY00414,ORD00414,2026-09-20,UPI,SUCCESS,1098.0
PAY00415,ORD00415,2025-08-22,UPI,SUCCESS,5859.0
PAY00416,ORD00416,2026-01-07,UPI,SUCCESS,4552.0
PAY00417,ORD00417,2025-06-20,UPI,SUCCESS,2196.0
PAY00418,ORD00418,2025-02-25,NET_BANKING,SUCCESS,8259.0
PAY00419,ORD00419,2026-02-04,UPI,SUCCESS,3294.0
PAY00420,ORD00420,2026-06-24,COD,SUCCESS,1497.0
PAY00421,ORD00421,2025-11-30,UPI,SUCCESS,10017.0
PAY00422,ORD00422,2026-09-04,NET_BANKING,SUCCESS,12655.0
PAY00423,ORD00423,2025-04-02,UPI,SUCCESS,2525.0
PAY00424,ORD00424,2025-05-20,COD,SUCCESS,5828.0
PAY00425,ORD00425,2025-10-27,CARD,SUCCESS,1467.0
PAY00426,ORD00426,2026-02-26,UPI,SUCCESS,6747.0
PAY00427,ORD00427,2026-03-09,UPI,REFUNDED,6138.0
PAY00428,ORD00428,2025-03-12,CARD,SUCCESS,5348.0
PAY00429,ORD00429,2026-09-30,NET_BANKING,SUCCESS,6022.0
PAY00430,ORD00430,2025-04-15,CARD,SUCCESS,1437.0
PAY00431,ORD00431,2025-06-04,CARD,SUCCESS,3143.0
PAY00432,ORD00432,2026-04-20,UPI,SUCCESS,449.0
PAY00433,ORD00433,2025-05-30,COD,SUCCESS,4970.0
PAY00434,ORD00434,2025-09-12,COD,SUCCESS,8388.0
PAY00435,ORD00435,2026-02-03,CARD,SUCCESS,6389.0
PAY00436,ORD00436,2025-09-17,CARD,SUCCESS,2645.0
PAY00437,ORD00437,2026-03-21,CARD,SUCCESS,5644.0
PAY00438,ORD00438,2025-09-06,NET_BANKING,SUCCESS,1916.0
PAY00439,ORD00439,2026-09-03,COD,SUCCESS,1198.0
PAY00440,ORD00440,2025-04-04,NET_BANKING,SUCCESS,3395.0
PAY00441,ORD00441,2025-06-07,NET_BANKING,SUCCESS,2116.0
PAY00442,ORD00442,2025-11-21,UPI,SUCCESS,4463.0
PAY00443,ORD00443,2025-05-18,COD,SUCCESS,1876.0
PAY00444,ORD00444,2025-10-29,CARD,SUCCESS,6817.0
PAY00445,ORD00445,2026-09-06,CARD,SUCCESS,3054.0
PAY00446,ORD00446,2025-09-27,NET_BANKING,SUCCESS,6738.0
PAY00447,ORD00447,2026-01-08,NET_BANKING,FAILED,2944.0
PAY00448,ORD00448,2026-02-01,NET_BANKING,SUCCESS,8017.0
PAY00449,ORD00449,2025-04-09,UPI,SUCCESS,998.0
PAY00450,ORD00450,2025-02-02,UPI,SUCCESS,9482.0
PAY00451,ORD00451,2026-08-28,CARD,SUCCESS,2076.0
PAY00452,ORD00452,2026-05-19,NET_BANKING,SUCCESS,469.0
PAY00453,ORD00453,2026-07-26,UPI,SUCCESS,8436.0
PAY00454,ORD00454,2025-03-14,NET_BANKING,REFUNDED,2995.0
PAY00455,ORD00455,2025-04-14,UPI,SUCCESS,11166.0
PAY00456,ORD00456,2026-07-26,COD,SUCCESS,4995.0
PAY00457,ORD00457,2026-04-15,UPI,SUCCESS,15333.0
PAY00458,ORD00458,2025-06-11,UPI,SUCCESS,10596.0
PAY00459,ORD00459,2025-11-28,NET_BANKING,SUCCESS,5242.0
PAY00460,ORD00460,2026-04-09,UPI,SUCCESS,11787.0
PAY00461,ORD00461,2025-11-06,UPI,FAILED,2496.0
PAY00462,ORD00462,2025-10-10,COD,SUCCESS,3693.0
PAY00463,ORD00463,2025-05-22,UPI,SUCCESS,2446.0
PAY00464,ORD00464,2026-02-14,COD,SUCCESS,3693.0
PAY00465,ORD00465,2026-05-15,COD,SUCCESS,1437.0
PAY00466,ORD00466,2026-08-14,UPI,SUCCESS,4497.0
PAY00467,ORD00467,2026-03-21,CARD,SUCCESS,1398.0
PAY00468,ORD00468,2026-09-09,UPI,SUCCESS,10185.0
PAY00469,ORD00469,2026-05-30,COD,SUCCESS,3192.0
PAY00470,ORD00470,2026-09-02,NET_BANKING,SUCCESS,2396.0
PAY00471,ORD00471,2026-02-08,NET_BANKING,FAILED,4810.0
PAY00472,ORD00472,2025-03-29,NET_BANKING,SUCCESS,13545.0
PAY00473,ORD00473,2026-08-09,UPI,SUCCESS,3993.0
PAY00474,ORD00474,2026-08-13,NET_BANKING,SUCCESS,6788.0
PAY00475,ORD00475,2025-11-09,NET_BANKING,SUCCESS,7409.0
PAY00476,ORD00476,2025-02-15,COD,SUCCESS,2395.0
PAY00477,ORD00477,2025-03-29,NET_BANKING,SUCCESS,2995.0
PAY00478,ORD00478,2025-06-01,CARD,FAILED,3842.0
PAY00479,ORD00479,2025-01-24,COD,SUCCESS,4462.0
PAY00480,ORD00480,2026-05-10,NET_BANKING,FAILED,6495.0
PAY00481,ORD00481,2026-06-24,COD,SUCCESS,4243.0
PAY00482,ORD00482,2025-02-24,CARD,SUCCESS,2196.0
PAY00483,ORD00483,2025-10-05,NET_BANKING,SUCCESS,5291.0
PAY00484,ORD00484,2026-06-05,COD,SUCCESS,4497.0
PAY00485,ORD00485,2026-09-04,UPI,SUCCESS,4841.0
PAY00486,ORD00486,2025-01-23,NET_BANKING,REFUNDED,2714.0
PAY00487,ORD00487,2025-12-27,UPI,SUCCESS,4662.0
PAY00488,ORD00488,2025-01-31,COD,SUCCESS,3903.0
PAY00489,ORD00489,2026-01-27,NET_BANKING,SUCCESS,3443.0
PAY00490,ORD00490,2025-11-16,CARD,SUCCESS,4561.0
PAY00491,ORD00491,2025-07-27,NET_BANKING,SUCCESS,7972.0
PAY00492,ORD00492,2026-08-02,NET_BANKING,SUCCESS,3624.0
PAY00493,ORD00493,2025-05-30,CARD,SUCCESS,8390.0
PAY00494,ORD00494,2025-07-12,NET_BANKING,SUCCESS,7490.0
PAY00495,ORD00495,2026-09-13,CARD,SUCCESS,1557.0
PAY00496,ORD00496,2025-03-23,UPI,SUCCESS,6357.0
PAY00497,ORD00497,2025-05-21,COD,SUCCESS,1846.0
PAY00498,ORD00498,2026-02-27,UPI,SUCCESS,2197.0
PAY00499,ORD00499,2026-03-26,NET_BANKING,SUCCESS,7256.0
PAY00500,ORD00500,2026-01-25,UPI,FAILED,11384.0
PAY00501,ORD00501,2026-04-08,NET_BANKING,SUCCESS,2998.0
PAY00502,ORD00502,2026-07-05,COD,FAILED,1956.0
PAY00503,ORD00503,2025-02-20,UPI,FAILED,9187.0
PAY00504,ORD00504,2025-02-25,UPI,SUCCESS,2575.0
PAY00505,ORD00505,2026-05-28,NET_BANKING,REFUNDED,7343.0
PAY00506,ORD00506,2025-07-03,COD,SUCCESS,2906.0
PAY00507,ORD00507,2025-06-17,CARD,SUCCESS,549.0
PAY00508,ORD00508,2026-04-06,NET_BANKING,SUCCESS,1956.0
PAY00509,ORD00509,2026-06-08,COD,FAILED,2285.0
PAY00510,ORD00510,2025-06-24,CARD,SUCCESS,2456.0
PAY00511,ORD00511,2025-02-22,NET_BANKING,SUCCESS,3964.0
PAY00512,ORD00512,2025-05-15,COD,REFUNDED,1437.0
PAY00513,ORD00513,2026-04-15,UPI,SUCCESS,7347.0
PAY00514,ORD00514,2026-05-03,UPI,SUCCESS,8085.0
PAY00515,ORD00515,2026-07-25,COD,SUCCESS,1527.0
PAY00516,ORD00516,2025-12-24,NET_BANKING,SUCCESS,1495.0
PAY00517,ORD00517,2026-09-10,NET_BANKING,SUCCESS,499.0
PAY00518,ORD00518,2025-07-02,CARD,SUCCESS,6385.0
PAY00519,ORD00519,2026-04-12,NET_BANKING,SUCCESS,7641.0
PAY00520,ORD00520,2026-01-24,COD,SUCCESS,6270.0
PAY00521,ORD00521,2026-06-24,UPI,SUCCESS,3094.0
PAY00522,ORD00522,2026-08-09,UPI,SUCCESS,2345.0
PAY00523,ORD00523,2025-10-22,NET_BANKING,FAILED,5670.0
PAY00524,ORD00524,2026-07-31,COD,SUCCESS,5472.0
PAY00525,ORD00525,2025-01-25,NET_BANKING,SUCCESS,998.0
PAY00526,ORD00526,2026-09-23,CARD,SUCCESS,4312.0
PAY00527,ORD00527,2025-03-11,NET_BANKING,SUCCESS,6690.0
PAY00528,ORD00528,2026-08-06,NET_BANKING,SUCCESS,1398.0
PAY00529,ORD00529,2025-12-05,UPI,SUCCESS,8868.0
PAY00530,ORD00530,2026-07-04,COD,SUCCESS,8336.0
PAY00531,ORD00531,2025-11-20,UPI,SUCCESS,2995.0
PAY00532,ORD00532,2025-12-06,UPI,SUCCESS,4732.0
PAY00533,ORD00533,2026-07-02,NET_BANKING,SUCCESS,6309.0
PAY00534,ORD00534,2026-05-24,NET_BANKING,SUCCESS,6380.0
PAY00535,ORD00535,2025-04-25,CARD,SUCCESS,1998.0
PAY00536,ORD00536,2025-04-05,COD,SUCCESS,3996.0
PAY00537,ORD00537,2026-05-28,CARD,SUCCESS,10399.0
PAY00538,ORD00538,2025-04-11,NET_BANKING,SUCCESS,2595.0
PAY00539,ORD00539,2026-06-19,NET_BANKING,SUCCESS,8891.0
PAY00540,ORD00540,2025-02-17,NET_BANKING,SUCCESS,5452.0
PAY00541,ORD00541,2025-07-17,UPI,SUCCESS,3004.0
PAY00542,ORD00542,2025-10-08,NET_BANKING,SUCCESS,2995.0
PAY00543,ORD00543,2026-07-17,COD,SUCCESS,6492.0
PAY00544,ORD00544,2025-06-25,NET_BANKING,SUCCESS,3443.0
PAY00545,ORD00545,2025-02-21,CARD,SUCCESS,2196.0
PAY00546,ORD00546,2025-07-03,NET_BANKING,SUCCESS,6648.0
PAY00547,ORD00547,2025-05-15,NET_BANKING,SUCCESS,5968.0
PAY00548,ORD00548,2026-09-24,CARD,SUCCESS,4930.0
PAY00549,ORD00549,2025-01-31,UPI,SUCCESS,1796.0
PAY00550,ORD00550,2025-06-24,COD,SUCCESS,6010.0
PAY00551,ORD00551,2025-04-20,CARD,SUCCESS,2997.0
PAY00552,ORD00552,2026-04-18,COD,SUCCESS,9599.0
PAY00553,ORD00553,2025-08-02,CARD,SUCCESS,7300.0
PAY00554,ORD00554,2026-08-11,NET_BANKING,SUCCESS,2395.0
PAY00555,ORD00555,2025-11-30,CARD,SUCCESS,7735.0
PAY00556,ORD00556,2026-05-22,CARD,SUCCESS,1098.0
PAY00557,ORD00557,2025-05-23,NET_BANKING,SUCCESS,1998.0
PAY00558,ORD00558,2025-06-02,CARD,SUCCESS,4152.0
PAY00559,ORD00559,2025-11-21,NET_BANKING,SUCCESS,7441.0
PAY00560,ORD00560,2026-09-19,COD,SUCCESS,5890.0
PAY00561,ORD00561,2026-07-28,CARD,SUCCESS,4543.0
PAY00562,ORD00562,2026-08-28,NET_BANKING,REFUNDED,7287.0
PAY00563,ORD00563,2025-06-27,UPI,SUCCESS,3263.0
PAY00564,ORD00564,2025-10-23,UPI,SUCCESS,1028.0
PAY00565,ORD00565,2026-05-14,UPI,SUCCESS,4312.0
PAY00566,ORD00566,2026-09-11,UPI,SUCCESS,4321.0
PAY00567,ORD00567,2026-04-06,CARD,SUCCESS,3094.0
PAY00568,ORD00568,2026-05-26,CARD,SUCCESS,3453.0
PAY00569,ORD00569,2026-07-14,CARD,REFUNDED,2495.0
PAY00570,ORD00570,2026-01-13,UPI,SUCCESS,13753.0
PAY00571,ORD00571,2026-06-20,NET_BANKING,SUCCESS,2396.0
PAY00572,ORD00572,2025-03-21,UPI,SUCCESS,4690.0
PAY00573,ORD00573,2026-06-09,CARD,SUCCESS,4692.0
PAY00574,ORD00574,2026-09-04,COD,SUCCESS,5438.0
PAY00575,ORD00575,2025-10-26,UPI,SUCCESS,2596.0
PAY00576,ORD00576,2025-05-10,UPI,SUCCESS,4971.0
PAY00577,ORD00577,2025-04-25,COD,FAILED,1835.0
PAY00578,ORD00578,2025-08-30,COD,FAILED,449.0
PAY00579,ORD00579,2025-05-29,NET_BANKING,SUCCESS,4672.0
PAY00580,ORD00580,2026-03-27,UPI,SUCCESS,2276.0
PAY00581,ORD00581,2025-09-28,NET_BANKING,SUCCESS,998.0
PAY00582,ORD00582,2026-02-13,UPI,SUCCESS,9745.0
PAY00583,ORD00583,2026-06-28,COD,SUCCESS,2596.0
PAY00584,ORD00584,2025-11-20,NET_BANKING,SUCCESS,2745.0
PAY00585,ORD00585,2025-12-29,UPI,SUCCESS,4330.0
PAY00586,ORD00586,2026-08-22,NET_BANKING,SUCCESS,3093.0
PAY00587,ORD00587,2025-12-12,UPI,SUCCESS,938.0
PAY00588,ORD00588,2025-03-11,CARD,SUCCESS,489.0
PAY00589,ORD00589,2026-04-02,UPI,SUCCESS,4143.0
PAY00590,ORD00590,2026-09-01,UPI,SUCCESS,778.0
PAY00591,ORD00591,2026-09-12,NET_BANKING,SUCCESS,4645.0
PAY00592,ORD00592,2026-04-24,CARD,SUCCESS,1196.0
PAY00593,ORD00593,2025-10-11,UPI,SUCCESS,3235.0
PAY00594,ORD00594,2026-02-02,NET_BANKING,SUCCESS,1947.0
PAY00595,ORD00595,2026-03-28,UPI,SUCCESS,2754.0
PAY00596,ORD00596,2025-05-28,COD,SUCCESS,4681.0
PAY00597,ORD00597,2025-03-14,NET_BANKING,SUCCESS,5433.0
PAY00598,ORD00598,2025-02-08,COD,SUCCESS,5060.0
PAY00599,ORD00599,2026-05-18,CARD,SUCCESS,7688.0
PAY00600,ORD00600,2026-05-09,NET_BANKING,SUCCESS,2744.0
PAY00601,ORD00601,2026-07-02,NET_BANKING,SUCCESS,3983.0
PAY00602,ORD00602,2025-02-10,NET_BANKING,SUCCESS,3095.0
PAY00603,ORD00603,2026-01-03,UPI,SUCCESS,5240.0
PAY00604,ORD00604,2026-02-03,COD,SUCCESS,3364.0
PAY00605,ORD00605,2025-02-27,UPI,REFUNDED,449.0
PAY00606,ORD00606,2026-06-20,CARD,SUCCESS,1477.0
PAY00607,ORD00607,2025-05-25,CARD,SUCCESS,2345.0
PAY00608,ORD00608,2025-09-06,NET_BANKING,SUCCESS,2086.0
PAY00609,ORD00609,2025-04-10,CARD,REFUNDED,1178.0
PAY00610,ORD00610,2026-05-25,NET_BANKING,SUCCESS,5094.0
PAY00611,ORD00611,2026-02-16,UPI,SUCCESS,1597.0
PAY00612,ORD00612,2025-06-27,UPI,SUCCESS,1298.0
PAY00613,ORD00613,2026-03-02,NET_BANKING,SUCCESS,4092.0
PAY00614,ORD00614,2025-04-13,UPI,SUCCESS,2965.0
PAY00615,ORD00615,2025-04-02,NET_BANKING,SUCCESS,4792.0
PAY00616,ORD00616,2025-10-05,COD,SUCCESS,6198.0
PAY00617,ORD00617,2025-04-01,CARD,SUCCESS,4141.0
PAY00618,ORD00618,2026-06-27,COD,SUCCESS,7449.0
PAY00619,ORD00619,2025-08-02,UPI,SUCCESS,5094.0
PAY00620,ORD00620,2025-06-30,UPI,SUCCESS,1497.0
PAY00621,ORD00621,2025-08-03,COD,SUCCESS,3614.0
PAY00622,ORD00622,2025-02-23,COD,SUCCESS,4525.0
PAY00623,ORD00623,2025-04-29,COD,SUCCESS,4840.0
PAY00624,ORD00624,2026-03-06,COD,SUCCESS,4344.0
PAY00625,ORD00625,2026-02-27,NET_BANKING,FAILED,12316.0
PAY00626,ORD00626,2025-08-10,COD,SUCCESS,8858.0
PAY00627,ORD00627,2025-12-10,NET_BANKING,SUCCESS,1298.0
PAY00628,ORD00628,2026-04-22,NET_BANKING,SUCCESS,3345.0
PAY00629,ORD00629,2025-06-10,NET_BANKING,SUCCESS,1447.0
PAY00630,ORD00630,2026-06-19,UPI,SUCCESS,3323.0
PAY00631,ORD00631,2026-03-15,COD,SUCCESS,4641.0
PAY00632,ORD00632,2026-08-29,COD,SUCCESS,449.0
PAY00633,ORD00633,2026-04-27,NET_BANKING,SUCCESS,2245.0
PAY00634,ORD00634,2026-05-06,UPI,SUCCESS,1876.0
PAY00635,ORD00635,2025-03-27,COD,SUCCESS,1996.0
PAY00636,ORD00636,2025-08-12,CARD,SUCCESS,3442.0
PAY00637,ORD00637,2026-04-16,UPI,SUCCESS,1876.0
PAY00638,ORD00638,2025-05-22,CARD,SUCCESS,4760.0
PAY00639,ORD00639,2025-12-07,COD,SUCCESS,10485.0
PAY00640,ORD00640,2025-08-01,NET_BANKING,SUCCESS,1437.0
PAY00641,ORD00641,2025-02-26,CARD,SUCCESS,9689.0
PAY00642,ORD00642,2025-02-11,CARD,SUCCESS,2744.0
PAY00643,ORD00643,2025-07-29,COD,SUCCESS,5939.0
PAY00644,ORD00644,2025-08-19,UPI,SUCCESS,2215.0
PAY00645,ORD00645,2025-12-20,COD,SUCCESS,2345.0
PAY00646,ORD00646,2026-06-30,COD,SUCCESS,5672.0
PAY00647,ORD00647,2026-02-05,UPI,SUCCESS,4204.0
PAY00648,ORD00648,2025-06-04,NET_BANKING,SUCCESS,2596.0
PAY00649,ORD00649,2026-07-09,CARD,SUCCESS,3233.0
PAY00650,ORD00650,2025-08-26,CARD,SUCCESS,5508.0
PAY00651,ORD00651,2026-06-27,NET_BANKING,SUCCESS,5200.0
PAY00652,ORD00652,2026-01-16,NET_BANKING,SUCCESS,1587.0
PAY00653,ORD00653,2026-04-12,NET_BANKING,SUCCESS,2475.0
PAY00654,ORD00654,2025-06-29,CARD,SUCCESS,1128.0
PAY00655,ORD00655,2026-08-12,UPI,SUCCESS,4571.0
PAY00656,ORD00656,2025-06-01,UPI,SUCCESS,1138.0
PAY00657,ORD00657,2026-05-27,COD,SUCCESS,12824.0
PAY00658,ORD00658,2025-10-24,UPI,SUCCESS,5433.0
PAY00659,ORD00659,2025-04-26,COD,SUCCESS,2645.0
PAY00660,ORD00660,2025-11-12,NET_BANKING,SUCCESS,1816.0
PAY00661,ORD00661,2026-09-15,UPI,REFUNDED,5995.0
PAY00662,ORD00662,2025-03-27,UPI,SUCCESS,7857.0
PAY00663,ORD00663,2026-09-12,NET_BANKING,SUCCESS,4497.0
PAY00664,ORD00664,2025-06-01,NET_BANKING,SUCCESS,8688.0
PAY00665,ORD00665,2026-07-29,CARD,REFUNDED,8267.0
PAY00666,ORD00666,2026-08-25,UPI,SUCCESS,5641.0
PAY00667,ORD00667,2025-03-09,COD,SUCCESS,6036.0
PAY00668,ORD00668,2026-08-05,UPI,SUCCESS,3983.0
PAY00669,ORD00669,2026-05-18,COD,FAILED,7787.0
PAY00670,ORD00670,2025-01-28,NET_BANKING,SUCCESS,4095.0
PAY00671,ORD00671,2025-10-22,CARD,SUCCESS,5291.0
PAY00672,ORD00672,2025-03-10,NET_BANKING,SUCCESS,9319.0
PAY00673,ORD00673,2025-05-03,UPI,SUCCESS,2097.0
PAY00674,ORD00674,2026-08-19,UPI,FAILED,2934.0
PAY00675,ORD00675,2026-01-05,COD,SUCCESS,6639.0
PAY00676,ORD00676,2025-07-07,NET_BANKING,SUCCESS,2814.0
PAY00677,ORD00677,2026-01-07,NET_BANKING,SUCCESS,5540.0
PAY00678,ORD00678,2026-05-12,NET_BANKING,SUCCESS,4093.0
PAY00679,ORD00679,2025-07-12,UPI,SUCCESS,1796.0
PAY00680,ORD00680,2025-03-20,COD,SUCCESS,7493.0
PAY00681,ORD00681,2026-01-07,CARD,REFUNDED,5373.0
PAY00682,ORD00682,2025-05-12,COD,SUCCESS,2695.0
PAY00683,ORD00683,2025-05-14,CARD,FAILED,6490.0
PAY00684,ORD00684,2025-07-21,UPI,SUCCESS,469.0
PAY00685,ORD00685,2025-09-17,CARD,SUCCESS,5793.0
PAY00686,ORD00686,2026-08-25,COD,SUCCESS,748.0
PAY00687,ORD00687,2025-10-12,COD,SUCCESS,5748.0
PAY00688,ORD00688,2025-03-11,NET_BANKING,SUCCESS,978.0
PAY00689,ORD00689,2025-07-16,COD,SUCCESS,8494.0
PAY00690,ORD00690,2025-04-12,NET_BANKING,SUCCESS,4840.0
PAY00691,ORD00691,2026-03-11,CARD,SUCCESS,1896.0
PAY00692,ORD00692,2025-04-23,UPI,SUCCESS,7890.0
PAY00693,ORD00693,2025-04-29,CARD,SUCCESS,7355.0
PAY00694,ORD00694,2026-03-15,NET_BANKING,SUCCESS,5996.0
PAY00695,ORD00695,2026-01-12,NET_BANKING,SUCCESS,3431.0
PAY00696,ORD00696,2026-02-15,UPI,SUCCESS,998.0
PAY00697,ORD00697,2026-01-08,NET_BANKING,SUCCESS,3353.0
PAY00698,ORD00698,2026-05-27,CARD,SUCCESS,11289.0
PAY00699,ORD00699,2026-09-10,CARD,SUCCESS,4601.0
PAY00700,ORD00700,2025-08-25,UPI,SUCCESS,1048.0
PAY00701,ORD00701,2025-01-28,NET_BANKING,SUCCESS,5706.0
PAY00702,ORD00702,2025-03-20,UPI,SUCCESS,10814.0
PAY00703,ORD00703,2025-12-18,COD,SUCCESS,999.0
PAY00704,ORD00704,2025-05-02,UPI,SUCCESS,3714.0
PAY00705,ORD00705,2026-07-25,UPI,SUCCESS,9050.0
PAY00706,ORD00706,2026-02-03,NET_BANKING,SUCCESS,1916.0
PAY00707,ORD00707,2026-07-22,UPI,FAILED,6808.0
PAY00708,ORD00708,2026-01-22,CARD,SUCCESS,3893.0
PAY00709,ORD00709,2025-05-12,CARD,SUCCESS,4412.0
PAY00710,ORD00710,2026-03-15,CARD,SUCCESS,2794.0
PAY00711,ORD00711,2025-11-16,CARD,SUCCESS,2097.0
PAY00712,ORD00712,2025-12-12,CARD,SUCCESS,5836.0
PAY00713,ORD00713,2026-03-08,UPI,SUCCESS,7983.0
PAY00714,ORD00714,2026-05-16,UPI,SUCCESS,3652.0
PAY00715,ORD00715,2026-09-22,NET_BANKING,SUCCESS,6477.0
PAY00716,ORD00716,2025-11-01,COD,SUCCESS,6968.0
PAY00717,ORD00717,2025-10-07,UPI,SUCCESS,7885.0
PAY00718,ORD00718,2026-07-07,COD,SUCCESS,6488.0
PAY00719,ORD00719,2026-06-13,COD,REFUNDED,7663.0
PAY00720,ORD00720,2026-08-03,COD,SUCCESS,978.0
PAY00721,ORD00721,2026-04-19,NET_BANKING,SUCCESS,2693.0
PAY00722,ORD00722,2025-11-23,CARD,SUCCESS,598.0
PAY00723,ORD00723,2026-02-27,COD,SUCCESS,5149.0
PAY00724,ORD00724,2025-04-27,NET_BANKING,SUCCESS,1797.0
PAY00725,ORD00725,2026-05-13,CARD,SUCCESS,3392.0
PAY00726,ORD00726,2025-10-12,UPI,SUCCESS,3095.0
PAY00727,ORD00727,2025-01-21,COD,SUCCESS,2245.0
PAY00728,ORD00728,2025-03-07,UPI,SUCCESS,5891.0
PAY00729,ORD00729,2026-08-08,NET_BANKING,SUCCESS,2445.0
PAY00730,ORD00730,2026-06-22,COD,FAILED,2995.0
PAY00731,ORD00731,2025-11-17,NET_BANKING,SUCCESS,6991.0
PAY00732,ORD00732,2025-08-08,NET_BANKING,SUCCESS,6977.0
PAY00733,ORD00733,2026-07-13,CARD,REFUNDED,4295.0
PAY00734,ORD00734,2026-01-12,UPI,SUCCESS,1495.0
PAY00735,ORD00735,2025-02-25,COD,SUCCESS,4063.0
PAY00736,ORD00736,2026-01-07,CARD,SUCCESS,978.0
PAY00737,ORD00737,2026-03-30,UPI,SUCCESS,7441.0
PAY00738,ORD00738,2026-03-26,NET_BANKING,SUCCESS,10235.0
PAY00739,ORD00739,2026-03-09,COD,SUCCESS,1398.0
PAY00740,ORD00740,2025-09-25,UPI,SUCCESS,5678.0
PAY00741,ORD00741,2025-01-29,NET_BANKING,SUCCESS,1067.0
PAY00742,ORD00742,2025-07-24,CARD,SUCCESS,5551.0
PAY00743,ORD00743,2025-05-14,CARD,SUCCESS,11778.0
PAY00744,ORD00744,2025-12-02,CARD,SUCCESS,2545.0
PAY00745,ORD00745,2026-01-22,CARD,SUCCESS,9990.0
PAY00746,ORD00746,2025-08-23,CARD,SUCCESS,7806.0
PAY00747,ORD00747,2025-09-24,UPI,SUCCESS,5120.0
PAY00748,ORD00748,2026-04-10,UPI,SUCCESS,7188.0
PAY00749,ORD00749,2025-05-14,NET_BANKING,REFUNDED,2635.0
PAY00750,ORD00750,2025-07-04,CARD,SUCCESS,2795.0
PAY00751,ORD00751,2026-04-07,CARD,FAILED,2914.0
PAY00752,ORD00752,2025-05-17,UPI,REFUNDED,6137.0
PAY00753,ORD00753,2026-07-25,CARD,SUCCESS,9837.0
PAY00754,ORD00754,2025-02-16,UPI,SUCCESS,6087.0
PAY00755,ORD00755,2025-09-24,UPI,SUCCESS,7307.0
PAY00756,ORD00756,2025-09-24,CARD,SUCCESS,2116.0
PAY00757,ORD00757,2025-10-15,UPI,SUCCESS,11056.0
PAY00758,ORD00758,2026-05-19,NET_BANKING,SUCCESS,2655.0
PAY00759,ORD00759,2025-06-02,NET_BANKING,SUCCESS,2435.0
PAY00760,ORD00760,2026-04-24,UPI,SUCCESS,8163.0
PAY00761,ORD00761,2025-06-01,NET_BANKING,SUCCESS,1797.0
PAY00762,ORD00762,2025-06-22,UPI,SUCCESS,3952.0
PAY00763,ORD00763,2026-08-08,UPI,SUCCESS,2396.0
PAY00764,ORD00764,2025-04-07,CARD,SUCCESS,649.0
PAY00765,ORD00765,2026-01-18,UPI,SUCCESS,2097.0
PAY00766,ORD00766,2025-01-30,CARD,SUCCESS,4410.0
PAY00767,ORD00767,2026-04-09,COD,SUCCESS,2696.0
PAY00768,ORD00768,2025-02-26,CARD,FAILED,4072.0
PAY00769,ORD00769,2025-08-02,UPI,SUCCESS,7390.0
PAY00770,ORD00770,2026-03-19,UPI,SUCCESS,4374.0
PAY00771,ORD00771,2026-01-12,COD,SUCCESS,11235.0
PAY00772,ORD00772,2026-03-09,CARD,SUCCESS,2095.0
PAY00773,ORD00773,2026-06-10,COD,SUCCESS,15484.0
PAY00774,ORD00774,2025-10-25,COD,SUCCESS,5996.0
PAY00775,ORD00775,2025-06-02,UPI,SUCCESS,7038.0
PAY00776,ORD00776,2026-07-19,CARD,SUCCESS,489.0
PAY00777,ORD00777,2026-03-12,UPI,SUCCESS,5438.0
PAY00778,ORD00778,2026-05-31,NET_BANKING,SUCCESS,8871.0
PAY00779,ORD00779,2026-08-25,UPI,FAILED,4703.0
PAY00780,ORD00780,2026-09-11,COD,SUCCESS,2245.0
PAY00781,ORD00781,2025-01-06,NET_BANKING,FAILED,2116.0
PAY00782,ORD00782,2026-02-19,UPI,SUCCESS,5630.0
PAY00783,ORD00783,2025-01-15,UPI,SUCCESS,998.0
PAY00784,ORD00784,2025-01-28,NET_BANKING,SUCCESS,4191.0
PAY00785,ORD00785,2025-03-30,UPI,SUCCESS,4361.0
PAY00786,ORD00786,2026-05-12,NET_BANKING,SUCCESS,7437.0
PAY00787,ORD00787,2025-04-16,COD,FAILED,9582.0
PAY00788,ORD00788,2026-05-15,UPI,SUCCESS,6557.0
PAY00789,ORD00789,2025-03-07,CARD,SUCCESS,13894.0
PAY00790,ORD00790,2025-06-15,UPI,REFUNDED,2774.0
PAY00791,ORD00791,2025-08-13,COD,SUCCESS,8451.0
PAY00792,ORD00792,2026-02-04,COD,SUCCESS,7341.0
PAY00793,ORD00793,2025-03-30,NET_BANKING,SUCCESS,4053.0
PAY00794,ORD00794,2025-04-14,UPI,SUCCESS,4812.0
PAY00795,ORD00795,2025-06-12,CARD,SUCCESS,999.0
PAY00796,ORD00796,2026-03-17,CARD,SUCCESS,3054.0
PAY00797,ORD00797,2025-12-15,CARD,SUCCESS,4995.0
PAY00798,ORD00798,2025-06-04,NET_BANKING,SUCCESS,499.0
PAY00799,ORD00799,2026-03-25,NET_BANKING,SUCCESS,2745.0
PAY00800,ORD00800,2025-04-15,CARD,SUCCESS,489.0
PAY00801,ORD00801,2025-05-01,UPI,SUCCESS,7207.0
PAY00802,ORD00802,2025-04-12,NET_BANKING,SUCCESS,3963.0
PAY00803,ORD00803,2026-03-02,UPI,SUCCESS,2396.0
PAY00804,ORD00804,2025-10-21,COD,SUCCESS,1947.0
PAY00805,ORD00805,2026-03-01,NET_BANKING,SUCCESS,6641.0
PAY00806,ORD00806,2025-08-22,NET_BANKING,SUCCESS,5700.0
PAY00807,ORD00807,2025-01-11,NET_BANKING,SUCCESS,1647.0
PAY00808,ORD00808,2026-02-16,UPI,SUCCESS,2295.0
PAY00809,ORD00809,2025-06-04,CARD,SUCCESS,1495.0
PAY00810,ORD00810,2025-10-30,UPI,SUCCESS,4343.0
PAY00811,ORD00811,2026-06-25,COD,SUCCESS,2894.0
PAY00812,ORD00812,2026-07-12,CARD,SUCCESS,6190.0
PAY00813,ORD00813,2026-07-05,COD,SUCCESS,4465.0
PAY00814,ORD00814,2026-06-08,UPI,REFUNDED,3943.0
PAY00815,ORD00815,2025-09-22,COD,SUCCESS,2415.0
PAY00816,ORD00816,2026-06-04,UPI,FAILED,999.0
PAY00817,ORD00817,2025-11-02,COD,SUCCESS,1407.0
PAY00818,ORD00818,2026-08-19,COD,SUCCESS,4592.0
PAY00819,ORD00819,2025-05-24,UPI,REFUNDED,4990.0
PAY00820,ORD00820,2026-01-05,NET_BANKING,SUCCESS,2445.0
PAY00821,ORD00821,2025-03-05,UPI,SUCCESS,2475.0
PAY00822,ORD00822,2026-06-23,CARD,SUCCESS,9184.0
PAY00823,ORD00823,2025-06-16,NET_BANKING,SUCCESS,2874.0
PAY00824,ORD00824,2026-06-10,UPI,SUCCESS,998.0
PAY00825,ORD00825,2026-04-30,CARD,SUCCESS,2734.0
PAY00826,ORD00826,2026-02-23,NET_BANKING,SUCCESS,4192.0
PAY00827,ORD00827,2025-11-09,NET_BANKING,FAILED,4731.0
PAY00828,ORD00828,2025-02-19,CARD,SUCCESS,6193.0
PAY00829,ORD00829,2026-07-15,NET_BANKING,SUCCESS,1796.0
PAY00830,ORD00830,2025-11-14,UPI,SUCCESS,6831.0
PAY00831,ORD00831,2026-04-17,COD,SUCCESS,8315.0
PAY00832,ORD00832,2025-08-27,COD,SUCCESS,3752.0
PAY00833,ORD00833,2025-06-19,CARD,SUCCESS,3842.0
PAY00834,ORD00834,2026-09-26,COD,SUCCESS,2395.0
PAY00835,ORD00835,2026-05-03,COD,SUCCESS,2745.0
PAY00836,ORD00836,2025-01-20,UPI,SUCCESS,5791.0
PAY00837,ORD00837,2026-07-01,CARD,SUCCESS,7167.0
PAY00838,ORD00838,2026-06-25,CARD,SUCCESS,7840.0
PAY00839,ORD00839,2025-07-07,COD,SUCCESS,1587.0
PAY00840,ORD00840,2026-02-22,UPI,SUCCESS,1437.0
PAY00841,ORD00841,2025-01-28,UPI,SUCCESS,4441.0
PAY00842,ORD00842,2026-01-20,UPI,FAILED,998.0
PAY00843,ORD00843,2026-09-04,NET_BANKING,SUCCESS,6332.0
PAY00844,ORD00844,2026-07-21,COD,SUCCESS,6336.0
PAY00845,ORD00845,2025-04-14,UPI,SUCCESS,4512.0
PAY00846,ORD00846,2026-05-28,CARD,SUCCESS,1876.0
PAY00847,ORD00847,2026-03-10,COD,SUCCESS,5443.0
PAY00848,ORD00848,2026-05-09,NET_BANKING,SUCCESS,4940.0
PAY00849,ORD00849,2026-06-07,CARD,REFUNDED,2984.0
PAY00850,ORD00850,2025-04-02,COD,FAILED,1398.0
PAY00851,ORD00851,2026-07-24,COD,SUCCESS,6537.0
PAY00852,ORD00852,2025-11-26,UPI,SUCCESS,5898.0
PAY00853,ORD00853,2025-01-10,CARD,SUCCESS,5619.0
PAY00854,ORD00854,2025-02-01,COD,SUCCESS,5836.0
PAY00855,ORD00855,2025-01-09,CARD,SUCCESS,3166.0
PAY00856,ORD00856,2025-10-15,NET_BANKING,SUCCESS,3853.0
PAY00857,ORD00857,2026-01-07,COD,SUCCESS,6811.0
PAY00858,ORD00858,2025-10-12,UPI,SUCCESS,8683.0
PAY00859,ORD00859,2026-08-26,COD,SUCCESS,1587.0
PAY00860,ORD00860,2026-08-07,UPI,FAILED,5589.0
PAY00861,ORD00861,2026-07-28,COD,SUCCESS,449.0
PAY00862,ORD00862,2025-11-27,CARD,REFUNDED,8134.0
PAY00863,ORD00863,2025-02-14,UPI,SUCCESS,5241.0
PAY00864,ORD00864,2025-11-20,UPI,REFUNDED,2794.0
PAY00865,ORD00865,2025-08-20,NET_BANKING,SUCCESS,4672.0
PAY00866,ORD00866,2026-05-07,UPI,SUCCESS,1437.0
PAY00867,ORD00867,2025-09-14,CARD,SUCCESS,7887.0
PAY00868,ORD00868,2026-03-26,NET_BANKING,FAILED,5271.0
PAY00869,ORD00869,2025-05-11,CARD,SUCCESS,3423.0
PAY00870,ORD00870,2025-02-23,UPI,SUCCESS,7537.0
PAY00871,ORD00871,2026-01-29,NET_BANKING,SUCCESS,10517.0
PAY00872,ORD00872,2026-08-25,UPI,SUCCESS,2495.0
PAY00873,ORD00873,2025-03-11,NET_BANKING,SUCCESS,5393.0
PAY00874,ORD00874,2025-12-30,UPI,SUCCESS,8719.0
PAY00875,ORD00875,2026-06-10,COD,SUCCESS,4212.0
PAY00876,ORD00876,2026-09-10,COD,SUCCESS,2445.0
PAY00877,ORD00877,2026-07-27,CARD,SUCCESS,4192.0
PAY00878,ORD00878,2026-05-03,CARD,SUCCESS,10634.0
PAY00879,ORD00879,2025-12-03,NET_BANKING,SUCCESS,5933.0
PAY00880,ORD00880,2025-08-07,CARD,SUCCESS,4892.0
PAY00881,ORD00881,2025-01-07,NET_BANKING,SUCCESS,449.0
PAY00882,ORD00882,2025-04-28,COD,SUCCESS,2754.0
PAY00883,ORD00883,2025-06-28,NET_BANKING,SUCCESS,4451.0
PAY00884,ORD00884,2025-01-23,NET_BANKING,SUCCESS,5693.0
PAY00885,ORD00885,2025-08-04,UPI,SUCCESS,3345.0
PAY00886,ORD00886,2026-06-24,CARD,FAILED,7092.0
PAY00887,ORD00887,2026-01-23,CARD,REFUNDED,2902.0
PAY00888,ORD00888,2025-07-13,UPI,SUCCESS,3874.0
PAY00889,ORD00889,2025-05-10,UPI,SUCCESS,6937.0
PAY00890,ORD00890,2026-06-06,COD,SUCCESS,9233.0
PAY00891,ORD00891,2026-08-19,COD,SUCCESS,1198.0
PAY00892,ORD00892,2025-07-27,NET_BANKING,SUCCESS,3743.0
PAY00893,ORD00893,2026-01-22,CARD,SUCCESS,3434.0
PAY00894,ORD00894,2026-06-16,COD,SUCCESS,2345.0
PAY00895,ORD00895,2025-12-11,COD,SUCCESS,8109.0
PAY00896,ORD00896,2026-03-29,CARD,SUCCESS,449.0
PAY00897,ORD00897,2026-05-29,CARD,SUCCESS,2997.0
PAY00898,ORD00898,2025-08-22,UPI,SUCCESS,449.0
PAY00899,ORD00899,2025-07-25,COD,SUCCESS,7440.0
PAY00900,ORD00900,2026-07-11,NET_BANKING,REFUNDED,2997.0
PAY00901,ORD00901,2025-12-21,NET_BANKING,SUCCESS,6238.0
PAY00902,ORD00902,2026-02-12,CARD,SUCCESS,5340.0
PAY00903,ORD00903,2026-07-20,COD,REFUNDED,10088.0
PAY00904,ORD00904,2026-04-06,CARD,SUCCESS,898.0
PAY00905,ORD00905,2025-05-12,CARD,SUCCESS,1407.0
PAY00906,ORD00906,2025-08-19,CARD,SUCCESS,10478.0
PAY00907,ORD00907,2025-02-02,COD,SUCCESS,4640.0
PAY00908,ORD00908,2026-02-05,CARD,SUCCESS,4441.0
PAY00909,ORD00909,2026-05-02,COD,SUCCESS,5171.0
PAY00910,ORD00910,2026-09-10,NET_BANKING,SUCCESS,4043.0
PAY00911,ORD00911,2025-08-27,COD,SUCCESS,469.0
PAY00912,ORD00912,2026-06-15,NET_BANKING,SUCCESS,4845.0
PAY00913,ORD00913,2026-03-05,COD,SUCCESS,898.0
PAY00914,ORD00914,2025-07-30,COD,SUCCESS,9694.0
PAY00915,ORD00915,2025-07-26,CARD,FAILED,4621.0
PAY00916,ORD00916,2025-09-10,CARD,SUCCESS,8379.0
PAY00917,ORD00917,2025-11-01,UPI,SUCCESS,3893.0
PAY00918,ORD00918,2026-03-19,COD,SUCCESS,2415.0
PAY00919,ORD00919,2025-02-14,COD,FAILED,4142.0
PAY00920,ORD00920,2025-03-10,NET_BANKING,SUCCESS,8341.0
PAY00921,ORD00921,2026-01-13,COD,SUCCESS,1467.0
PAY00922,ORD00922,2026-04-07,UPI,SUCCESS,2455.0
PAY00923,ORD00923,2026-04-18,UPI,SUCCESS,3943.0
PAY00924,ORD00924,2026-04-21,UPI,FAILED,2745.0
PAY00925,ORD00925,2025-09-06,NET_BANKING,SUCCESS,6271.0
PAY00926,ORD00926,2025-10-29,UPI,SUCCESS,5378.0
PAY00927,ORD00927,2025-08-10,COD,SUCCESS,2964.0
PAY00928,ORD00928,2025-04-16,NET_BANKING,SUCCESS,2884.0
PAY00929,ORD00929,2025-07-26,UPI,SUCCESS,4894.0
PAY00930,ORD00930,2025-01-15,CARD,SUCCESS,3297.0
PAY00931,ORD00931,2025-04-09,UPI,SUCCESS,2615.0
PAY00932,ORD00932,2025-04-21,COD,SUCCESS,6038.0
PAY00933,ORD00933,2026-03-15,COD,FAILED,2545.0
PAY00934,ORD00934,2026-02-16,COD,SUCCESS,898.0
PAY00935,ORD00935,2025-08-14,UPI,SUCCESS,1676.0
PAY00936,ORD00936,2025-11-05,UPI,SUCCESS,5479.0
PAY00937,ORD00937,2026-02-02,CARD,SUCCESS,3463.0
PAY00938,ORD00938,2025-12-10,COD,SUCCESS,5337.0
PAY00939,ORD00939,2025-01-22,COD,SUCCESS,1298.0
PAY00940,ORD00940,2026-03-15,UPI,SUCCESS,998.0
PAY00941,ORD00941,2026-05-26,NET_BANKING,SUCCESS,1647.0
PAY00942,ORD00942,2026-09-05,UPI,SUCCESS,7187.0
PAY00943,ORD00943,2025-10-23,UPI,SUCCESS,3594.0
PAY00944,ORD00944,2025-07-30,CARD,SUCCESS,3493.0
PAY00945,ORD00945,2026-01-26,COD,FAILED,768.0
PAY00946,ORD00946,2026-05-19,COD,FAILED,1596.0
PAY00947,ORD00947,2025-04-04,COD,SUCCESS,2555.0
PAY00948,ORD00948,2026-04-24,COD,SUCCESS,3443.0
PAY00949,ORD00949,2025-11-07,NET_BANKING,SUCCESS,6568.0
PAY00950,ORD00950,2026-04-28,NET_BANKING,SUCCESS,9580.0
PAY00951,ORD00951,2025-11-04,CARD,SUCCESS,2475.0
PAY00952,ORD00952,2026-04-20,UPI,SUCCESS,3722.0
PAY00953,ORD00953,2026-04-26,COD,FAILED,6992.0
PAY00954,ORD00954,2026-02-19,CARD,SUCCESS,6067.0
PAY00955,ORD00955,2025-02-09,UPI,SUCCESS,2245.0
PAY00956,ORD00956,2025-07-18,NET_BANKING,SUCCESS,12488.0
PAY00957,ORD00957,2026-01-13,CARD,SUCCESS,7090.0
PAY00958,ORD00958,2025-01-29,UPI,FAILED,3554.0
PAY00959,ORD00959,2025-09-11,UPI,SUCCESS,2695.0
PAY00960,ORD00960,2026-08-24,COD,SUCCESS,978.0
PAY00961,ORD00961,2026-03-10,UPI,SUCCESS,14203.0
PAY00962,ORD00962,2026-02-26,NET_BANKING,SUCCESS,2745.0
PAY00963,ORD00963,2025-12-19,COD,SUCCESS,5292.0
PAY00964,ORD00964,2026-05-19,COD,SUCCESS,3996.0
PAY00965,ORD00965,2026-03-03,UPI,SUCCESS,7250.0
PAY00966,ORD00966,2025-04-23,COD,FAILED,1727.0
PAY00967,ORD00967,2025-07-16,CARD,SUCCESS,3223.0
PAY00968,ORD00968,2025-05-08,COD,FAILED,4511.0
PAY00969,ORD00969,2025-03-04,CARD,SUCCESS,1495.0
PAY00970,ORD00970,2025-02-12,COD,FAILED,2245.0
PAY00971,ORD00971,2025-09-30,COD,SUCCESS,7128.0
PAY00972,ORD00972,2025-09-03,UPI,SUCCESS,4121.0
PAY00973,ORD00973,2026-02-16,NET_BANKING,SUCCESS,2894.0
PAY00974,ORD00974,2025-09-12,UPI,SUCCESS,3932.0
PAY00975,ORD00975,2025-02-16,NET_BANKING,SUCCESS,5767.0
PAY00976,ORD00976,2026-09-20,UPI,SUCCESS,3222.0
PAY00977,ORD00977,2025-07-19,NET_BANKING,SUCCESS,2116.0
PAY00978,ORD00978,2025-03-31,NET_BANKING,SUCCESS,6079.0
PAY00979,ORD00979,2025-04-02,CARD,SUCCESS,1587.0
PAY00980,ORD00980,2026-01-28,COD,REFUNDED,2645.0
PAY00981,ORD00981,2025-05-20,CARD,SUCCESS,9037.0
PAY00982,ORD00982,2025-12-18,CARD,SUCCESS,7659.0
PAY00983,ORD00983,2025-10-25,COD,SUCCESS,2245.0
PAY00984,ORD00984,2025-07-12,COD,SUCCESS,1437.0
PAY00985,ORD00985,2025-11-17,UPI,SUCCESS,649.0
PAY00986,ORD00986,2026-07-03,NET_BANKING,SUCCESS,11633.0
PAY00987,ORD00987,2025-04-20,CARD,SUCCESS,8205.0
PAY00988,ORD00988,2025-05-30,UPI,SUCCESS,1437.0
PAY00989,ORD00989,2026-05-30,COD,SUCCESS,3245.0
PAY00990,ORD00990,2025-08-09,UPI,SUCCESS,4503.0
PAY00991,ORD00991,2026-05-15,NET_BANKING,SUCCESS,4310.0
PAY00992,ORD00992,2026-03-09,CARD,SUCCESS,5341.0
PAY00993,ORD00993,2025-07-19,CARD,SUCCESS,4890.0
PAY00994,ORD00994,2025-05-21,NET_BANKING,SUCCESS,8619.0
PAY00995,ORD00995,2025-06-01,CARD,SUCCESS,5510.0
PAY00996,ORD00996,2025-02-23,CARD,SUCCESS,3343.0
PAY00997,ORD00997,2025-09-04,CARD,SUCCESS,4591.0
PAY00998,ORD00998,2026-01-27,CARD,SUCCESS,8139.0
PAY00999,ORD00999,2025-01-24,UPI,SUCCESS,9235.0
PAY01000,ORD01000,2026-03-21,UPI,SUCCESS,2794.0
PAY01001,ORD01001,2026-02-20,NET_BANKING,SUCCESS,2245.0
PAY01002,ORD01002,2026-07-04,UPI,SUCCESS,3404.0
PAY01003,ORD01003,2026-09-06,UPI,SUCCESS,1956.0
PAY01004,ORD01004,2025-11-18,NET_BANKING,SUCCESS,1557.0
PAY01005,ORD01005,2025-09-20,CARD,SUCCESS,549.0
PAY01006,ORD01006,2025-11-02,UPI,SUCCESS,1047.0
PAY01007,ORD01007,2025-02-17,NET_BANKING,SUCCESS,4919.0
PAY01008,ORD01008,2025-11-17,CARD,SUCCESS,2146.0
PAY01009,ORD01009,2025-02-07,UPI,SUCCESS,11888.0
PAY01010,ORD01010,2026-08-29,COD,SUCCESS,2475.0
PAY01011,ORD01011,2025-09-19,NET_BANKING,FAILED,1856.0
PAY01012,ORD01012,2026-03-12,NET_BANKING,SUCCESS,2286.0
PAY01013,ORD01013,2025-07-17,CARD,SUCCESS,2995.0
PAY01014,ORD01014,2026-03-21,NET_BANKING,SUCCESS,3794.0
PAY01015,ORD01015,2026-07-16,NET_BANKING,SUCCESS,3442.0
PAY01016,ORD01016,2025-08-20,CARD,SUCCESS,898.0
PAY01017,ORD01017,2025-04-18,CARD,SUCCESS,2645.0
PAY01018,ORD01018,2025-11-10,CARD,SUCCESS,7954.0
PAY01019,ORD01019,2025-04-12,COD,SUCCESS,3794.0
PAY01020,ORD01020,2026-06-29,UPI,SUCCESS,5220.0
PAY01021,ORD01021,2026-01-23,NET_BANKING,SUCCESS,3990.0
PAY01022,ORD01022,2026-04-14,CARD,SUCCESS,6360.0
PAY01023,ORD01023,2025-08-23,NET_BANKING,SUCCESS,2596.0
PAY01024,ORD01024,2025-11-17,COD,SUCCESS,1098.0
PAY01025,ORD01025,2025-04-06,CARD,SUCCESS,1647.0
PAY01026,ORD01026,2026-05-20,UPI,SUCCESS,2245.0
PAY01027,ORD01027,2025-05-20,NET_BANKING,SUCCESS,449.0
PAY01028,ORD01028,2025-07-14,CARD,SUCCESS,1996.0
PAY01029,ORD01029,2026-07-02,CARD,SUCCESS,3990.0
PAY01030,ORD01030,2026-09-14,UPI,SUCCESS,3493.0
PAY01031,ORD01031,2025-03-18,NET_BANKING,SUCCESS,2285.0
PAY01032,ORD01032,2026-01-24,COD,SUCCESS,898.0
PAY01033,ORD01033,2026-07-07,NET_BANKING,SUCCESS,1947.0
PAY01034,ORD01034,2025-10-28,UPI,SUCCESS,2495.0
PAY01035,ORD01035,2025-08-11,CARD,SUCCESS,5996.0
PAY01036,ORD01036,2026-09-25,COD,SUCCESS,449.0
PAY01037,ORD01037,2026-04-17,UPI,SUCCESS,4441.0
PAY01038,ORD01038,2025-04-14,COD,SUCCESS,3723.0
PAY01039,ORD01039,2025-05-07,NET_BANKING,SUCCESS,1587.0
PAY01040,ORD01040,2026-04-27,NET_BANKING,SUCCESS,4121.0
PAY01041,ORD01041,2026-03-26,UPI,SUCCESS,2894.0
PAY01042,ORD01042,2025-10-19,UPI,SUCCESS,5189.0
PAY01043,ORD01043,2026-03-08,COD,SUCCESS,8804.0
PAY01044,ORD01044,2025-04-23,NET_BANKING,FAILED,1058.0
PAY01045,ORD01045,2026-05-28,CARD,SUCCESS,2693.0
PAY01046,ORD01046,2026-09-04,NET_BANKING,SUCCESS,11958.0
PAY01047,ORD01047,2026-06-08,CARD,SUCCESS,5492.0
PAY01048,ORD01048,2025-04-16,NET_BANKING,SUCCESS,4393.0
PAY01049,ORD01049,2025-05-04,COD,SUCCESS,1298.0
PAY01050,ORD01050,2025-05-30,COD,SUCCESS,3345.0
PAY01051,ORD01051,2026-06-22,UPI,SUCCESS,4192.0
PAY01052,ORD01052,2026-06-07,CARD,REFUNDED,649.0
PAY01053,ORD01053,2026-01-08,NET_BANKING,SUCCESS,3144.0
PAY01054,ORD01054,2025-01-01,UPI,SUCCESS,5511.0
PAY01055,ORD01055,2025-07-09,CARD,SUCCESS,6291.0
PAY01056,ORD01056,2026-01-05,CARD,SUCCESS,8927.0
PAY01057,ORD01057,2025-10-10,CARD,SUCCESS,6268.0
PAY01058,ORD01058,2025-07-15,CARD,SUCCESS,13195.0
PAY01059,ORD01059,2025-07-26,UPI,SUCCESS,3114.0
PAY01060,ORD01060,2025-09-16,NET_BANKING,SUCCESS,3764.0
PAY01061,ORD01061,2026-03-06,CARD,REFUNDED,2645.0
PAY01062,ORD01062,2025-05-13,UPI,SUCCESS,1998.0
PAY01063,ORD01063,2026-02-12,COD,SUCCESS,2116.0
PAY01064,ORD01064,2026-06-06,CARD,SUCCESS,5670.0
PAY01065,ORD01065,2026-08-30,CARD,SUCCESS,8859.0
PAY01066,ORD01066,2025-10-02,UPI,SUCCESS,3993.0
PAY01067,ORD01067,2025-02-10,CARD,SUCCESS,3855.0
PAY01068,ORD01068,2025-04-29,COD,REFUNDED,3621.0
PAY01069,ORD01069,2025-05-17,CARD,FAILED,2544.0
PAY01070,ORD01070,2025-10-14,CARD,SUCCESS,2445.0
PAY01071,ORD01071,2026-01-27,NET_BANKING,SUCCESS,7988.0
PAY01072,ORD01072,2026-03-29,CARD,SUCCESS,4550.0
PAY01073,ORD01073,2026-03-21,UPI,SUCCESS,6589.0
PAY01074,ORD01074,2025-07-04,CARD,SUCCESS,1298.0
PAY01075,ORD01075,2025-07-01,CARD,SUCCESS,2665.0
PAY01076,ORD01076,2026-04-11,NET_BANKING,SUCCESS,5649.0
PAY01077,ORD01077,2025-01-22,UPI,SUCCESS,999.0
PAY01078,ORD01078,2025-09-12,NET_BANKING,SUCCESS,1307.0
PAY01079,ORD01079,2025-12-13,UPI,SUCCESS,1198.0
PAY01080,ORD01080,2026-07-31,CARD,SUCCESS,3494.0
PAY01081,ORD01081,2025-02-27,NET_BANKING,FAILED,1337.0
PAY01082,ORD01082,2025-10-31,COD,SUCCESS,6848.0
PAY01083,ORD01083,2025-10-21,UPI,SUCCESS,2664.0
PAY01084,ORD01084,2025-10-16,CARD,SUCCESS,5792.0
PAY01085,ORD01085,2026-03-15,UPI,SUCCESS,1945.0
PAY01086,ORD01086,2025-10-21,CARD,SUCCESS,2596.0
PAY01087,ORD01087,2026-01-13,UPI,REFUNDED,999.0
PAY01088,ORD01088,2025-06-02,UPI,SUCCESS,3912.0
PAY01089,ORD01089,2026-05-05,NET_BANKING,SUCCESS,1916.0
PAY01090,ORD01090,2025-10-13,UPI,SUCCESS,9610.0
PAY01091,ORD01091,2026-03-11,CARD,SUCCESS,5948.0
PAY01092,ORD01092,2026-05-25,CARD,SUCCESS,12625.0
PAY01093,ORD01093,2025-08-13,UPI,SUCCESS,1397.0
PAY01094,ORD01094,2026-07-26,COD,SUCCESS,3146.0
PAY01095,ORD01095,2025-05-23,NET_BANKING,SUCCESS,9491.0
PAY01096,ORD01096,2025-08-04,CARD,SUCCESS,998.0
PAY01097,ORD01097,2025-05-27,CARD,SUCCESS,1996.0
PAY01098,ORD01098,2025-02-25,NET_BANKING,FAILED,2345.0
PAY01099,ORD01099,2025-06-11,UPI,SUCCESS,4073.0
PAY01100,ORD01100,2026-03-03,COD,SUCCESS,3433.0
PAY01101,ORD01101,2025-11-03,NET_BANKING,FAILED,3765.0
PAY01102,ORD01102,2025-03-03,NET_BANKING,SUCCESS,958.0
PAY01103,ORD01103,2025-06-14,UPI,SUCCESS,7184.0
PAY01104,ORD01104,2025-08-21,NET_BANKING,SUCCESS,5441.0
PAY01105,ORD01105,2025-05-09,UPI,FAILED,6897.0
PAY01106,ORD01106,2026-04-25,NET_BANKING,SUCCESS,6448.0
PAY01107,ORD01107,2025-04-17,UPI,SUCCESS,4642.0
PAY01108,ORD01108,2025-08-05,COD,SUCCESS,6074.0
PAY01109,ORD01109,2026-08-07,COD,SUCCESS,5990.0
PAY01110,ORD01110,2026-02-12,UPI,SUCCESS,4394.0
PAY01111,ORD01111,2026-02-22,NET_BANKING,SUCCESS,978.0
PAY01112,ORD01112,2026-08-25,CARD,SUCCESS,5001.0
PAY01113,ORD01113,2025-04-06,CARD,SUCCESS,4196.0
PAY01114,ORD01114,2026-05-29,NET_BANKING,SUCCESS,5991.0
PAY01115,ORD01115,2026-03-18,COD,SUCCESS,9988.0
PAY01116,ORD01116,2025-01-16,NET_BANKING,SUCCESS,4284.0
PAY01117,ORD01117,2025-11-18,CARD,SUCCESS,6239.0
PAY01118,ORD01118,2025-03-14,CARD,SUCCESS,12058.0
PAY01119,ORD01119,2026-01-08,NET_BANKING,SUCCESS,6626.0
PAY01120,ORD01120,2025-11-18,UPI,SUCCESS,4081.0
PAY01121,ORD01121,2026-07-29,CARD,SUCCESS,2596.0
PAY01122,ORD01122,2026-08-07,NET_BANKING,SUCCESS,2396.0
PAY01123,ORD01123,2026-04-19,COD,SUCCESS,8640.0
PAY01124,ORD01124,2025-07-04,COD,FAILED,7340.0
PAY01125,ORD01125,2026-05-13,CARD,SUCCESS,6917.0
PAY01126,ORD01126,2025-08-07,UPI,SUCCESS,1916.0
PAY01127,ORD01127,2026-01-06,NET_BANKING,SUCCESS,9788.0
PAY01128,ORD01128,2025-05-26,UPI,FAILED,7846.0
PAY01129,ORD01129,2025-02-25,NET_BANKING,SUCCESS,8607.0
PAY01130,ORD01130,2026-07-03,CARD,SUCCESS,3742.0
PAY01131,ORD01131,2025-01-11,UPI,SUCCESS,5240.0
PAY01132,ORD01132,2025-11-28,NET_BANKING,SUCCESS,4521.0
PAY01133,ORD01133,2026-02-21,CARD,SUCCESS,938.0
PAY01134,ORD01134,2026-04-06,CARD,SUCCESS,998.0
PAY01135,ORD01135,2025-07-12,COD,SUCCESS,2305.0
PAY01136,ORD01136,2025-07-15,CARD,FAILED,1347.0
PAY01137,ORD01137,2025-11-06,UPI,SUCCESS,1996.0
PAY01138,ORD01138,2026-04-12,CARD,SUCCESS,6758.0
PAY01139,ORD01139,2025-06-30,COD,SUCCESS,5419.0
PAY01140,ORD01140,2025-10-19,UPI,FAILED,1926.0
PAY01141,ORD01141,2025-01-17,CARD,SUCCESS,7605.0
PAY01142,ORD01142,2025-02-03,COD,SUCCESS,10928.0
PAY01143,ORD01143,2026-04-26,NET_BANKING,SUCCESS,5812.0
PAY01144,ORD01144,2025-08-18,COD,SUCCESS,6991.0
PAY01145,ORD01145,2026-03-01,COD,REFUNDED,1587.0
PAY01146,ORD01146,2026-06-16,NET_BANKING,SUCCESS,5249.0
PAY01147,ORD01147,2026-02-05,NET_BANKING,SUCCESS,8748.0
PAY01148,ORD01148,2025-11-22,COD,FAILED,8155.0
PAY01149,ORD01149,2025-09-24,NET_BANKING,SUCCESS,1048.0
PAY01150,ORD01150,2026-03-24,COD,SUCCESS,2974.0
PAY01151,ORD01151,2026-01-27,COD,SUCCESS,2005.0
PAY01152,ORD01152,2025-08-16,COD,FAILED,4993.0
PAY01153,ORD01153,2025-02-22,NET_BANKING,FAILED,1994.0
PAY01154,ORD01154,2026-04-16,NET_BANKING,SUCCESS,1098.0
PAY01155,ORD01155,2025-09-26,COD,REFUNDED,2196.0
PAY01156,ORD01156,2026-01-06,NET_BANKING,SUCCESS,2345.0
PAY01157,ORD01157,2025-03-17,UPI,FAILED,2396.0
PAY01158,ORD01158,2025-11-18,COD,SUCCESS,8797.0
PAY01159,ORD01159,2025-02-02,CARD,SUCCESS,5069.0
PAY01160,ORD01160,2026-06-19,COD,SUCCESS,2995.0
PAY01161,ORD01161,2026-07-03,UPI,SUCCESS,2496.0
PAY01162,ORD01162,2025-08-11,COD,SUCCESS,2845.0
PAY01163,ORD01163,2026-05-09,COD,SUCCESS,2245.0
PAY01164,ORD01164,2025-10-29,NET_BANKING,SUCCESS,7120.0
PAY01165,ORD01165,2026-02-07,COD,SUCCESS,8508.0
PAY01166,ORD01166,2026-09-03,COD,SUCCESS,7110.0
PAY01167,ORD01167,2025-12-28,NET_BANKING,SUCCESS,938.0
PAY01168,ORD01168,2025-02-04,NET_BANKING,SUCCESS,6587.0
PAY01169,ORD01169,2025-01-31,CARD,SUCCESS,3874.0
PAY01170,ORD01170,2026-01-16,COD,SUCCESS,2944.0
PAY01171,ORD01171,2026-08-05,COD,SUCCESS,3603.0
PAY01172,ORD01172,2025-08-06,UPI,SUCCESS,1467.0
PAY01173,ORD01173,2026-09-15,NET_BANKING,SUCCESS,1916.0
PAY01174,ORD01174,2026-03-22,COD,SUCCESS,8891.0
PAY01175,ORD01175,2026-03-08,COD,SUCCESS,6018.0
PAY01176,ORD01176,2025-01-19,CARD,SUCCESS,5996.0
PAY01177,ORD01177,2025-05-15,CARD,SUCCESS,8681.0
PAY01178,ORD01178,2026-03-02,UPI,FAILED,10290.0
PAY01179,ORD01179,2025-11-17,COD,SUCCESS,1347.0
PAY01180,ORD01180,2026-04-11,CARD,SUCCESS,2097.0
PAY01181,ORD01181,2026-09-25,UPI,SUCCESS,1897.0
PAY01182,ORD01182,2025-11-27,NET_BANKING,SUCCESS,6490.0
PAY01183,ORD01183,2025-02-14,NET_BANKING,SUCCESS,6688.0
PAY01184,ORD01184,2025-06-24,UPI,SUCCESS,7356.0
PAY01185,ORD01185,2026-06-25,UPI,SUCCESS,4130.0
PAY01186,ORD01186,2025-10-31,COD,SUCCESS,2276.0
PAY01187,ORD01187,2026-05-22,CARD,FAILED,598.0
PAY01188,ORD01188,2026-01-30,UPI,FAILED,898.0
PAY01189,ORD01189,2026-08-28,NET_BANKING,SUCCESS,7789.0
PAY01190,ORD01190,2025-05-14,COD,SUCCESS,5099.0
PAY01191,ORD01191,2025-03-12,CARD,SUCCESS,2144.0
PAY01192,ORD01192,2026-04-18,COD,SUCCESS,599.0
PAY01193,ORD01193,2026-04-17,CARD,SUCCESS,2345.0
PAY01194,ORD01194,2025-12-27,NET_BANKING,SUCCESS,1796.0
PAY01195,ORD01195,2025-06-04,NET_BANKING,SUCCESS,3782.0
PAY01196,ORD01196,2026-01-27,NET_BANKING,SUCCESS,11185.0
PAY01197,ORD01197,2026-05-21,CARD,SUCCESS,299.0
PAY01198,ORD01198,2025-09-12,UPI,SUCCESS,3044.0
PAY01199,ORD01199,2025-09-02,NET_BANKING,SUCCESS,1298.0
PAY01200,ORD01200,2026-09-28,CARD,SUCCESS,9639.0
PAY01201,ORD01201,2025-07-28,NET_BANKING,SUCCESS,2276.0
PAY01202,ORD01202,2026-09-30,CARD,SUCCESS,3494.0
PAY01203,ORD01203,2025-07-11,NET_BANKING,SUCCESS,4850.0
PAY01204,ORD01204,2025-09-28,NET_BANKING,SUCCESS,5294.0
PAY01205,ORD01205,2026-05-01,NET_BANKING,SUCCESS,5290.0
PAY01206,ORD01206,2025-08-22,COD,SUCCESS,1528.0
PAY01207,ORD01207,2025-12-10,UPI,FAILED,4800.0
PAY01208,ORD01208,2025-01-14,COD,FAILED,4780.0
PAY01209,ORD01209,2026-06-16,NET_BANKING,SUCCESS,2116.0
PAY01210,ORD01210,2025-08-14,UPI,FAILED,1387.0
PAY01211,ORD01211,2026-03-18,COD,SUCCESS,2396.0
PAY01212,ORD01212,2025-04-21,UPI,SUCCESS,11325.0
PAY01213,ORD01213,2025-10-10,CARD,SUCCESS,2395.0
PAY01214,ORD01214,2025-12-18,CARD,SUCCESS,1796.0
PAY01215,ORD01215,2025-12-22,UPI,SUCCESS,938.0
PAY01216,ORD01216,2025-06-03,COD,SUCCESS,3621.0
PAY01217,ORD01217,2025-03-08,CARD,SUCCESS,469.0
PAY01218,ORD01218,2025-10-17,UPI,SUCCESS,1996.0
PAY01219,ORD01219,2025-01-06,CARD,SUCCESS,1497.0
PAY01220,ORD01220,2025-12-25,UPI,FAILED,2645.0
PAY01221,ORD01221,2025-07-21,CARD,SUCCESS,1298.0
PAY01222,ORD01222,2026-04-30,UPI,SUCCESS,5192.0
PAY01223,ORD01223,2025-04-11,CARD,SUCCESS,6578.0
PAY01224,ORD01224,2026-08-16,CARD,FAILED,5241.0
PAY01225,ORD01225,2025-11-05,NET_BANKING,SUCCESS,4869.0
PAY01226,ORD01226,2026-03-24,COD,SUCCESS,5956.0
PAY01227,ORD01227,2026-03-07,NET_BANKING,SUCCESS,10319.0
PAY01228,ORD01228,2025-09-06,UPI,SUCCESS,4571.0
PAY01229,ORD01229,2026-02-07,CARD,SUCCESS,2345.0
PAY01230,ORD01230,2025-02-25,NET_BANKING,SUCCESS,4141.0
PAY01231,ORD01231,2025-10-25,COD,SUCCESS,6539.0
PAY01232,ORD01232,2025-07-29,COD,SUCCESS,4751.0
PAY01233,ORD01233,2026-05-12,COD,FAILED,3547.0
PAY01234,ORD01234,2025-05-04,CARD,SUCCESS,2945.0
PAY01235,ORD01235,2026-06-02,CARD,FAILED,1499.0
PAY01236,ORD01236,2026-02-19,NET_BANKING,SUCCESS,5292.0
PAY01237,ORD01237,2026-09-20,CARD,SUCCESS,898.0
PAY01238,ORD01238,2025-01-23,CARD,SUCCESS,3623.0
PAY01239,ORD01239,2026-05-07,COD,SUCCESS,1916.0
PAY01240,ORD01240,2025-10-09,CARD,SUCCESS,1876.0
PAY01241,ORD01241,2026-03-12,CARD,SUCCESS,4820.0
PAY01242,ORD01242,2025-02-04,NET_BANKING,SUCCESS,4810.0
PAY01243,ORD01243,2026-05-28,COD,SUCCESS,4241.0
PAY01244,ORD01244,2025-03-06,NET_BANKING,REFUNDED,3142.0
PAY01245,ORD01245,2025-05-24,UPI,SUCCESS,9988.0
PAY01246,ORD01246,2025-07-04,NET_BANKING,SUCCESS,6487.0
PAY01247,ORD01247,2026-09-25,CARD,SUCCESS,499.0
PAY01248,ORD01248,2025-06-12,NET_BANKING,SUCCESS,1876.0
PAY01249,ORD01249,2025-08-26,UPI,SUCCESS,4312.0
PAY01250,ORD01250,2025-03-07,CARD,SUCCESS,4042.0
PAY01251,ORD01251,2025-01-31,CARD,SUCCESS,5539.0
PAY01252,ORD01252,2025-07-24,UPI,SUCCESS,7127.0
PAY01253,ORD01253,2025-07-16,UPI,SUCCESS,299.0
PAY01254,ORD01254,2025-02-04,UPI,SUCCESS,1796.0
PAY01255,ORD01255,2026-07-14,CARD,SUCCESS,4839.0
PAY01256,ORD01256,2025-08-01,CARD,SUCCESS,5958.0
PAY01257,ORD01257,2026-01-21,NET_BANKING,SUCCESS,2645.0
PAY01258,ORD01258,2025-04-14,NET_BANKING,SUCCESS,3932.0
PAY01259,ORD01259,2025-08-18,COD,FAILED,8742.0
PAY01260,ORD01260,2025-06-11,COD,SUCCESS,2445.0
PAY01261,ORD01261,2026-06-15,NET_BANKING,SUCCESS,5219.0
PAY01262,ORD01262,2025-09-27,NET_BANKING,SUCCESS,1796.0
PAY01263,ORD01263,2025-07-25,CARD,SUCCESS,1058.0
PAY01264,ORD01264,2025-12-04,CARD,SUCCESS,2396.0
PAY01265,ORD01265,2026-08-01,CARD,REFUNDED,449.0
PAY01266,ORD01266,2026-03-03,CARD,SUCCESS,7495.0
PAY01267,ORD01267,2025-05-13,UPI,FAILED,549.0
PAY01268,ORD01268,2026-06-04,COD,SUCCESS,2016.0
PAY01269,ORD01269,2025-07-20,CARD,SUCCESS,9986.0
PAY01270,ORD01270,2026-01-22,CARD,SUCCESS,5429.0
PAY01271,ORD01271,2026-01-12,CARD,SUCCESS,4392.0
PAY01272,ORD01272,2025-08-21,COD,SUCCESS,999.0
PAY01273,ORD01273,2025-09-13,NET_BANKING,SUCCESS,998.0
PAY01274,ORD01274,2025-07-04,COD,SUCCESS,2933.0
PAY01275,ORD01275,2026-02-12,UPI,SUCCESS,299.0
PAY01276,ORD01276,2025-09-14,CARD,FAILED,2405.0
PAY01277,ORD01277,2025-11-06,NET_BANKING,SUCCESS,6189.0
PAY01278,ORD01278,2026-07-09,CARD,SUCCESS,1796.0
PAY01279,ORD01279,2026-09-29,UPI,SUCCESS,1198.0
PAY01280,ORD01280,2026-06-18,COD,SUCCESS,1547.0
PAY01281,ORD01281,2026-03-27,NET_BANKING,SUCCESS,8285.0
PAY01282,ORD01282,2025-03-28,CARD,SUCCESS,5271.0
PAY01283,ORD01283,2025-07-08,COD,SUCCESS,897.0
PAY01284,ORD01284,2026-07-09,COD,SUCCESS,7495.0
PAY01285,ORD01285,2025-12-11,COD,SUCCESS,4934.0
PAY01286,ORD01286,2026-09-29,UPI,SUCCESS,7787.0
PAY01287,ORD01287,2026-07-02,NET_BANKING,SUCCESS,2425.0
PAY01288,ORD01288,2025-10-08,UPI,SUCCESS,4464.0
PAY01289,ORD01289,2026-02-09,COD,SUCCESS,4891.0
PAY01290,ORD01290,2025-11-11,CARD,SUCCESS,5921.0
PAY01291,ORD01291,2025-01-10,NET_BANKING,SUCCESS,2623.0
PAY01292,ORD01292,2025-03-23,NET_BANKING,SUCCESS,4641.0
PAY01293,ORD01293,2026-05-22,COD,SUCCESS,3344.0
PAY01294,ORD01294,2025-04-28,UPI,SUCCESS,3641.0
PAY01295,ORD01295,2025-02-12,COD,SUCCESS,2994.0
PAY01296,ORD01296,2025-12-28,CARD,SUCCESS,958.0
PAY01297,ORD01297,2025-04-22,UPI,FAILED,11857.0
PAY01298,ORD01298,2026-03-02,NET_BANKING,SUCCESS,10826.0
PAY01299,ORD01299,2026-02-22,COD,REFUNDED,3204.0
PAY01300,ORD01300,2025-10-25,COD,SUCCESS,2745.0
PAY01301,ORD01301,2025-11-17,COD,SUCCESS,3413.0
PAY01302,ORD01302,2025-03-22,UPI,SUCCESS,4840.0
PAY01303,ORD01303,2026-03-05,NET_BANKING,SUCCESS,3495.0
PAY01304,ORD01304,2025-02-22,CARD,SUCCESS,5400.0
PAY01305,ORD01305,2026-01-06,NET_BANKING,SUCCESS,9190.0
PAY01306,ORD01306,2025-03-23,COD,SUCCESS,4497.0
PAY01307,ORD01307,2026-05-11,UPI,SUCCESS,7357.0
PAY01308,ORD01308,2026-08-22,UPI,SUCCESS,4095.0
PAY01309,ORD01309,2026-03-08,UPI,SUCCESS,1896.0
PAY01310,ORD01310,2026-04-10,NET_BANKING,SUCCESS,1347.0
PAY01311,ORD01311,2026-07-22,UPI,REFUNDED,4102.0
PAY01312,ORD01312,2026-06-12,NET_BANKING,SUCCESS,10726.0
PAY01313,ORD01313,2025-12-11,UPI,SUCCESS,2677.0
PAY01314,ORD01314,2025-12-30,UPI,SUCCESS,4669.0
PAY01315,ORD01315,2026-08-27,CARD,FAILED,529.0
PAY01316,ORD01316,2026-08-31,NET_BANKING,SUCCESS,6426.0
PAY01317,ORD01317,2025-11-01,NET_BANKING,FAILED,2395.0
PAY01318,ORD01318,2026-06-22,NET_BANKING,SUCCESS,4043.0
PAY01319,ORD01319,2026-06-16,NET_BANKING,SUCCESS,3494.0
PAY01320,ORD01320,2026-05-14,CARD,SUCCESS,4744.0
PAY01321,ORD01321,2025-08-26,NET_BANKING,SUCCESS,5740.0
PAY01322,ORD01322,2025-06-22,CARD,SUCCESS,7495.0
PAY01323,ORD01323,2025-07-19,NET_BANKING,SUCCESS,898.0
PAY01324,ORD01324,2026-08-08,UPI,SUCCESS,5490.0
PAY01325,ORD01325,2025-09-27,COD,SUCCESS,2146.0
PAY01326,ORD01326,2025-03-22,NET_BANKING,SUCCESS,2595.0
PAY01327,ORD01327,2025-12-10,NET_BANKING,SUCCESS,1497.0
PAY01328,ORD01328,2025-02-09,CARD,SUCCESS,2276.0
PAY01329,ORD01329,2026-08-24,COD,FAILED,3293.0
PAY01330,ORD01330,2026-05-12,UPI,SUCCESS,4791.0
PAY01331,ORD01331,2025-03-10,NET_BANKING,SUCCESS,2615.0
PAY01332,ORD01332,2025-09-27,CARD,SUCCESS,3441.0
PAY01333,ORD01333,2025-07-04,COD,SUCCESS,8592.0
PAY01334,ORD01334,2026-02-06,UPI,SUCCESS,8636.0
PAY01335,ORD01335,2026-03-12,CARD,SUCCESS,10586.0
PAY01336,ORD01336,2026-02-26,UPI,SUCCESS,1947.0
PAY01337,ORD01337,2025-08-09,UPI,SUCCESS,8756.0
PAY01338,ORD01338,2026-03-29,NET_BANKING,SUCCESS,8941.0
PAY01339,ORD01339,2025-02-16,COD,SUCCESS,6767.0
PAY01340,ORD01340,2025-05-13,NET_BANKING,REFUNDED,499.0
PAY01341,ORD01341,2026-01-24,COD,SUCCESS,8943.0
PAY01342,ORD01342,2025-08-04,UPI,SUCCESS,5441.0
PAY01343,ORD01343,2025-08-23,NET_BANKING,SUCCESS,6293.0
PAY01344,ORD01344,2026-07-21,NET_BANKING,FAILED,499.0
PAY01345,ORD01345,2026-06-24,COD,SUCCESS,5961.0
PAY01346,ORD01346,2025-09-11,NET_BANKING,SUCCESS,2796.0
PAY01347,ORD01347,2026-02-15,COD,SUCCESS,9440.0
PAY01348,ORD01348,2025-01-16,NET_BANKING,SUCCESS,4741.0
PAY01349,ORD01349,2026-09-13,UPI,FAILED,3413.0
PAY01350,ORD01350,2025-07-27,CARD,SUCCESS,12636.0
PAY01351,ORD01351,2025-10-19,COD,SUCCESS,3792.0
PAY01352,ORD01352,2026-01-17,UPI,SUCCESS,938.0
PAY01353,ORD01353,2025-01-26,COD,SUCCESS,4121.0
PAY01354,ORD01354,2025-11-15,NET_BANKING,SUCCESS,2745.0
PAY01355,ORD01355,2025-08-01,COD,SUCCESS,9752.0
PAY01356,ORD01356,2026-08-04,NET_BANKING,SUCCESS,3996.0
PAY01357,ORD01357,2026-02-26,NET_BANKING,SUCCESS,7237.0
PAY01358,ORD01358,2025-01-06,NET_BANKING,REFUNDED,6441.0
PAY01359,ORD01359,2025-11-17,NET_BANKING,SUCCESS,4141.0
PAY01360,ORD01360,2025-03-25,UPI,SUCCESS,4371.0
PAY01361,ORD01361,2025-07-22,COD,SUCCESS,1996.0
PAY01362,ORD01362,2025-06-24,NET_BANKING,SUCCESS,4531.0
PAY01363,ORD01363,2025-10-29,CARD,SUCCESS,4670.0
PAY01364,ORD01364,2025-10-25,COD,SUCCESS,5392.0
PAY01365,ORD01365,2025-09-15,UPI,SUCCESS,3896.0
PAY01366,ORD01366,2026-05-01,COD,SUCCESS,7062.0
PAY01367,ORD01367,2025-04-07,CARD,SUCCESS,5649.0
PAY01368,ORD01368,2025-12-25,CARD,SUCCESS,1047.0
PAY01369,ORD01369,2025-10-19,CARD,SUCCESS,8583.0
PAY01370,ORD01370,2025-07-27,COD,REFUNDED,2595.0
PAY01371,ORD01371,2025-09-27,COD,SUCCESS,6951.0
PAY01372,ORD01372,2026-08-13,COD,SUCCESS,5952.0
PAY01373,ORD01373,2025-08-26,NET_BANKING,FAILED,7495.0
PAY01374,ORD01374,2025-05-27,CARD,SUCCESS,449.0
PAY01375,ORD01375,2025-02-23,COD,SUCCESS,4209.0
PAY01376,ORD01376,2026-02-07,COD,SUCCESS,6796.0
PAY01377,ORD01377,2026-09-12,COD,SUCCESS,2295.0
PAY01378,ORD01378,2026-03-24,UPI,SUCCESS,8987.0
PAY01379,ORD01379,2025-01-26,COD,SUCCESS,9334.0
PAY01380,ORD01380,2025-07-15,NET_BANKING,SUCCESS,2497.0
PAY01381,ORD01381,2026-01-05,CARD,SUCCESS,1437.0
PAY01382,ORD01382,2025-04-07,CARD,SUCCESS,3403.0
PAY01383,ORD01383,2026-05-06,COD,SUCCESS,5540.0
PAY01384,ORD01384,2026-04-11,NET_BANKING,SUCCESS,2584.0
PAY01385,ORD01385,2025-06-06,COD,SUCCESS,2897.0
PAY01386,ORD01386,2025-05-03,COD,SUCCESS,449.0
PAY01387,ORD01387,2026-07-12,CARD,SUCCESS,1736.0
PAY01388,ORD01388,2025-11-21,UPI,SUCCESS,6892.0
PAY01389,ORD01389,2026-02-17,NET_BANKING,SUCCESS,1098.0
PAY01390,ORD01390,2026-05-29,NET_BANKING,SUCCESS,4481.0
PAY01391,ORD01391,2026-06-02,CARD,SUCCESS,1947.0
PAY01392,ORD01392,2025-12-26,COD,REFUNDED,6239.0
PAY01393,ORD01393,2025-04-03,CARD,SUCCESS,1587.0
PAY01394,ORD01394,2025-01-21,UPI,SUCCESS,1797.0
PAY01395,ORD01395,2025-03-25,NET_BANKING,REFUNDED,2696.0
PAY01396,ORD01396,2025-02-24,CARD,SUCCESS,10588.0
PAY01397,ORD01397,2025-07-12,NET_BANKING,SUCCESS,4183.0
PAY01398,ORD01398,2025-04-05,NET_BANKING,SUCCESS,6839.0
PAY01399,ORD01399,2026-08-23,COD,SUCCESS,2844.0
PAY01400,ORD01400,2025-12-17,NET_BANKING,SUCCESS,4563.0
PAY01401,ORD01401,2025-09-25,NET_BANKING,SUCCESS,978.0
PAY01402,ORD01402,2025-05-24,CARD,SUCCESS,4071.0
PAY01403,ORD01403,2025-04-18,CARD,SUCCESS,2116.0
PAY01404,ORD01404,2025-12-09,UPI,SUCCESS,1587.0
PAY01405,ORD01405,2025-06-16,COD,SUCCESS,6491.0
PAY01406,ORD01406,2026-08-31,COD,SUCCESS,6986.0
PAY01407,ORD01407,2026-02-15,UPI,SUCCESS,2955.0
PAY01408,ORD01408,2025-10-03,CARD,SUCCESS,7545.0
PAY01409,ORD01409,2026-08-05,UPI,SUCCESS,748.0
PAY01410,ORD01410,2025-05-25,COD,SUCCESS,4391.0
PAY01411,ORD01411,2025-03-24,UPI,SUCCESS,1996.0
PAY01412,ORD01412,2026-07-23,NET_BANKING,SUCCESS,4082.0
PAY01413,ORD01413,2026-02-08,NET_BANKING,SUCCESS,3921.0
PAY01414,ORD01414,2025-05-17,NET_BANKING,SUCCESS,10437.0
PAY01415,ORD01415,2025-03-15,COD,SUCCESS,2995.0
PAY01416,ORD01416,2025-08-29,NET_BANKING,SUCCESS,7936.0
PAY01417,ORD01417,2025-03-21,NET_BANKING,FAILED,1667.0
PAY01418,ORD01418,2026-03-22,UPI,REFUNDED,7076.0
PAY01419,ORD01419,2025-09-25,CARD,FAILED,6239.0
PAY01420,ORD01420,2025-04-14,COD,FAILED,11135.0
PAY01421,ORD01421,2026-04-11,COD,SUCCESS,8537.0
PAY01422,ORD01422,2026-04-07,COD,SUCCESS,6848.0
PAY01423,ORD01423,2026-01-28,CARD,SUCCESS,529.0
PAY01424,ORD01424,2026-08-28,CARD,SUCCESS,5420.0
PAY01425,ORD01425,2025-02-21,COD,FAILED,4641.0
PAY01426,ORD01426,2025-07-03,CARD,SUCCESS,5240.0
PAY01427,ORD01427,2025-02-07,CARD,SUCCESS,4711.0
PAY01428,ORD01428,2025-10-09,NET_BANKING,SUCCESS,8785.0
PAY01429,ORD01429,2025-12-01,CARD,SUCCESS,2475.0
PAY01430,ORD01430,2025-03-22,CARD,SUCCESS,5894.0
PAY01431,ORD01431,2026-03-20,NET_BANKING,SUCCESS,4682.0
PAY01432,ORD01432,2026-07-07,COD,SUCCESS,3496.0
PAY01433,ORD01433,2026-04-30,UPI,SUCCESS,7786.0
PAY01434,ORD01434,2025-07-05,CARD,SUCCESS,3493.0
PAY01435,ORD01435,2025-10-01,NET_BANKING,SUCCESS,3744.0
PAY01436,ORD01436,2026-09-19,NET_BANKING,SUCCESS,10874.0
PAY01437,ORD01437,2026-07-26,UPI,SUCCESS,8770.0
PAY01438,ORD01438,2026-06-30,COD,SUCCESS,7185.0
PAY01439,ORD01439,2025-03-27,CARD,SUCCESS,11939.0
PAY01440,ORD01440,2025-06-09,COD,SUCCESS,4191.0
PAY01441,ORD01441,2025-01-24,UPI,SUCCESS,5319.0
PAY01442,ORD01442,2026-01-23,UPI,SUCCESS,2196.0
PAY01443,ORD01443,2025-08-05,NET_BANKING,SUCCESS,11607.0
PAY01444,ORD01444,2025-08-11,COD,SUCCESS,10941.0
PAY01445,ORD01445,2026-06-30,COD,SUCCESS,9468.0
PAY01446,ORD01446,2025-01-04,UPI,SUCCESS,3663.0
PAY01447,ORD01447,2026-03-05,COD,SUCCESS,6686.0
PAY01448,ORD01448,2025-03-24,CARD,SUCCESS,5758.0
PAY01449,ORD01449,2026-01-15,COD,SUCCESS,8709.0
PAY01450,ORD01450,2025-07-24,CARD,FAILED,7137.0
PAY01451,ORD01451,2026-09-10,COD,SUCCESS,6641.0
PAY01452,ORD01452,2025-04-24,COD,SUCCESS,3924.0
PAY01453,ORD01453,2025-02-03,COD,SUCCESS,6307.0
PAY01454,ORD01454,2026-09-14,CARD,SUCCESS,1876.0
PAY01455,ORD01455,2025-03-03,CARD,SUCCESS,12584.0
PAY01456,ORD01456,2025-05-08,CARD,SUCCESS,3834.0
PAY01457,ORD01457,2025-12-14,CARD,SUCCESS,3405.0
PAY01458,ORD01458,2025-12-04,UPI,SUCCESS,1876.0
PAY01459,ORD01459,2025-09-08,NET_BANKING,SUCCESS,5350.0
PAY01460,ORD01460,2025-10-09,UPI,SUCCESS,2076.0
PAY01461,ORD01461,2026-01-15,UPI,SUCCESS,6858.0
PAY01462,ORD01462,2026-03-27,CARD,SUCCESS,2996.0
PAY01463,ORD01463,2025-10-27,NET_BANKING,SUCCESS,5090.0
PAY01464,ORD01464,2026-08-22,UPI,SUCCESS,10447.0
PAY01465,ORD01465,2025-06-24,UPI,SUCCESS,4492.0
PAY01466,ORD01466,2026-01-19,NET_BANKING,SUCCESS,5139.0
PAY01467,ORD01467,2025-03-08,COD,SUCCESS,9821.0
PAY01468,ORD01468,2025-07-21,UPI,FAILED,5488.0
PAY01469,ORD01469,2025-02-03,NET_BANKING,SUCCESS,2245.0
PAY01470,ORD01470,2025-10-05,NET_BANKING,SUCCESS,999.0
PAY01471,ORD01471,2026-08-04,COD,SUCCESS,3296.0
PAY01472,ORD01472,2026-04-13,COD,SUCCESS,2725.0
PAY01473,ORD01473,2025-11-07,UPI,SUCCESS,4911.0
PAY01474,ORD01474,2025-04-11,COD,SUCCESS,449.0
PAY01475,ORD01475,2026-05-05,UPI,SUCCESS,938.0
PAY01476,ORD01476,2026-07-10,CARD,FAILED,6469.0
PAY01477,ORD01477,2026-09-22,COD,FAILED,2596.0
PAY01478,ORD01478,2025-10-05,CARD,SUCCESS,4241.0
PAY01479,ORD01479,2025-11-03,CARD,SUCCESS,5490.0
PAY01480,ORD01480,2026-03-27,CARD,SUCCESS,3902.0
PAY01481,ORD01481,2026-05-23,COD,SUCCESS,3996.0
PAY01482,ORD01482,2025-11-08,UPI,SUCCESS,3173.0
PAY01483,ORD01483,2025-11-11,CARD,SUCCESS,4811.0
PAY01484,ORD01484,2026-08-08,CARD,FAILED,5312.0
PAY01485,ORD01485,2025-06-10,COD,SUCCESS,6648.0
PAY01486,ORD01486,2025-11-07,NET_BANKING,SUCCESS,7840.0
PAY01487,ORD01487,2026-07-31,COD,FAILED,11887.0
PAY01488,ORD01488,2025-10-08,NET_BANKING,SUCCESS,2694.0
PAY01489,ORD01489,2026-01-18,UPI,SUCCESS,9236.0
PAY01490,ORD01490,2026-03-27,NET_BANKING,SUCCESS,1098.0
PAY01491,ORD01491,2025-11-30,NET_BANKING,SUCCESS,7136.0
PAY01492,ORD01492,2026-01-20,COD,SUCCESS,897.0
PAY01493,ORD01493,2026-07-05,CARD,SUCCESS,4072.0
PAY01494,ORD01494,2025-06-05,UPI,FAILED,3853.0
PAY01495,ORD01495,2026-08-10,CARD,SUCCESS,4136.0
PAY01496,ORD01496,2025-11-18,NET_BANKING,SUCCESS,6403.0
PAY01497,ORD01497,2025-08-22,NET_BANKING,SUCCESS,5189.0
PAY01498,ORD01498,2025-01-24,COD,SUCCESS,11288.0
PAY01499,ORD01499,2025-01-17,UPI,SUCCESS,1467.0
PAY01500,ORD01500,2026-07-06,COD,SUCCESS,3543.0
PAY01501,ORD01501,2026-07-26,COD,SUCCESS,3444.0
PAY01502,ORD01502,2026-04-25,COD,SUCCESS,5643.0
PAY01503,ORD01503,2026-04-08,CARD,SUCCESS,1197.0
PAY01504,ORD01504,2026-08-13,NET_BANKING,FAILED,9157.0
PAY01505,ORD01505,2025-01-09,CARD,SUCCESS,8186.0
PAY01506,ORD01506,2026-08-12,UPI,SUCCESS,3196.0
PAY01507,ORD01507,2025-07-05,UPI,SUCCESS,1998.0
PAY01508,ORD01508,2025-12-23,UPI,SUCCESS,4093.0
PAY01509,ORD01509,2026-03-11,UPI,REFUNDED,5096.0
PAY01510,ORD01510,2026-03-27,UPI,SUCCESS,7369.0
PAY01511,ORD01511,2026-02-13,COD,SUCCESS,12193.0
PAY01512,ORD01512,2025-06-16,NET_BANKING,REFUNDED,2345.0
PAY01513,ORD01513,2025-11-21,UPI,SUCCESS,5742.0
PAY01514,ORD01514,2025-09-19,UPI,SUCCESS,7839.0
PAY01515,ORD01515,2025-11-14,UPI,SUCCESS,5090.0
PAY01516,ORD01516,2025-10-09,NET_BANKING,SUCCESS,4242.0
PAY01517,ORD01517,2026-06-16,UPI,SUCCESS,7987.0
PAY01518,ORD01518,2025-06-11,CARD,SUCCESS,3976.0
PAY01519,ORD01519,2025-04-23,COD,SUCCESS,938.0
PAY01520,ORD01520,2026-02-18,COD,SUCCESS,2325.0
PAY01521,ORD01521,2026-04-27,CARD,SUCCESS,3744.0
PAY01522,ORD01522,2026-09-05,UPI,SUCCESS,2176.0
PAY01523,ORD01523,2025-08-17,CARD,SUCCESS,2196.0
PAY01524,ORD01524,2026-03-02,NET_BANKING,SUCCESS,5738.0
PAY01525,ORD01525,2025-09-21,COD,FAILED,3671.0
PAY01526,ORD01526,2026-08-08,NET_BANKING,SUCCESS,2036.0
PAY01527,ORD01527,2025-03-26,UPI,SUCCESS,5630.0
PAY01528,ORD01528,2026-04-19,COD,SUCCESS,6481.0
PAY01529,ORD01529,2025-02-05,UPI,SUCCESS,3694.0
PAY01530,ORD01530,2025-09-01,NET_BANKING,SUCCESS,4371.0
PAY01531,ORD01531,2026-08-15,COD,SUCCESS,3802.0
PAY01532,ORD01532,2025-05-01,NET_BANKING,SUCCESS,6708.0
PAY01533,ORD01533,2025-04-09,CARD,SUCCESS,5062.0
PAY01534,ORD01534,2025-01-27,UPI,FAILED,2795.0
PAY01535,ORD01535,2026-07-18,CARD,SUCCESS,3893.0
PAY01536,ORD01536,2026-07-21,COD,SUCCESS,3495.0
PAY01537,ORD01537,2026-02-12,NET_BANKING,SUCCESS,1757.0
PAY01538,ORD01538,2025-12-29,UPI,SUCCESS,5890.0
PAY01539,ORD01539,2026-06-30,NET_BANKING,SUCCESS,2465.0
PAY01540,ORD01540,2025-04-13,COD,SUCCESS,6393.0
PAY01541,ORD01541,2026-09-17,NET_BANKING,SUCCESS,4093.0
PAY01542,ORD01542,2026-06-19,CARD,SUCCESS,3882.0
PAY01543,ORD01543,2026-07-24,COD,SUCCESS,9990.0
PAY01544,ORD01544,2025-03-10,NET_BANKING,SUCCESS,10788.0
PAY01545,ORD01545,2026-08-29,COD,SUCCESS,4143.0
PAY01546,ORD01546,2026-08-23,COD,SUCCESS,2605.0
PAY01547,ORD01547,2025-12-02,NET_BANKING,SUCCESS,1467.0
PAY01548,ORD01548,2025-04-16,CARD,SUCCESS,7035.0
PAY01549,ORD01549,2025-03-14,CARD,SUCCESS,8442.0
PAY01550,ORD01550,2026-04-23,COD,SUCCESS,7493.0
PAY01551,ORD01551,2026-06-20,COD,SUCCESS,6388.0
PAY01552,ORD01552,2025-04-18,NET_BANKING,SUCCESS,11089.0
PAY01553,ORD01553,2026-03-06,CARD,SUCCESS,3643.0
PAY01554,ORD01554,2026-05-22,COD,SUCCESS,9681.0
PAY01555,ORD01555,2026-09-14,UPI,SUCCESS,4142.0
PAY01556,ORD01556,2025-09-02,NET_BANKING,SUCCESS,8038.0
PAY01557,ORD01557,2026-06-20,UPI,SUCCESS,6888.0
PAY01558,ORD01558,2025-01-25,CARD,SUCCESS,4492.0
PAY01559,ORD01559,2025-12-19,COD,SUCCESS,2056.0
PAY01560,ORD01560,2025-09-27,CARD,SUCCESS,4462.0
PAY01561,ORD01561,2026-02-15,COD,SUCCESS,2106.0
PAY01562,ORD01562,2026-09-24,COD,SUCCESS,2046.0
PAY01563,ORD01563,2025-04-03,NET_BANKING,FAILED,3432.0
PAY01564,ORD01564,2026-05-13,CARD,SUCCESS,5873.0
PAY01565,ORD01565,2026-08-19,COD,SUCCESS,7449.0
PAY01566,ORD01566,2025-03-19,NET_BANKING,SUCCESS,2495.0
PAY01567,ORD01567,2026-02-19,CARD,SUCCESS,3842.0
PAY01568,ORD01568,2025-05-17,CARD,SUCCESS,2097.0
PAY01569,ORD01569,2026-08-07,CARD,SUCCESS,4541.0
PAY01570,ORD01570,2025-10-08,COD,SUCCESS,2396.0
PAY01571,ORD01571,2025-08-20,CARD,SUCCESS,2585.0
PAY01572,ORD01572,2025-01-22,NET_BANKING,SUCCESS,8694.0
PAY01573,ORD01573,2026-06-16,COD,SUCCESS,9937.0
PAY01574,ORD01574,2025-08-29,UPI,SUCCESS,5290.0
PAY01575,ORD01575,2025-05-12,COD,SUCCESS,6028.0
PAY01576,ORD01576,2025-10-03,CARD,SUCCESS,2345.0
PAY01577,ORD01577,2026-05-25,CARD,SUCCESS,529.0
PAY01578,ORD01578,2026-04-05,UPI,SUCCESS,4497.0
PAY01579,ORD01579,2025-06-01,CARD,SUCCESS,4891.0
PAY01580,ORD01580,2026-09-05,CARD,SUCCESS,3593.0
PAY01581,ORD01581,2025-11-08,UPI,SUCCESS,7626.0
PAY01582,ORD01582,2026-01-02,CARD,SUCCESS,479.0
PAY01583,ORD01583,2026-02-28,CARD,SUCCESS,2156.0
PAY01584,ORD01584,2026-05-22,COD,SUCCESS,10537.0
PAY01585,ORD01585,2026-05-01,UPI,SUCCESS,5281.0
PAY01586,ORD01586,2025-09-16,CARD,SUCCESS,2196.0
PAY01587,ORD01587,2025-03-25,NET_BANKING,SUCCESS,1467.0
PAY01588,ORD01588,2026-09-13,NET_BANKING,SUCCESS,897.0
PAY01589,ORD01589,2025-06-22,UPI,SUCCESS,1497.0
PAY01590,ORD01590,2025-11-10,UPI,SUCCESS,6259.0
PAY01591,ORD01591,2026-07-03,COD,SUCCESS,5490.0
PAY01592,ORD01592,2025-07-01,UPI,SUCCESS,2485.0
PAY01593,ORD01593,2025-02-09,COD,SUCCESS,2997.0
PAY01594,ORD01594,2025-10-26,UPI,SUCCESS,1447.0
PAY01595,ORD01595,2025-07-17,NET_BANKING,SUCCESS,3561.0
PAY01596,ORD01596,2026-07-22,NET_BANKING,SUCCESS,3014.0
PAY01597,ORD01597,2026-02-18,NET_BANKING,SUCCESS,5996.0
PAY01598,ORD01598,2026-08-29,COD,SUCCESS,897.0
PAY01599,ORD01599,2026-06-24,NET_BANKING,SUCCESS,7458.0
PAY01600,ORD01600,2025-07-22,COD,SUCCESS,6640.0
PAY01601,ORD01601,2026-07-29,NET_BANKING,FAILED,6991.0
PAY01602,ORD01602,2025-04-02,UPI,SUCCESS,2544.0
PAY01603,ORD01603,2025-02-18,CARD,SUCCESS,8084.0
PAY01604,ORD01604,2026-01-15,CARD,SUCCESS,2998.0
PAY01605,ORD01605,2026-04-14,CARD,SUCCESS,1397.0
PAY01606,ORD01606,2025-07-31,NET_BANKING,SUCCESS,1996.0
PAY01607,ORD01607,2025-04-30,CARD,SUCCESS,2998.0
PAY01608,ORD01608,2025-12-05,CARD,SUCCESS,5040.0
PAY01609,ORD01609,2026-09-29,UPI,SUCCESS,9348.0
PAY01610,ORD01610,2025-01-11,CARD,SUCCESS,7067.0
PAY01611,ORD01611,2026-04-05,CARD,SUCCESS,848.0
PAY01612,ORD01612,2026-05-16,UPI,SUCCESS,6858.0
PAY01613,ORD01613,2025-10-19,NET_BANKING,SUCCESS,5693.0
PAY01614,ORD01614,2026-05-25,UPI,FAILED,1876.0
PAY01615,ORD01615,2025-04-25,NET_BANKING,SUCCESS,8118.0
PAY01616,ORD01616,2026-03-25,NET_BANKING,SUCCESS,6288.0
PAY01617,ORD01617,2026-08-06,COD,SUCCESS,2745.0
PAY01618,ORD01618,2026-04-19,UPI,SUCCESS,1796.0
PAY01619,ORD01619,2025-10-26,CARD,SUCCESS,1955.0
PAY01620,ORD01620,2026-03-26,UPI,SUCCESS,8795.0
PAY01621,ORD01621,2026-07-15,NET_BANKING,SUCCESS,549.0
PAY01622,ORD01622,2026-06-15,UPI,SUCCESS,1946.0
PAY01623,ORD01623,2025-04-17,CARD,SUCCESS,449.0
PAY01624,ORD01624,2025-03-01,UPI,SUCCESS,1398.0
PAY01625,ORD01625,2025-02-06,CARD,SUCCESS,1996.0
PAY01626,ORD01626,2026-08-09,COD,SUCCESS,3950.0
PAY01627,ORD01627,2025-09-14,NET_BANKING,SUCCESS,6930.0
PAY01628,ORD01628,2025-06-28,UPI,SUCCESS,5110.0
PAY01629,ORD01629,2026-04-16,UPI,SUCCESS,2405.0
PAY01630,ORD01630,2026-02-20,CARD,SUCCESS,11366.0
PAY01631,ORD01631,2026-02-13,CARD,SUCCESS,8693.0
PAY01632,ORD01632,2026-09-26,UPI,SUCCESS,7358.0
PAY01633,ORD01633,2026-04-27,CARD,FAILED,6251.0
PAY01634,ORD01634,2026-07-19,CARD,FAILED,9499.0
PAY01635,ORD01635,2025-06-26,UPI,SUCCESS,2393.0
PAY01636,ORD01636,2026-02-26,NET_BANKING,SUCCESS,3394.0
PAY01637,ORD01637,2026-09-18,NET_BANKING,SUCCESS,299.0
PAY01638,ORD01638,2025-03-08,NET_BANKING,SUCCESS,1499.0
PAY01639,ORD01639,2025-04-03,CARD,SUCCESS,3224.0
PAY01640,ORD01640,2025-11-20,CARD,SUCCESS,5898.0
PAY01641,ORD01641,2025-06-05,CARD,SUCCESS,2445.0
PAY01642,ORD01642,2025-06-12,NET_BANKING,SUCCESS,8392.0
PAY01643,ORD01643,2025-02-10,CARD,SUCCESS,9327.0
PAY01644,ORD01644,2026-08-09,NET_BANKING,SUCCESS,2345.0
PAY01645,ORD01645,2025-12-14,UPI,SUCCESS,7128.0
PAY01646,ORD01646,2025-06-03,UPI,SUCCESS,1346.0
PAY01647,ORD01647,2026-09-10,NET_BANKING,SUCCESS,5430.0
PAY01648,ORD01648,2025-10-14,NET_BANKING,SUCCESS,1407.0
PAY01649,ORD01649,2025-06-20,NET_BANKING,SUCCESS,4093.0
PAY01650,ORD01650,2025-12-12,UPI,SUCCESS,4131.0
PAY01651,ORD01651,2026-08-11,UPI,SUCCESS,6799.0
PAY01652,ORD01652,2026-06-09,CARD,SUCCESS,6147.0
PAY01653,ORD01653,2025-10-16,CARD,SUCCESS,7240.0
PAY01654,ORD01654,2025-05-12,CARD,SUCCESS,599.0
PAY01655,ORD01655,2026-01-18,CARD,SUCCESS,1548.0
PAY01656,ORD01656,2025-01-14,CARD,SUCCESS,5989.0
PAY01657,ORD01657,2025-12-05,UPI,SUCCESS,479.0
PAY01658,ORD01658,2025-05-23,COD,SUCCESS,529.0
PAY01659,ORD01659,2025-04-04,UPI,SUCCESS,2595.0
PAY01660,ORD01660,2026-06-27,NET_BANKING,SUCCESS,3433.0
PAY01661,ORD01661,2025-10-22,UPI,SUCCESS,938.0
PAY01662,ORD01662,2025-01-07,NET_BANKING,SUCCESS,5890.0
PAY01663,ORD01663,2025-07-13,COD,SUCCESS,1198.0
PAY01664,ORD01664,2025-11-26,CARD,SUCCESS,3992.0
PAY01665,ORD01665,2026-02-27,UPI,SUCCESS,5940.0
PAY01666,ORD01666,2025-09-15,COD,SUCCESS,2545.0
PAY01667,ORD01667,2025-03-03,UPI,SUCCESS,4991.0
PAY01668,ORD01668,2026-01-06,NET_BANKING,SUCCESS,1437.0
PAY01669,ORD01669,2025-11-23,NET_BANKING,SUCCESS,6388.0
PAY01670,ORD01670,2025-06-24,UPI,SUCCESS,6019.0
PAY01671,ORD01671,2026-04-21,NET_BANKING,SUCCESS,5992.0
PAY01672,ORD01672,2025-01-26,CARD,SUCCESS,4591.0
PAY01673,ORD01673,2026-03-21,COD,SUCCESS,2016.0
PAY01674,ORD01674,2025-01-17,NET_BANKING,SUCCESS,1747.0
PAY01675,ORD01675,2026-02-06,UPI,SUCCESS,10867.0
PAY01676,ORD01676,2025-06-13,CARD,REFUNDED,449.0
PAY01677,ORD01677,2025-11-28,NET_BANKING,SUCCESS,5270.0
PAY01678,ORD01678,2025-01-14,NET_BANKING,SUCCESS,2842.0
PAY01679,ORD01679,2026-09-19,CARD,SUCCESS,3414.0
PAY01680,ORD01680,2025-05-12,COD,SUCCESS,5479.0
PAY01681,ORD01681,2025-08-28,UPI,SUCCESS,6239.0
PAY01682,ORD01682,2025-12-06,NET_BANKING,SUCCESS,4243.0
PAY01683,ORD01683,2026-08-31,CARD,SUCCESS,2355.0
PAY01684,ORD01684,2026-06-08,CARD,SUCCESS,7356.0
PAY01685,ORD01685,2025-09-30,NET_BANKING,SUCCESS,7890.0
PAY01686,ORD01686,2025-08-17,UPI,SUCCESS,6249.0
PAY01687,ORD01687,2025-10-07,COD,SUCCESS,6337.0
PAY01688,ORD01688,2025-03-04,UPI,SUCCESS,5442.0
PAY01689,ORD01689,2026-01-21,NET_BANKING,SUCCESS,1947.0
PAY01690,ORD01690,2025-05-28,NET_BANKING,SUCCESS,1196.0
PAY01691,ORD01691,2026-01-13,COD,SUCCESS,3371.0
PAY01692,ORD01692,2026-09-01,NET_BANKING,SUCCESS,5290.0
PAY01693,ORD01693,2025-10-19,NET_BANKING,SUCCESS,948.0
PAY01694,ORD01694,2025-12-01,UPI,SUCCESS,4860.0
PAY01695,ORD01695,2026-03-21,NET_BANKING,SUCCESS,7824.0
PAY01696,ORD01696,2026-06-08,NET_BANKING,SUCCESS,1567.0
PAY01697,ORD01697,2025-04-15,COD,SUCCESS,4644.0
PAY01698,ORD01698,2025-03-25,COD,SUCCESS,1876.0
PAY01699,ORD01699,2025-03-05,UPI,SUCCESS,4641.0
PAY01700,ORD01700,2025-09-25,CARD,FAILED,1495.0
PAY01701,ORD01701,2025-02-23,COD,SUCCESS,1467.0
PAY01702,ORD01702,2025-08-27,NET_BANKING,SUCCESS,3263.0
PAY01703,ORD01703,2026-02-10,NET_BANKING,SUCCESS,4670.0
PAY01704,ORD01704,2025-07-24,COD,SUCCESS,2875.0
PAY01705,ORD01705,2025-03-24,UPI,SUCCESS,4412.0
PAY01706,ORD01706,2025-01-08,COD,REFUNDED,6099.0
PAY01707,ORD01707,2025-07-26,UPI,SUCCESS,5242.0
PAY01708,ORD01708,2025-10-20,COD,SUCCESS,4401.0
PAY01709,ORD01709,2026-02-01,CARD,SUCCESS,5992.0
PAY01710,ORD01710,2025-08-08,NET_BANKING,SUCCESS,4740.0
PAY01711,ORD01711,2026-06-08,COD,SUCCESS,1198.0
PAY01712,ORD01712,2025-12-08,UPI,FAILED,7065.0
PAY01713,ORD01713,2026-09-04,UPI,SUCCESS,1028.0
PAY01714,ORD01714,2025-02-01,CARD,SUCCESS,649.0
PAY01715,ORD01715,2026-04-01,UPI,FAILED,2645.0
PAY01716,ORD01716,2025-07-15,COD,SUCCESS,2945.0
PAY01717,ORD01717,2025-05-03,UPI,SUCCESS,3864.0
PAY01718,ORD01718,2025-01-15,CARD,SUCCESS,5840.0
PAY01719,ORD01719,2025-10-04,COD,SUCCESS,6509.0
PAY01720,ORD01720,2025-02-08,UPI,SUCCESS,3912.0
PAY01721,ORD01721,2026-05-06,UPI,SUCCESS,4192.0
PAY01722,ORD01722,2025-01-02,CARD,SUCCESS,3495.0
PAY01723,ORD01723,2026-03-22,UPI,SUCCESS,5792.0
PAY01724,ORD01724,2026-01-12,COD,SUCCESS,6955.0
PAY01725,ORD01725,2025-12-22,CARD,SUCCESS,12865.0
PAY01726,ORD01726,2026-03-19,NET_BANKING,SUCCESS,8409.0
PAY01727,ORD01727,2026-07-07,UPI,SUCCESS,6992.0
PAY01728,ORD01728,2025-05-29,NET_BANKING,SUCCESS,5493.0
PAY01729,ORD01729,2025-07-30,CARD,REFUNDED,14184.0
PAY01730,ORD01730,2026-08-13,NET_BANKING,SUCCESS,3893.0
PAY01731,ORD01731,2025-11-30,UPI,SUCCESS,10349.0
PAY01732,ORD01732,2026-02-22,CARD,SUCCESS,2396.0
PAY01733,ORD01733,2025-07-12,COD,SUCCESS,938.0
PAY01734,ORD01734,2025-03-15,NET_BANKING,SUCCESS,6040.0
PAY01735,ORD01735,2025-04-09,COD,SUCCESS,4996.0
PAY01736,ORD01736,2025-08-01,UPI,SUCCESS,1647.0
PAY01737,ORD01737,2025-05-02,COD,FAILED,4339.0
PAY01738,ORD01738,2026-01-19,UPI,SUCCESS,11555.0
PAY01739,ORD01739,2026-05-27,CARD,SUCCESS,2596.0
PAY01740,ORD01740,2026-01-28,COD,SUCCESS,2245.0
PAY01741,ORD01741,2025-12-26,UPI,SUCCESS,9137.0
PAY01742,ORD01742,2025-03-26,NET_BANKING,SUCCESS,1876.0
PAY01743,ORD01743,2025-12-12,UPI,FAILED,8095.0
PAY01744,ORD01744,2025-01-11,NET_BANKING,SUCCESS,7495.0
PAY01745,ORD01745,2025-03-12,UPI,SUCCESS,7426.0
PAY01746,ORD01746,2026-06-14,CARD,SUCCESS,9025.0
PAY01747,ORD01747,2025-06-08,UPI,SUCCESS,2396.0
PAY01748,ORD01748,2025-09-13,COD,SUCCESS,2346.0
PAY01749,ORD01749,2025-08-17,COD,FAILED,3434.0
PAY01750,ORD01750,2026-09-12,COD,FAILED,8817.0
PAY01751,ORD01751,2026-07-11,UPI,SUCCESS,3583.0
PAY01752,ORD01752,2026-01-02,COD,SUCCESS,2028.0
PAY01753,ORD01753,2025-03-30,NET_BANKING,SUCCESS,3242.0
PAY01754,ORD01754,2025-09-27,NET_BANKING,SUCCESS,2724.0
PAY01755,ORD01755,2025-08-26,COD,SUCCESS,4712.0
PAY01756,ORD01756,2026-06-07,UPI,SUCCESS,1467.0
PAY01757,ORD01757,2026-06-28,CARD,SUCCESS,2994.0
PAY01758,ORD01758,2026-05-02,COD,SUCCESS,4841.0
PAY01759,ORD01759,2026-07-09,NET_BANKING,SUCCESS,1058.0
PAY01760,ORD01760,2026-06-07,CARD,SUCCESS,2345.0
PAY01761,ORD01761,2026-08-03,NET_BANKING,SUCCESS,6138.0
PAY01762,ORD01762,2025-11-25,CARD,SUCCESS,1797.0
PAY01763,ORD01763,2026-04-06,CARD,FAILED,4641.0
PAY01764,ORD01764,2026-06-06,UPI,SUCCESS,4432.0
PAY01765,ORD01765,2025-03-18,CARD,SUCCESS,449.0
PAY01766,ORD01766,2025-03-28,COD,FAILED,1896.0
PAY01767,ORD01767,2026-02-07,UPI,SUCCESS,6809.0
PAY01768,ORD01768,2026-04-27,COD,SUCCESS,13380.0
PAY01769,ORD01769,2026-04-26,NET_BANKING,SUCCESS,5450.0
PAY01770,ORD01770,2025-10-23,COD,SUCCESS,8393.0
PAY01771,ORD01771,2025-12-23,COD,SUCCESS,5291.0
PAY01772,ORD01772,2025-09-28,CARD,SUCCESS,3435.0
PAY01773,ORD01773,2026-01-06,COD,SUCCESS,8928.0
PAY01774,ORD01774,2025-10-26,CARD,SUCCESS,3435.0
PAY01775,ORD01775,2026-05-24,COD,SUCCESS,7276.0
PAY01776,ORD01776,2026-09-13,UPI,SUCCESS,2245.0
PAY01777,ORD01777,2025-01-04,COD,FAILED,11937.0
PAY01778,ORD01778,2026-08-05,COD,SUCCESS,4540.0
PAY01779,ORD01779,2026-03-24,CARD,SUCCESS,1058.0
PAY01780,ORD01780,2026-01-06,UPI,SUCCESS,499.0
PAY01781,ORD01781,2025-04-21,CARD,SUCCESS,4663.0
PAY01782,ORD01782,2026-08-04,CARD,SUCCESS,2245.0
PAY01783,ORD01783,2025-10-11,UPI,FAILED,10490.0
PAY01784,ORD01784,2025-10-01,NET_BANKING,FAILED,6339.0
PAY01785,ORD01785,2025-08-14,CARD,SUCCESS,6577.0
PAY01786,ORD01786,2025-10-04,NET_BANKING,SUCCESS,1098.0
PAY01787,ORD01787,2026-02-21,NET_BANKING,SUCCESS,3863.0
PAY01788,ORD01788,2025-11-12,CARD,SUCCESS,7857.0
PAY01789,ORD01789,2026-01-29,COD,SUCCESS,10195.0
PAY01790,ORD01790,2025-11-26,COD,SUCCESS,6509.0
PAY01791,ORD01791,2026-01-22,CARD,SUCCESS,10788.0
PAY01792,ORD01792,2025-08-25,COD,SUCCESS,4570.0
PAY01793,ORD01793,2025-12-20,COD,SUCCESS,1876.0
PAY01794,ORD01794,2026-04-02,COD,SUCCESS,1347.0
PAY01795,ORD01795,2025-08-23,UPI,SUCCESS,7078.0
PAY01796,ORD01796,2026-06-28,COD,REFUNDED,1347.0
PAY01797,ORD01797,2025-08-23,UPI,SUCCESS,3224.0
PAY01798,ORD01798,2025-03-23,UPI,SUCCESS,5001.0
PAY01799,ORD01799,2025-07-10,UPI,SUCCESS,4292.0
PAY01800,ORD01800,2026-08-10,UPI,SUCCESS,4552.0
PAY01801,ORD01801,2025-06-21,UPI,SUCCESS,978.0
PAY01802,ORD01802,2025-04-14,NET_BANKING,SUCCESS,4701.0
PAY01803,ORD01803,2026-01-13,NET_BANKING,SUCCESS,1507.0
PAY01804,ORD01804,2025-06-25,COD,SUCCESS,2445.0
PAY01805,ORD01805,2025-02-28,COD,SUCCESS,1936.0
PAY01806,ORD01806,2026-09-16,COD,SUCCESS,4535.0
PAY01807,ORD01807,2026-09-13,COD,SUCCESS,898.0
PAY01808,ORD01808,2025-10-22,NET_BANKING,SUCCESS,9692.0
PAY01809,ORD01809,2026-06-17,COD,SUCCESS,8097.0
PAY01810,ORD01810,2025-02-07,NET_BANKING,SUCCESS,8287.0
PAY01811,ORD01811,2025-11-03,COD,SUCCESS,5663.0
PAY01812,ORD01812,2025-05-31,CARD,SUCCESS,4893.0
PAY01813,ORD01813,2025-05-26,CARD,SUCCESS,6373.0
PAY01814,ORD01814,2026-04-23,UPI,SUCCESS,5863.0
PAY01815,ORD01815,2025-05-30,UPI,SUCCESS,1947.0
PAY01816,ORD01816,2025-12-25,NET_BANKING,SUCCESS,12484.0
PAY01817,ORD01817,2026-05-04,UPI,SUCCESS,5889.0
PAY01818,ORD01818,2025-05-30,CARD,SUCCESS,9960.0
PAY01819,ORD01819,2026-04-05,CARD,SUCCESS,12566.0
PAY01820,ORD01820,2026-03-25,UPI,SUCCESS,10234.0
PAY01821,ORD01821,2025-06-07,CARD,SUCCESS,3881.0
PAY01822,ORD01822,2026-09-24,UPI,SUCCESS,5591.0
PAY01823,ORD01823,2025-07-18,CARD,SUCCESS,3712.0
PAY01824,ORD01824,2025-08-04,NET_BANKING,SUCCESS,529.0
PAY01825,ORD01825,2026-05-10,COD,SUCCESS,2405.0
PAY01826,ORD01826,2026-04-16,NET_BANKING,SUCCESS,5658.0
PAY01827,ORD01827,2026-07-16,UPI,SUCCESS,6738.0
PAY01828,ORD01828,2025-10-13,UPI,SUCCESS,3395.0
PAY01829,ORD01829,2025-10-06,COD,SUCCESS,4311.0
PAY01830,ORD01830,2025-09-21,CARD,SUCCESS,2176.0
PAY01831,ORD01831,2025-06-06,CARD,FAILED,8788.0
PAY01832,ORD01832,2025-03-25,UPI,SUCCESS,6687.0
PAY01833,ORD01833,2026-03-01,UPI,SUCCESS,1347.0
PAY01834,ORD01834,2025-11-12,NET_BANKING,SUCCESS,10547.0
PAY01835,ORD01835,2026-09-18,COD,SUCCESS,5010.0
PAY01836,ORD01836,2025-03-26,NET_BANKING,SUCCESS,2645.0
PAY01837,ORD01837,2026-05-20,NET_BANKING,SUCCESS,4994.0
PAY01838,ORD01838,2025-05-17,NET_BANKING,SUCCESS,8891.0
PAY01839,ORD01839,2025-06-19,NET_BANKING,FAILED,3443.0
PAY01840,ORD01840,2025-07-16,UPI,SUCCESS,10892.0
PAY01841,ORD01841,2026-09-20,CARD,REFUNDED,2345.0
PAY01842,ORD01842,2025-09-24,NET_BANKING,SUCCESS,2345.0
PAY01843,ORD01843,2025-10-18,COD,SUCCESS,4809.0
PAY01844,ORD01844,2026-06-06,NET_BANKING,SUCCESS,7139.0
PAY01845,ORD01845,2025-06-08,COD,SUCCESS,479.0
PAY01846,ORD01846,2025-04-21,UPI,SUCCESS,2026.0
PAY01847,ORD01847,2025-12-07,UPI,SUCCESS,3872.0
PAY01848,ORD01848,2026-07-20,COD,SUCCESS,8292.0
PAY01849,ORD01849,2026-02-05,UPI,SUCCESS,499.0
PAY01850,ORD01850,2025-09-16,CARD,SUCCESS,4998.0
PAY01851,ORD01851,2026-03-09,COD,SUCCESS,3095.0
PAY01852,ORD01852,2025-04-06,UPI,SUCCESS,11048.0
PAY01853,ORD01853,2025-10-12,NET_BANKING,SUCCESS,1946.0
PAY01854,ORD01854,2025-12-18,COD,SUCCESS,5389.0
PAY01855,ORD01855,2025-06-01,CARD,FAILED,12185.0
PAY01856,ORD01856,2026-03-22,NET_BANKING,SUCCESS,2345.0
PAY01857,ORD01857,2025-10-25,COD,SUCCESS,11686.0
PAY01858,ORD01858,2026-03-04,NET_BANKING,SUCCESS,8393.0
PAY01859,ORD01859,2025-09-29,NET_BANKING,SUCCESS,1398.0
PAY01860,ORD01860,2026-08-17,COD,SUCCESS,3873.0
PAY01861,ORD01861,2026-02-11,NET_BANKING,SUCCESS,1647.0
PAY01862,ORD01862,2026-07-14,COD,SUCCESS,1467.0
PAY01863,ORD01863,2026-09-07,CARD,SUCCESS,5279.0
PAY01864,ORD01864,2026-02-03,UPI,FAILED,2743.0
PAY01865,ORD01865,2025-12-03,UPI,SUCCESS,5679.0
PAY01866,ORD01866,2025-06-15,UPI,SUCCESS,2026.0
PAY01867,ORD01867,2025-10-23,NET_BANKING,SUCCESS,1098.0
PAY01868,ORD01868,2025-05-05,UPI,SUCCESS,599.0
PAY01869,ORD01869,2025-10-04,COD,SUCCESS,3996.0
PAY01870,ORD01870,2025-05-05,CARD,SUCCESS,5458.0
PAY01871,ORD01871,2025-04-05,NET_BANKING,SUCCESS,5132.0
PAY01872,ORD01872,2025-05-30,NET_BANKING,SUCCESS,2406.0
PAY01873,ORD01873,2026-02-03,COD,SUCCESS,6319.0
PAY01874,ORD01874,2026-05-11,COD,SUCCESS,998.0
PAY01875,ORD01875,2026-05-22,COD,FAILED,4442.0
PAY01876,ORD01876,2025-01-04,UPI,FAILED,897.0
PAY01877,ORD01877,2025-12-13,CARD,SUCCESS,1796.0
PAY01878,ORD01878,2025-05-18,CARD,SUCCESS,958.0
PAY01879,ORD01879,2026-05-22,NET_BANKING,SUCCESS,3984.0
PAY01880,ORD01880,2026-07-04,UPI,REFUNDED,3694.0
PAY01881,ORD01881,2025-09-22,CARD,SUCCESS,3045.0
PAY01882,ORD01882,2026-06-28,CARD,SUCCESS,6992.0
PAY01883,ORD01883,2025-04-06,COD,SUCCESS,449.0
PAY01884,ORD01884,2025-09-28,UPI,SUCCESS,11238.0
PAY01885,ORD01885,2025-03-22,CARD,SUCCESS,7739.0
PAY01886,ORD01886,2026-07-17,NET_BANKING,SUCCESS,6182.0
PAY01887,ORD01887,2025-02-11,UPI,SUCCESS,2245.0
PAY01888,ORD01888,2026-08-26,COD,SUCCESS,6687.0
PAY01889,ORD01889,2026-08-29,UPI,SUCCESS,1996.0
PAY01890,ORD01890,2026-08-06,CARD,SUCCESS,299.0
PAY01891,ORD01891,2025-08-12,NET_BANKING,SUCCESS,3643.0
PAY01892,ORD01892,2025-01-06,UPI,SUCCESS,7449.0
PAY01893,ORD01893,2025-03-02,CARD,SUCCESS,8396.0
PAY01894,ORD01894,2026-08-16,NET_BANKING,SUCCESS,3275.0
PAY01895,ORD01895,2026-09-12,CARD,FAILED,2245.0
PAY01896,ORD01896,2025-09-17,COD,SUCCESS,3794.0
PAY01897,ORD01897,2025-09-12,COD,SUCCESS,1198.0
PAY01898,ORD01898,2025-02-17,UPI,SUCCESS,5091.0
PAY01899,ORD01899,2025-01-15,NET_BANKING,SUCCESS,3254.0
PAY01900,ORD01900,2026-02-25,UPI,FAILED,3932.0
PAY01901,ORD01901,2025-07-12,COD,SUCCESS,7403.0
PAY01902,ORD01902,2025-09-16,NET_BANKING,SUCCESS,9006.0
PAY01903,ORD01903,2025-04-24,UPI,SUCCESS,7294.0
PAY01904,ORD01904,2025-01-15,CARD,SUCCESS,1916.0
PAY01905,ORD01905,2025-11-07,UPI,SUCCESS,7067.0
PAY01906,ORD01906,2026-03-25,CARD,SUCCESS,1998.0
PAY01907,ORD01907,2026-05-13,NET_BANKING,SUCCESS,4892.0
PAY01908,ORD01908,2025-04-12,COD,SUCCESS,3243.0
PAY01909,ORD01909,2025-10-17,CARD,SUCCESS,6490.0
PAY01910,ORD01910,2026-06-27,UPI,SUCCESS,9573.0
PAY01911,ORD01911,2025-01-02,COD,SUCCESS,3643.0
PAY01912,ORD01912,2025-10-06,UPI,SUCCESS,8067.0
PAY01913,ORD01913,2025-07-20,UPI,SUCCESS,5191.0
PAY01914,ORD01914,2025-12-08,COD,SUCCESS,5080.0
PAY01915,ORD01915,2025-02-14,CARD,SUCCESS,7537.0
PAY01916,ORD01916,2025-08-08,NET_BANKING,SUCCESS,1497.0
PAY01917,ORD01917,2026-08-25,UPI,SUCCESS,2484.0
PAY01918,ORD01918,2025-08-31,NET_BANKING,FAILED,2997.0
PAY01919,ORD01919,2026-09-05,NET_BANKING,SUCCESS,3842.0
PAY01920,ORD01920,2025-01-07,NET_BANKING,SUCCESS,5940.0
PAY01921,ORD01921,2025-08-23,COD,SUCCESS,4840.0
PAY01922,ORD01922,2025-06-18,NET_BANKING,SUCCESS,1495.0
PAY01923,ORD01923,2025-10-09,CARD,SUCCESS,1597.0
PAY01924,ORD01924,2025-08-03,UPI,SUCCESS,4369.0
PAY01925,ORD01925,2025-02-02,COD,SUCCESS,2543.0
PAY01926,ORD01926,2025-03-06,NET_BANKING,SUCCESS,1367.0
PAY01927,ORD01927,2025-02-05,COD,SUCCESS,6711.0
PAY01928,ORD01928,2026-03-22,CARD,SUCCESS,5740.0
PAY01929,ORD01929,2026-06-28,COD,SUCCESS,12485.0
PAY01930,ORD01930,2026-04-05,NET_BANKING,SUCCESS,6661.0
PAY01931,ORD01931,2026-01-20,NET_BANKING,SUCCESS,8000.0
PAY01932,ORD01932,2025-04-26,COD,SUCCESS,6690.0
PAY01933,ORD01933,2025-08-26,UPI,SUCCESS,9990.0
PAY01934,ORD01934,2025-03-17,COD,SUCCESS,2245.0
PAY01935,ORD01935,2025-04-06,UPI,SUCCESS,5401.0
PAY01936,ORD01936,2025-07-30,CARD,SUCCESS,1994.0
PAY01937,ORD01937,2026-03-29,CARD,SUCCESS,1497.0
PAY01938,ORD01938,2025-06-18,CARD,SUCCESS,2997.0
PAY01939,ORD01939,2025-02-01,NET_BANKING,SUCCESS,5494.0
PAY01940,ORD01940,2025-07-14,NET_BANKING,REFUNDED,2345.0
PAY01941,ORD01941,2026-01-16,COD,SUCCESS,998.0
PAY01942,ORD01942,2025-11-17,COD,FAILED,4995.0
PAY01943,ORD01943,2025-10-24,UPI,SUCCESS,6248.0
PAY01944,ORD01944,2026-05-04,COD,SUCCESS,1058.0
PAY01945,ORD01945,2025-10-23,NET_BANKING,SUCCESS,1796.0
PAY01946,ORD01946,2025-02-11,UPI,SUCCESS,8750.0
PAY01947,ORD01947,2025-12-16,NET_BANKING,SUCCESS,5050.0
PAY01948,ORD01948,2026-02-27,COD,FAILED,3413.0
PAY01949,ORD01949,2025-06-24,CARD,SUCCESS,8980.0
PAY01950,ORD01950,2025-09-04,COD,SUCCESS,7636.0
PAY01951,ORD01951,2025-03-04,COD,SUCCESS,1499.0
PAY01952,ORD01952,2026-02-06,COD,SUCCESS,7495.0
PAY01953,ORD01953,2026-06-26,UPI,FAILED,5689.0
PAY01954,ORD01954,2025-09-12,UPI,SUCCESS,7270.0
PAY01955,ORD01955,2025-03-09,CARD,SUCCESS,7195.0
PAY01956,ORD01956,2025-11-01,CARD,SUCCESS,4345.0
PAY01957,ORD01957,2026-06-26,CARD,SUCCESS,1947.0
PAY01958,ORD01958,2026-04-19,UPI,SUCCESS,4720.0
PAY01959,ORD01959,2026-02-17,COD,SUCCESS,2963.0
PAY01960,ORD01960,2025-01-24,NET_BANKING,SUCCESS,15582.0
PAY01961,ORD01961,2025-01-24,CARD,SUCCESS,898.0
PAY01962,ORD01962,2026-05-28,CARD,SUCCESS,4820.0
PAY01963,ORD01963,2025-12-15,NET_BANKING,FAILED,2097.0
PAY01964,ORD01964,2025-07-29,UPI,SUCCESS,4395.0
PAY01965,ORD01965,2026-06-23,NET_BANKING,SUCCESS,8092.0
PAY01966,ORD01966,2025-04-15,UPI,SUCCESS,6507.0
PAY01967,ORD01967,2026-08-31,CARD,SUCCESS,3334.0
PAY01968,ORD01968,2025-11-27,COD,SUCCESS,5996.0
PAY01969,ORD01969,2025-02-05,NET_BANKING,FAILED,7495.0
PAY01970,ORD01970,2026-06-02,COD,SUCCESS,6786.0
PAY01971,ORD01971,2026-06-22,COD,SUCCESS,2998.0
PAY01972,ORD01972,2025-01-28,CARD,SUCCESS,479.0
PAY01973,ORD01973,2026-03-01,COD,SUCCESS,3974.0
PAY01974,ORD01974,2026-01-22,NET_BANKING,SUCCESS,6539.0
PAY01975,ORD01975,2025-08-07,NET_BANKING,SUCCESS,4631.0
PAY01976,ORD01976,2025-05-07,COD,SUCCESS,4672.0
PAY01977,ORD01977,2026-05-04,UPI,SUCCESS,958.0
PAY01978,ORD01978,2026-02-22,NET_BANKING,SUCCESS,5390.0
PAY01979,ORD01979,2025-03-17,UPI,SUCCESS,3295.0
PAY01980,ORD01980,2025-02-07,NET_BANKING,SUCCESS,4702.0
PAY01981,ORD01981,2025-01-22,COD,SUCCESS,4721.0
PAY01982,ORD01982,2025-04-09,UPI,SUCCESS,1448.0
PAY01983,ORD01983,2025-07-17,CARD,SUCCESS,978.0
PAY01984,ORD01984,2026-02-04,UPI,SUCCESS,699.0
PAY01985,ORD01985,2025-06-07,CARD,SUCCESS,898.0
PAY01986,ORD01986,2025-06-29,NET_BANKING,SUCCESS,6790.0
PAY01987,ORD01987,2025-07-07,COD,SUCCESS,1876.0
PAY01988,ORD01988,2026-07-29,CARD,FAILED,4192.0
PAY01989,ORD01989,2025-02-11,CARD,SUCCESS,10449.0
PAY01990,ORD01990,2025-11-02,NET_BANKING,SUCCESS,1896.0
PAY01991,ORD01991,2026-01-19,COD,SUCCESS,499.0
PAY01992,ORD01992,2026-01-15,UPI,SUCCESS,479.0
PAY01993,ORD01993,2026-01-13,UPI,SUCCESS,2997.0
PAY01994,ORD01994,2026-08-11,COD,FAILED,1996.0
PAY01995,ORD01995,2026-08-20,NET_BANKING,SUCCESS,12901.0
PAY01996,ORD01996,2026-01-20,CARD,FAILED,7136.0
PAY01997,ORD01997,2026-06-19,NET_BANKING,SUCCESS,3891.0
PAY01998,ORD01998,2026-08-02,COD,SUCCESS,4995.0
PAY01999,ORD01999,2025-11-14,UPI,SUCCESS,1727.0
PAY02000,ORD02000,2025-08-17,UPI,FAILED,6241.0
